Timestamp,Compressor_ID,Running_Status,Current_A,Power_kW,Pressure_bar,Flow_m3h,Temperature_C,Load_Percent
2026-01-02 05:00:00,CP-01,Running,55.51,26.85,6.89,428.36,31.79,84.21
2026-02-09 10:00:00,CP-04,Running,45.56,19.46,6.58,290.84,30.81,55.6
2026-02-23 03:00:00,CP-03,Running,57.33,29.0,7.09,435.14,31.59,86.93
2026-03-09 02:00:00,CP-03,Running,56.61,28.18,6.99,414.88,31.49,79.24
2026-03-08 12:00:00,CP-03,Running,55.28,27.22,6.89,400.06,29.12,74.14
2026-01-23 05:00:00,CP-04,Running,49.67,21.79,6.79,342.93,31.33,67.5
2026-01-22 06:00:00,CP-04,Running,50.49,22.06,6.77,320.92,31.29,65.62
2026-03-07 23:00:00,CP-04,Running,47.3,20.25,6.64,308.39,29.29,56.61
2026-01-09 16:00:00,CP-05,Running,47.92,24.1,6.78,359.54,28.84,66.57
2026-03-31 06:00:00,CP-05,Running,59.96,31.7,7.16,449.44,31.58,89.91
2026-01-01 19:00:00,CP-02,Running,46.87,20.77,6.56,292.12,28.47,57.79
2026-02-01 14:00:00,CP-03,Running,55.72,27.47,6.73,360.39,29.79,74.8
2026-01-06 23:00:00,CP-04,Running,46.98,20.21,6.64,312.9,28.57,58.53
2026-01-27 20:00:00,CP-03,Running,50.93,24.52,6.74,347.74,27.6,63.9
2026-03-19 06:00:00,CP-05,Running,59.02,31.03,7.28,417.56,31.01,87.35
2026-02-08 23:00:00,CP-02,Running,46.78,21.07,6.61,345.21,29.96,65.2
2026-03-19 08:00:00,CP-05,Running,58.82,31.1,7.23,458.92,31.59,90.02
2026-01-09 12:00:00,CP-04,Running,45.74,19.78,6.55,336.13,28.55,61.0
2026-03-01 15:00:00,CP-04,Running,45.25,19.34,6.59,287.07,28.22,55.79
2026-02-03 08:00:00,CP-05,Running,58.7,31.18,7.27,506.65,32.98,92.17
2026-03-28 04:00:00,CP-02,Running,54.13,24.59,6.75,337.31,30.64,69.14
2026-03-16 15:00:00,CP-02,Running,50.72,22.67,6.65,306.71,29.4,61.77
2026-03-03 17:00:00,CP-03,Running,51.08,24.67,6.67,338.47,28.55,65.2
2026-01-04 17:00:00,CP-03,Running,48.62,23.6,6.84,347.37,28.43,67.63
2026-01-01 10:00:00,CP-02,Running,49.72,22.49,6.8,352.75,31.48,67.23
2026-03-05 20:00:00,CP-04,Running,50.69,21.7,6.35,308.93,27.16,56.5
2026-03-12 01:00:00,CP-03,Running,54.77,27.13,6.86,437.15,31.73,76.88
2026-02-08 16:00:00,CP-02,Running,51.69,23.33,6.5,359.7,27.92,66.22
2026-02-06 07:00:00,CP-01,Running,53.65,25.56,7.06,418.94,33.6,77.15
2026-01-21 11:00:00,CP-05,Running,56.54,29.78,7.12,420.61,30.02,88.08
2026-03-27 01:00:00,CP-01,Running,51.45,24.31,6.87,349.7,30.41,73.17
2026-02-25 08:00:00,CP-01,Running,55.24,26.27,7.05,374.19,31.48,76.27
2026-03-27 13:00:00,CP-05,Running,53.14,27.13,6.79,363.7,30.37,73.51
2026-03-16 23:00:00,CP-04,Stopped,29.6,11.17,6.57,18.66,26.2,3.73
2026-02-11 21:00:00,CP-03,Running,50.97,24.85,6.78,366.82,30.11,69.6
2026-01-16 12:00:00,CP-01,Running,52.33,24.54,6.79,351.77,28.99,69.73
2026-01-04 23:00:00,CP-04,Running,48.16,20.78,6.63,327.93,29.16,59.94
2026-03-10 02:00:00,CP-03,Running,50.31,24.46,6.94,354.81,30.52,68.27
2026-02-20 16:00:00,CP-01,Running,50.68,23.69,6.74,346.22,26.99,68.35
2026-01-05 14:00:00,CP-02,Running,50.81,23.08,6.68,340.42,29.71,69.07
2026-03-25 06:00:00,CP-05,Running,55.45,28.61,7.19,372.93,30.96,78.43
2026-02-05 05:00:00,CP-01,Running,54.94,25.97,6.98,377.2,32.7,73.47
2026-02-07 01:00:00,CP-02,Running,54.81,24.98,6.65,358.94,31.39,70.6
2026-01-08 02:00:00,CP-04,Running,52.28,23.0,6.76,367.79,30.79,68.88
2026-02-26 08:00:00,CP-02,Running,54.62,25.19,6.84,395.53,32.53,76.16
2026-01-19 18:00:00,CP-02,Running,50.02,22.14,6.49,283.87,28.19,57.35
2026-01-26 06:00:00,CP-05,Running,58.86,30.94,7.17,429.92,31.52,87.13
2026-02-02 18:00:00,CP-01,Running,46.81,21.5,6.59,309.35,29.17,60.25
2026-01-06 04:00:00,CP-04,Running,51.03,22.25,6.67,322.55,31.36,64.76
2026-02-07 00:00:00,CP-04,Running,49.99,21.74,6.63,348.27,29.07,63.66
2026-01-21 13:00:00,CP-05,Running,49.32,25.17,6.78,359.28,28.94,73.19
2026-01-30 00:00:00,CP-02,Running,52.87,24.14,6.71,389.94,29.35,71.62
2026-01-19 22:00:00,CP-01,Running,51.48,24.15,6.83,353.41,29.06,70.01
2026-01-17 10:00:00,CP-01,Running,50.05,23.24,6.93,342.09,31.63,65.32
2026-02-23 13:00:00,CP-03,Running,50.05,24.16,6.89,334.35,29.79,65.05
2026-01-13 03:00:00,CP-04,Running,51.51,22.38,6.59,346.83,30.52,63.13
2026-03-15 08:00:00,CP-04,Running,54.46,23.96,6.77,345.59,32.14,68.88
2026-03-01 23:00:00,CP-05,Running,55.74,28.84,6.98,399.04,29.52,79.74
2026-01-18 05:00:00,CP-03,Running,57.01,28.87,6.96,440.63,32.73,87.35
2026-02-22 09:00:00,CP-02,Running,50.64,22.96,6.9,333.12,31.32,68.36
2026-02-16 08:00:00,CP-02,Running,52.74,24.0,6.95,340.17,31.79,70.07
2026-03-30 01:00:00,CP-04,Running,52.24,22.88,6.69,355.17,31.29,66.75
2026-01-21 22:00:00,CP-04,Running,44.98,19.23,6.39,274.33,28.79,56.04
2026-02-04 22:00:00,CP-04,Running,45.68,19.6,6.51,312.63,30.36,57.64
2026-01-30 18:00:00,CP-05,Running,52.69,26.93,6.83,387.91,28.18,74.0
2026-03-02 18:00:00,CP-03,Running,54.79,26.78,6.54,362.87,28.54,70.72
2026-03-15 23:00:00,CP-05,Running,54.56,28.23,6.94,402.0,29.63,79.63
2026-01-16 23:00:00,CP-03,Running,49.82,24.24,6.96,346.27,30.25,68.71
2026-02-14 08:00:00,CP-01,Running,51.08,24.39,7.01,393.37,31.76,78.09
2026-03-08 04:00:00,CP-04,Running,51.54,22.57,6.66,355.72,29.17,66.74
2026-03-12 12:00:00,CP-01,Running,49.04,22.99,6.86,376.79,28.98,69.5
2026-01-01 21:00:00,CP-01,Running,46.58,21.35,6.71,314.2,26.75,59.36
2026-02-27 11:00:00,CP-04,Running,45.05,19.21,6.57,286.78,30.1,54.81
2026-01-12 16:00:00,CP-02,Running,49.28,21.89,6.61,314.6,29.11,58.96
2026-01-06 01:00:00,CP-03,Running,56.55,28.03,6.88,414.78,29.09,77.2
2026-01-11 01:00:00,CP-05,Running,58.35,30.63,6.93,446.36,30.5,86.61
2026-03-10 12:00:00,CP-05,Running,54.72,28.33,7.02,427.51,31.81,79.98
2026-01-10 05:00:00,CP-03,Running,59.12,29.94,6.93,475.66,31.66,87.39
2026-03-28 23:00:00,CP-04,Running,52.77,22.99,6.51,331.57,28.99,64.43
2026-03-13 10:00:00,CP-01,Running,54.88,26.08,6.85,409.51,31.81,75.9
2026-01-08 22:00:00,CP-01,Running,50.27,23.38,6.61,348.2,30.26,66.08
2026-02-15 21:00:00,CP-03,Running,48.38,23.45,6.88,316.1,28.82,66.93
2026-03-19 00:00:00,CP-03,Running,53.08,26.17,7.01,379.71,30.67,74.84
2026-02-24 15:00:00,CP-02,Running,47.31,21.21,6.65,303.48,28.87,63.06
2026-02-16 16:00:00,CP-03,Running,54.89,26.94,6.85,369.96,28.23,72.66
2026-02-26 00:00:00,CP-01,Running,49.27,23.0,6.68,352.41,29.38,67.64
2026-01-08 07:00:00,CP-05,Running,56.68,29.54,7.23,448.08,32.25,83.04
2026-02-24 08:00:00,CP-02,Running,51.57,23.43,6.9,331.44,31.82,69.24
2026-01-30 21:00:00,CP-01,Stopped,28.88,11.5,6.61,2.58,26.46,0.48
2026-03-09 21:00:00,CP-05,Running,49.69,25.01,7.05,344.19,30.67,66.92
2026-01-10 23:00:00,CP-01,Running,47.49,21.92,6.64,322.61,28.03,62.6
2026-02-14 13:00:00,CP-01,Running,50.62,23.68,6.86,343.54,29.09,68.69
2026-01-03 20:00:00,CP-03,Running,48.8,23.5,6.8,347.36,27.86,63.98
2026-02-24 06:00:00,CP-02,Running,54.67,25.32,6.92,397.73,30.63,78.24
2026-03-09 09:00:00,CP-03,Running,53.22,26.18,6.99,387.8,30.44,73.78
2026-01-07 06:00:00,CP-05,Running,59.5,31.35,7.14,476.7,32.73,88.3
2026-02-27 19:00:00,CP-01,Running,51.71,23.95,6.69,299.34,29.18,64.13
2026-03-30 04:00:00,CP-01,Running,53.98,25.49,6.96,377.61,31.55,73.01
2026-03-31 08:00:00,CP-01,Running,52.65,25.15,6.96,383.35,32.73,78.36
2026-03-01 05:00:00,CP-05,Running,54.81,28.68,7.1,439.49,31.91,84.94
2026-01-15 07:00:00,CP-01,Running,54.12,26.09,6.89,405.42,32.52,82.66
2026-01-29 05:00:00,CP-04,Stopped,30.19,11.46,6.63,27.95,29.43,6.02
2026-03-02 03:00:00,CP-01,Running,52.86,25.22,6.87,418.29,30.33,77.81
2026-03-06 11:00:00,CP-03,Running,52.16,25.86,6.84,410.71,30.78,77.33
2026-01-03 22:00:00,CP-05,Running,52.47,26.7,6.94,367.1,30.25,71.9
2026-02-10 21:00:00,CP-04,Running,46.7,20.01,6.53,273.67,26.62,57.02
2026-01-30 06:00:00,CP-01,Running,54.61,25.82,7.01,375.72,32.12,73.6
2026-01-02 13:00:00,CP-04,Running,48.45,21.04,6.58,323.05,29.49,63.05
2026-02-08 17:00:00,CP-04,Running,44.01,18.69,6.38,270.46,26.67,52.85
2026-03-17 07:00:00,CP-01,Running,50.43,23.91,6.9,357.18,31.47,74.82
2026-03-04 05:00:00,CP-01,Running,57.79,28.12,7.03,448.71,32.08,87.04
2026-01-02 17:00:00,CP-01,Running,48.14,22.02,6.8,305.04,27.43,58.4
2026-03-03 02:00:00,CP-02,Running,52.33,23.87,6.81,372.48,30.59,71.01
2026-03-14 23:00:00,CP-05,Running,51.36,26.16,6.79,341.1,29.46,72.37
2026-02-02 06:00:00,CP-04,Running,52.5,23.06,6.72,352.17,29.8,68.17
2026-01-21 15:00:00,CP-04,Stopped,30.24,11.49,6.46,31.6,25.74,6.38
2026-01-22 10:00:00,CP-04,Running,48.11,20.85,6.7,291.23,28.9,61.93
2026-01-29 12:00:00,CP-02,Running,51.65,23.45,6.64,349.43,29.37,68.91
2026-03-08 02:00:00,CP-03,Running,53.95,26.57,7.18,389.05,28.95,74.26
2026-03-17 21:00:00,CP-01,Stopped,30.54,12.33,6.75,30.02,25.81,5.93
2026-02-07 18:00:00,CP-01,Running,49.61,22.75,6.73,308.22,28.41,59.51
2026-02-04 07:00:00,CP-05,Running,55.51,29.21,7.14,444.82,32.4,87.68
2026-03-21 01:00:00,CP-04,Running,48.01,20.98,6.56,329.87,29.85,65.8
2026-02-14 00:00:00,CP-05,Running,55.88,29.16,6.87,444.73,31.12,83.76
2026-01-16 11:00:00,CP-04,Running,48.4,20.97,6.56,,29.44,61.98
2026-01-24 11:00:00,CP-05,Running,57.04,29.48,7.0,386.97,32.4,79.15
2026-02-13 06:00:00,CP-05,Running,57.18,29.94,7.18,443.05,31.59,85.24
2026-03-15 16:00:00,CP-02,Running,44.4,19.55,6.52,284.22,27.46,54.92
2026-01-20 18:00:00,CP-01,Stopped,31.36,12.57,6.48,13.91,24.94,2.89
2026-01-11 00:00:00,CP-05,Running,50.94,26.2,7.0,414.85,31.03,76.88
2026-02-02 02:00:00,CP-01,Running,56.67,26.82,6.82,386.27,29.26,74.06
2026-01-06 17:00:00,CP-02,Running,44.03,19.17,6.58,270.05,29.34,50.04
2026-02-16 10:00:00,CP-01,Running,53.75,25.44,6.97,361.38,30.36,73.96
2026-03-31 12:00:00,CP-03,Running,46.98,23.02,6.77,365.64,29.66,71.92
2026-02-19 21:00:00,CP-02,Running,45.85,20.14,6.56,252.04,27.93,53.88
2026-01-12 02:00:00,CP-05,Running,55.96,29.12,7.02,417.85,29.93,82.42
2026-02-23 23:00:00,CP-05,Running,53.68,27.44,6.88,363.72,29.81,74.02
2026-01-30 10:00:00,CP-03,Running,53.03,26.22,6.93,406.28,30.45,76.02
2026-03-05 13:00:00,CP-04,Running,46.58,20.07,6.58,308.67,29.47,59.32
2026-01-25 19:00:00,CP-05,Running,50.51,25.38,6.89,313.24,29.2,66.1
2026-01-25 16:00:00,CP-04,Running,48.87,20.79,6.47,256.36,28.23,53.81
2026-02-03 16:00:00,CP-01,Stopped,29.04,11.73,6.77,29.93,27.11,5.88
2026-03-17 02:00:00,CP-05,Running,56.23,29.05,7.04,389.36,30.79,78.95
2026-02-12 13:00:00,CP-02,Running,51.67,22.98,6.51,307.36,28.97,59.64
2026-02-27 00:00:00,CP-03,Running,56.04,27.89,6.79,400.16,29.55,79.19
2026-03-16 11:00:00,CP-05,Stopped,27.23,11.71,6.98,2.16,28.64,0.42
2026-02-22 16:00:00,CP-03,Running,52.9,25.73,6.65,325.11,28.39,68.52
2026-02-01 22:00:00,CP-04,Running,46.52,20.01,6.5,285.77,28.52,58.67
2026-02-17 15:00:00,CP-02,Running,46.44,20.67,6.72,288.69,28.18,59.87
2026-01-16 18:00:00,CP-03,Running,47.97,23.1,6.67,327.8,27.61,63.98
2026-01-19 13:00:00,CP-03,Stopped,27.55,11.48,6.96,14.19,28.3,2.92
2026-01-04 01:00:00,CP-04,Running,50.67,22.04,6.76,341.62,29.96,63.55
2026-03-08 20:00:00,CP-04,Running,45.18,18.99,6.43,252.5,28.24,48.41
2026-01-25 23:00:00,CP-02,Running,54.02,24.73,6.73,359.56,29.2,72.73
2026-02-25 13:00:00,CP-02,Running,48.46,21.73,6.61,318.3,29.84,63.31
2026-03-30 08:00:00,CP-02,Running,54.86,25.44,6.72,402.13,31.78,78.77
2026-02-08 04:00:00,CP-02,Stopped,29.78,11.71,6.87,37.33,29.23,7.27
2026-02-14 10:00:00,CP-04,Stopped,31.05,11.62,6.71,1.13,27.73,0.23
2026-01-08 01:00:00,CP-01,Running,54.41,25.71,6.8,406.64,30.81,73.28
2026-02-05 22:00:00,CP-03,Running,52.78,25.71,6.87,365.79,28.1,69.24
2026-02-25 12:00:00,CP-03,Running,52.44,25.81,6.97,384.63,31.19,74.1
2026-01-18 23:00:00,CP-03,Running,52.9,25.85,6.85,349.52,29.85,70.63
2026-01-31 10:00:00,CP-02,Running,49.96,22.27,6.92,307.63,28.77,60.48
2026-03-20 08:00:00,CP-04,Running,53.19,23.51,6.75,383.02,31.1,70.95
2026-01-28 21:00:00,CP-01,Running,48.95,23.02,6.64,346.58,27.53,71.16
2026-01-07 23:00:00,CP-01,Stopped,28.41,11.31,6.83,2.76,26.52,0.5
2026-01-07 13:00:00,CP-03,Running,50.02,24.46,6.86,378.11,29.57,71.04
2026-01-08 10:00:00,CP-05,Running,57.61,29.79,7.07,418.0,30.61,79.46
2026-02-18 22:00:00,CP-03,Running,50.69,24.59,6.77,323.62,27.68,67.38
2026-01-11 07:00:00,CP-03,Running,55.35,27.35,7.06,421.45,31.27,75.81
2026-01-19 06:00:00,CP-01,Stopped,31.25,12.61,6.9,29.28,28.92,5.65
2026-02-17 22:00:00,CP-04,Running,46.69,20.11,6.47,292.28,28.86,59.2
2026-03-08 04:00:00,CP-01,Running,53.64,25.43,6.84,405.17,32.9,74.75
2026-01-04 11:00:00,CP-02,Running,51.76,23.5,6.74,360.78,30.65,68.9
2026-01-18 08:00:00,CP-04,Running,50.12,21.97,6.77,341.77,29.46,67.24
2026-03-03 14:00:00,CP-02,Running,50.69,22.62,6.55,326.89,29.27,61.04
2026-03-10 14:00:00,CP-01,Running,49.53,22.84,6.86,336.03,28.42,62.08
2026-03-03 12:00:00,CP-02,Running,44.26,19.51,6.61,288.75,29.43,55.62
2026-01-24 22:00:00,CP-04,Running,44.89,19.24,6.6,280.55,28.42,57.13
2026-02-25 16:00:00,CP-03,Running,50.03,24.36,6.72,340.34,28.91,68.95
2026-03-24 13:00:00,CP-04,Running,48.61,20.85,6.51,293.86,30.35,57.36
2026-01-10 03:00:00,CP-04,Running,53.45,23.4,6.59,351.18,30.28,66.56
2026-03-10 14:00:00,CP-02,Running,47.35,20.97,6.59,310.3,29.62,57.56
2026-02-13 19:00:00,CP-04,Running,49.35,21.13,6.42,289.44,26.6,56.49
2026-03-07 22:00:00,CP-05,Running,53.5,27.67,6.97,442.11,29.04,79.55
2026-03-28 00:00:00,CP-04,Running,49.2,21.23,6.65,296.02,29.93,59.99
2026-01-11 03:00:00,CP-01,Running,53.65,25.51,6.78,409.1,30.86,76.13
2026-03-11 03:00:00,CP-04,Running,50.61,22.2,6.85,352.6,32.94,67.46
2026-01-23 11:00:00,CP-03,Running,52.89,25.97,6.96,362.1,30.96,72.8
2026-02-24 05:00:00,CP-04,Running,49.06,21.4,6.67,319.32,30.05,65.0
2026-02-18 22:00:00,CP-01,Running,50.29,23.43,6.71,334.34,29.36,66.78
2026-03-20 06:00:00,CP-03,Running,52.7,26.18,7.2,430.4,30.62,78.38
2026-03-02 10:00:00,CP-01,Running,53.49,25.57,6.85,417.87,30.4,78.69
2026-03-09 12:00:00,CP-04,Running,47.4,20.58,6.6,352.24,29.46,62.96
2026-01-04 20:00:00,CP-03,Stopped,25.89,10.77,6.61,11.04,25.87,2.08
2026-02-25 04:00:00,CP-03,Running,58.33,29.15,7.15,399.49,31.84,81.0
2026-03-02 08:00:00,CP-01,Running,55.6,26.91,6.94,438.27,34.07,84.52
2026-02-06 11:00:00,CP-03,Running,54.58,26.93,6.94,401.08,32.22,75.08
2026-01-25 10:00:00,CP-02,Running,52.2,24.03,6.72,392.74,31.42,75.35
2026-01-04 18:00:00,CP-02,Running,48.05,21.18,6.62,304.63,27.09,55.53
2026-02-19 05:00:00,CP-03,Running,57.09,28.3,6.96,387.01,32.4,77.26
2026-03-13 09:00:00,CP-01,Running,58.33,27.86,6.89,433.34,32.5,78.29
2026-03-31 00:00:00,CP-05,Running,51.76,26.41,7.14,343.37,28.9,73.14
2026-02-13 02:00:00,CP-03,Running,52.67,26.05,6.95,390.13,30.87,76.18
2026-02-09 02:00:00,CP-02,Running,54.27,24.55,6.74,367.69,30.52,67.18
2026-02-05 14:00:00,CP-01,Running,48.0,22.38,6.75,358.99,28.45,67.02
2026-03-01 20:00:00,CP-05,Running,51.88,26.28,6.98,351.6,29.51,69.74
2026-01-11 19:00:00,CP-01,Running,46.85,21.67,6.68,355.9,27.49,63.51
2026-01-25 20:00:00,CP-03,Running,49.64,23.96,6.99,309.48,31.11,65.07
2026-02-19 15:00:00,CP-01,Running,51.18,23.97,6.65,342.32,28.17,69.2
2026-02-21 03:00:00,CP-02,Running,55.48,25.61,6.95,384.43,31.28,76.53
2026-02-04 18:00:00,CP-04,Running,48.03,20.4,6.4,276.75,27.99,52.97
2026-01-09 01:00:00,CP-01,Running,51.79,24.44,6.92,386.0,28.62,72.68
2026-02-15 08:00:00,CP-05,Running,55.45,29.05,7.16,423.66,31.9,85.57
2026-01-18 12:00:00,CP-03,Running,54.87,26.8,6.91,347.81,30.9,70.46
2026-02-10 22:00:00,CP-05,Running,51.05,25.89,6.94,368.65,30.19,70.39
2026-03-03 06:00:00,CP-05,Running,55.9,29.01,7.18,420.09,31.87,81.12
2026-01-30 09:00:00,CP-01,Running,48.97,22.86,7.01,350.7,29.84,67.58
2026-03-13 05:00:00,CP-01,Running,57.86,27.93,6.98,423.73,33.59,83.26
2026-01-20 01:00:00,CP-03,Running,52.58,26.05,6.96,372.5,31.65,77.11
2026-03-22 08:00:00,CP-05,Running,58.47,30.84,7.12,420.33,33.79,88.77
2026-03-04 22:00:00,CP-04,Running,49.87,21.26,6.56,288.79,30.57,54.62
2026-01-06 07:00:00,CP-03,Running,53.75,26.97,7.05,442.59,32.82,83.06
2026-03-08 07:00:00,CP-02,Running,49.83,22.72,6.82,362.0,31.78,70.94
2026-02-18 17:00:00,CP-05,Running,52.03,26.47,6.92,353.39,29.44,71.82
2026-01-20 22:00:00,CP-04,Stopped,25.63,9.65,6.5,14.04,27.78,2.84
2026-03-16 17:00:00,CP-02,Running,50.7,22.77,6.47,339.88,29.49,63.87
2026-03-21 13:00:00,CP-02,Running,53.9,24.43,6.64,327.93,28.98,68.19
2026-02-26 12:00:00,CP-05,Running,53.55,27.17,6.88,332.59,30.16,70.59
2026-02-05 12:00:00,CP-03,Running,51.63,25.45,6.98,389.49,29.25,74.77
2026-03-11 01:00:00,CP-02,Running,50.46,23.06,6.71,374.47,30.64,71.9
2026-01-26 07:00:00,CP-03,Running,56.69,28.52,6.92,411.53,32.51,84.22
2026-02-01 17:00:00,CP-05,Running,53.69,27.72,6.84,409.77,30.12,78.8
2026-01-13 13:00:00,CP-04,Running,48.39,20.84,6.62,307.61,30.69,59.27
2026-03-27 03:00:00,CP-01,Running,55.94,26.59,6.87,,31.91,76.07
2026-02-21 02:00:00,CP-05,Running,55.01,28.17,7.19,367.66,32.04,74.86
2026-03-28 00:00:00,CP-05,Running,52.89,27.23,7.1,392.74,29.54,77.42
2026-02-21 23:00:00,CP-03,Running,54.28,26.73,6.89,394.68,30.08,74.3
2026-03-25 07:00:00,CP-05,Running,56.74,29.92,7.18,434.12,32.73,88.66
2026-01-28 05:00:00,CP-05,Running,55.36,28.9,7.17,418.87,33.89,83.85
2026-02-22 03:00:00,CP-02,Running,50.92,23.14,6.9,331.88,30.95,69.36
2026-01-27 15:00:00,CP-05,Running,51.39,26.08,6.91,360.99,29.44,70.74
2026-02-02 18:00:00,CP-03,Running,50.34,24.36,6.8,362.97,28.65,66.06
2026-01-27 20:00:00,CP-05,Running,51.98,26.61,6.85,355.38,28.76,74.64
2026-01-08 11:00:00,CP-02,Running,53.56,24.31,6.8,342.36,30.56,68.67
2026-02-05 13:00:00,CP-01,Running,52.61,24.91,6.73,395.05,28.49,74.22
2026-01-17 17:00:00,CP-02,Running,51.62,23.24,6.56,327.57,27.09,65.14
2026-03-04 01:00:00,CP-03,Running,53.8,26.74,6.91,406.01,31.03,78.58
2026-03-11 04:00:00,CP-05,Running,55.47,29.26,6.96,460.48,31.27,88.86
2026-01-25 01:00:00,CP-05,Running,55.48,28.66,7.01,,31.41,78.94
2026-01-05 23:00:00,CP-01,Running,49.03,22.74,6.72,334.9,29.42,64.71
2026-03-04 17:00:00,CP-05,Running,49.21,24.67,6.75,341.82,28.55,65.11
2026-03-17 05:00:00,CP-03,Running,56.07,28.02,7.11,405.99,32.6,81.07
2026-02-03 12:00:00,CP-04,Running,51.21,22.05,6.63,318.89,30.07,59.03
2026-03-05 01:00:00,CP-05,Running,51.78,26.39,7.05,379.27,31.16,72.64
2026-03-31 03:00:00,CP-02,Running,50.29,23.06,6.7,376.73,31.04,73.33
2026-01-07 02:00:00,CP-02,Running,49.83,22.37,6.54,345.48,31.0,63.83
2026-01-26 00:00:00,CP-01,Running,51.0,23.83,6.86,357.65,28.83,68.1
2026-01-04 09:00:00,CP-03,Running,55.95,27.81,6.97,399.99,31.28,78.54
2026-03-15 14:00:00,CP-04,Running,47.15,20.14,6.72,285.4,28.19,55.5
2026-03-21 05:00:00,CP-03,Running,56.74,28.33,6.89,394.35,31.3,80.75
2026-03-19 02:00:00,CP-01,Running,55.21,26.33,6.75,398.25,32.19,77.47
2026-01-28 16:00:00,CP-03,Running,49.44,23.83,6.76,330.3,27.5,64.36
2026-02-06 09:00:00,CP-04,Running,49.02,21.51,6.74,374.88,30.43,67.65
2026-03-16 09:00:00,CP-01,Running,53.33,25.24,6.93,385.48,30.87,74.1
2026-01-26 02:00:00,CP-05,Running,58.46,30.2,6.99,400.35,31.34,78.92
2026-01-22 00:00:00,CP-04,Running,50.95,22.03,6.59,297.3,29.76,61.1
2026-02-13 19:00:00,CP-01,Running,48.79,22.47,6.7,316.9,29.66,61.44
2026-02-26 20:00:00,CP-01,Running,49.16,22.62,6.76,300.28,28.4,61.19
2026-02-25 04:00:00,CP-02,Running,53.17,24.35,6.92,360.23,31.12,72.93
2026-02-05 16:00:00,CP-02,Running,47.9,21.15,6.63,286.4,27.92,56.22
2026-03-23 01:00:00,CP-01,Running,56.18,26.58,6.96,376.37,31.15,73.86
2026-01-01 02:00:00,CP-02,Running,52.85,24.12,6.8,357.8,32.18,71.19
2026-03-26 20:00:00,CP-01,Running,49.03,22.52,6.71,284.33,28.98,60.21
2026-01-23 01:00:00,CP-05,Running,55.6,28.63,7.0,388.64,31.03,77.5
2026-01-21 23:00:00,CP-05,Running,47.88,24.47,7.04,377.49,30.96,73.98
2026-01-31 22:00:00,CP-03,Running,51.89,25.43,6.72,380.76,28.5,71.91
2026-01-03 22:00:00,CP-04,Running,46.22,19.82,6.52,280.39,28.5,57.26
2026-01-24 21:00:00,CP-04,Running,45.76,19.53,6.51,274.84,27.68,55.02
2026-01-22 08:00:00,CP-03,Running,54.02,27.17,7.11,406.13,32.24,84.21
2026-03-20 08:00:00,CP-02,Stopped,30.82,12.11,6.76,36.73,29.19,7.17
2026-01-04 10:00:00,CP-02,Running,51.19,23.17,6.76,347.01,31.18,67.37
2026-01-11 09:00:00,CP-05,Running,55.51,29.14,7.22,443.01,31.9,86.49
2026-01-13 12:00:00,CP-02,Running,50.87,22.71,6.67,329.55,29.61,61.14
2026-01-11 14:00:00,CP-02,Running,46.34,20.41,6.71,290.56,29.05,55.14
2026-01-03 12:00:00,CP-01,Running,54.02,25.39,6.83,357.39,29.76,70.78
2026-02-04 02:00:00,CP-04,Running,50.78,22.32,6.76,355.09,30.71,68.38
2026-03-26 08:00:00,CP-01,Running,51.19,24.15,7.01,337.27,30.53,72.56
2026-02-07 05:00:00,CP-04,Running,52.57,23.12,6.59,354.12,31.19,68.67
2026-02-15 17:00:00,CP-05,Running,52.19,26.23,6.83,339.95,28.42,66.16
2026-03-19 22:00:00,CP-02,Running,46.75,21.04,6.71,331.22,30.73,64.8
2026-03-20 01:00:00,CP-03,Running,55.67,27.62,7.04,363.49,31.48,77.68
2026-01-03 21:00:00,CP-04,Running,43.5,18.3,6.43,263.12,28.02,48.91
2026-01-28 06:00:00,CP-04,Running,47.71,20.77,6.77,320.92,31.63,64.02
2026-01-05 00:00:00,CP-02,Running,50.48,22.99,6.66,365.9,29.12,70.21
2026-02-17 01:00:00,CP-03,Running,51.94,25.47,6.88,352.17,30.31,72.25
2026-03-23 05:00:00,CP-05,Running,56.25,29.11,7.07,392.32,31.36,79.79
2026-02-06 01:00:00,CP-01,Running,53.57,25.38,6.93,367.18,30.79,74.54
2026-01-13 10:00:00,CP-04,Running,50.95,22.28,6.64,340.3,29.21,65.96
2026-01-03 04:00:00,CP-03,Running,54.04,27.02,7.15,417.87,31.28,81.28
2026-02-08 11:00:00,CP-02,Running,50.75,22.97,6.72,378.67,29.57,67.4
2026-03-25 02:00:00,CP-04,Running,55.53,24.57,6.62,344.58,31.43,71.56
2026-01-24 06:00:00,CP-03,Running,57.72,28.78,7.07,390.7,31.75,80.05
2026-02-24 09:00:00,CP-02,Running,50.41,22.88,6.84,344.2,31.55,68.71
2026-01-31 23:00:00,CP-04,Stopped,31.44,11.97,6.4,35.63,26.78,7.08
2026-02-09 09:00:00,CP-05,Running,53.87,28.24,7.04,445.05,32.86,85.93
2026-03-27 02:00:00,CP-05,Running,55.54,28.97,7.08,439.13,30.88,83.53
2026-03-24 14:00:00,CP-04,Running,48.17,20.63,6.45,265.81,27.92,56.66
2026-03-14 05:00:00,CP-02,Running,53.15,24.29,7.0,375.66,30.26,71.9
2026-03-03 11:00:00,CP-05,Running,58.78,30.27,7.15,403.11,31.0,77.51
2026-02-07 07:00:00,CP-02,Running,51.93,23.6,6.77,357.64,31.68,69.39
2026-02-27 16:00:00,CP-04,Running,45.99,19.67,6.51,271.3,28.48,56.08
2026-03-15 09:00:00,CP-03,Running,52.32,25.78,7.09,377.14,31.75,74.49
2026-03-29 07:00:00,CP-02,Running,52.42,24.07,6.85,389.12,32.08,74.14
2026-01-30 07:00:00,CP-05,Stopped,30.46,13.27,7.13,28.97,29.15,5.56
2026-03-19 13:00:00,CP-05,Running,51.82,26.7,7.0,406.03,30.28,77.76
2026-01-11 11:00:00,CP-03,Running,51.71,25.35,6.99,377.39,30.83,72.16
2026-02-09 05:00:00,CP-05,Running,56.93,29.92,7.23,444.21,31.34,87.14
2026-03-11 07:00:00,CP-05,Running,56.96,29.95,7.31,449.13,32.85,87.24
2026-01-20 10:00:00,CP-05,Running,57.01,29.71,7.05,395.0,30.94,83.02
2026-03-06 07:00:00,CP-04,Running,51.62,22.74,6.82,377.29,32.21,69.37
2026-01-21 03:00:00,CP-05,Running,51.5,26.39,7.08,382.92,31.26,75.11
2026-02-24 03:00:00,CP-04,Running,48.3,21.21,6.61,327.79,31.82,67.95
2026-01-13 11:00:00,CP-04,Running,49.28,21.31,6.66,296.2,31.14,61.08
2026-01-05 06:00:00,CP-03,Running,54.73,27.29,7.01,440.15,32.38,79.99
2026-01-13 06:00:00,CP-04,Running,54.85,23.98,6.66,348.58,31.38,65.92
2026-01-16 02:00:00,CP-05,Running,55.36,28.62,7.22,389.81,32.89,79.26
2026-01-21 18:00:00,CP-01,Running,48.08,22.05,6.58,303.28,28.21,59.7
2026-01-03 02:00:00,CP-01,Running,54.73,26.01,6.93,382.11,31.43,75.96
2026-03-27 13:00:00,CP-01,Running,48.94,22.97,6.81,343.75,31.69,70.25
2026-02-11 22:00:00,CP-02,Running,46.89,20.86,6.66,309.19,29.94,59.71
2026-01-28 03:00:00,CP-03,Running,52.36,25.84,7.02,364.93,31.04,75.12
2026-03-24 00:00:00,CP-01,Running,48.38,22.53,6.72,323.11,30.72,66.44
2026-03-17 17:00:00,CP-05,Running,52.88,26.7,6.97,359.99,29.04,68.41
2026-03-22 00:00:00,CP-01,Running,52.59,24.58,6.83,335.26,30.89,68.28
2026-02-09 18:00:00,CP-05,Running,51.76,26.26,6.79,371.8,29.35,70.57
2026-01-06 09:00:00,CP-01,Running,49.41,23.41,6.83,391.92,31.56,74.5
2026-03-05 11:00:00,CP-05,Running,57.61,30.01,7.04,451.64,31.11,82.91
2026-03-13 01:00:00,CP-03,Running,53.51,26.88,6.88,450.25,30.01,83.61
2026-01-02 13:00:00,CP-02,Running,48.59,22.01,6.62,359.99,29.0,67.91
2026-03-29 07:00:00,CP-01,Running,51.65,24.46,6.98,383.82,32.33,74.27
2026-02-02 08:00:00,CP-02,Running,53.31,24.34,6.69,380.23,30.53,71.52
2026-03-15 22:00:00,CP-02,Running,46.13,20.71,6.6,313.03,29.34,63.69
2026-02-17 02:00:00,CP-05,Running,57.9,30.18,7.11,389.95,31.33,83.13
2026-02-20 23:00:00,CP-01,Running,46.51,21.81,6.69,331.31,29.7,69.78
2026-02-24 08:00:00,CP-05,Running,52.84,27.6,7.19,417.33,31.01,84.21
2026-03-16 01:00:00,CP-05,Running,53.45,27.47,7.19,394.0,30.86,76.56
2026-02-18 04:00:00,CP-04,Running,48.76,21.08,6.72,318.54,29.94,60.86
2026-02-07 01:00:00,CP-03,Running,55.41,27.69,6.91,457.22,30.96,81.01
2026-03-23 17:00:00,CP-03,Running,52.33,25.26,6.6,303.64,27.8,65.05
2026-03-26 15:00:00,CP-01,Running,48.04,22.14,6.8,316.28,27.59,61.8
2026-03-18 22:00:00,CP-03,Running,52.86,25.7,6.94,367.61,29.67,68.38
2026-03-29 16:00:00,CP-04,Running,45.67,19.55,6.33,282.67,28.89,56.42
2026-02-20 00:00:00,CP-02,Running,48.71,21.88,6.67,300.69,30.37,63.91
2026-03-12 20:00:00,CP-03,Stopped,31.13,13.03,6.8,23.44,25.25,4.6
2026-03-12 21:00:00,CP-03,Running,48.71,23.45,6.83,329.61,,63.71
2026-01-18 03:00:00,CP-02,Stopped,31.3,12.14,6.78,9.45,28.71,1.87
2026-03-09 19:00:00,CP-03,Running,52.54,25.61,6.71,349.22,28.56,69.51
2026-01-22 07:00:00,CP-03,Running,52.4,25.42,7.14,341.27,31.22,67.25
2026-02-23 13:00:00,CP-01,Running,54.94,25.94,6.84,324.44,30.17,72.79
2026-02-21 21:00:00,CP-01,Running,48.4,22.39,6.78,296.25,27.75,63.54
2026-02-25 20:00:00,CP-02,Running,46.48,20.75,6.52,304.6,28.31,61.26
2026-01-26 06:00:00,CP-04,Running,51.98,23.01,6.79,358.06,30.54,71.75
2026-03-13 19:00:00,CP-05,Running,49.52,24.92,6.83,343.84,27.68,66.93
2026-03-19 19:00:00,CP-01,Running,53.8,25.27,6.54,336.81,28.13,70.44
2026-03-22 23:00:00,CP-04,Running,51.09,22.12,6.5,301.88,28.8,61.61
2026-02-28 16:00:00,CP-03,Running,49.39,24.12,6.73,352.65,29.27,70.31
2026-02-28 10:00:00,CP-01,Running,53.95,25.53,6.85,378.73,31.76,73.92
2026-02-16 14:00:00,CP-03,Running,55.73,27.16,6.84,335.31,31.08,69.48
2026-01-01 04:00:00,CP-03,Running,53.94,26.83,7.1,407.43,30.61,78.95
2026-02-14 16:00:00,CP-05,Stopped,28.32,12.27,,15.94,26.71,3.39
2026-02-15 07:00:00,CP-05,Running,60.76,32.16,7.13,472.81,32.83,90.4
2026-01-18 11:00:00,CP-05,Running,59.77,31.19,7.01,428.18,31.49,83.77
2026-03-02 09:00:00,CP-03,Running,53.61,27.14,6.94,447.77,32.73,87.23
2026-02-25 10:00:00,CP-03,Running,51.67,25.61,6.8,399.01,30.56,77.37
2026-01-09 09:00:00,CP-05,Stopped,29.26,12.8,7.05,37.05,28.07,7.17
2026-03-30 15:00:00,CP-04,Running,45.37,19.1,6.54,254.63,28.5,49.13
2026-02-15 16:00:00,CP-03,Running,50.92,24.7,6.77,328.11,29.57,67.31
2026-02-10 05:00:00,CP-04,Running,50.8,22.03,6.69,334.74,30.99,62.39
2026-02-23 23:00:00,CP-04,Running,44.61,18.93,6.41,253.0,28.72,52.56
2026-03-31 03:00:00,CP-01,Running,51.76,24.66,6.87,392.61,31.65,76.97
2026-03-15 09:00:00,CP-02,Running,52.81,24.21,6.9,372.2,29.89,73.32
2026-03-01 10:00:00,CP-03,Running,54.55,27.16,6.87,418.16,32.59,79.37
2026-01-11 23:00:00,CP-02,Running,48.58,21.66,6.6,301.42,28.72,60.58
2026-01-26 13:00:00,CP-04,Running,47.28,20.03,6.49,256.18,29.01,51.96
2026-03-20 23:00:00,CP-02,Running,47.79,21.34,6.6,305.36,29.5,61.28
2026-01-14 16:00:00,CP-04,Running,47.93,20.37,6.55,262.22,27.58,53.17
2026-03-08 19:00:00,CP-03,Running,52.29,25.29,6.78,347.86,27.61,65.98
2026-03-27 22:00:00,CP-04,Running,45.89,19.68,6.41,279.26,28.87,57.21
2026-01-25 07:00:00,CP-03,Running,58.69,29.85,7.17,437.69,32.22,89.49
2026-03-18 03:00:00,CP-05,Running,56.16,29.29,7.17,416.04,32.02,83.53
2026-01-06 12:00:00,CP-04,Running,50.75,22.27,6.69,352.57,28.9,67.7
2026-03-24 01:00:00,CP-02,Running,51.28,23.42,6.56,361.53,30.54,71.58
2026-01-09 05:00:00,CP-02,Stopped,30.46,11.86,6.87,17.98,28.77,3.44
2026-03-13 16:00:00,CP-01,Running,54.65,25.29,6.55,313.98,29.83,63.7
2026-02-27 18:00:00,CP-01,Running,51.65,23.81,6.65,320.39,27.63,61.87
2026-03-22 13:00:00,CP-03,Running,53.84,26.18,6.95,324.48,29.43,68.43
2026-02-22 13:00:00,CP-02,Running,49.39,22.26,6.65,335.44,30.49,65.57
2026-01-03 12:00:00,CP-03,Running,48.67,23.57,6.88,334.12,30.75,66.46
2026-03-13 03:00:00,CP-05,Stopped,27.69,12.07,7.09,27.35,26.31,5.51
2026-03-06 01:00:00,CP-04,Running,49.81,21.49,6.74,325.96,30.07,59.94
2026-02-19 16:00:00,CP-05,Running,50.17,25.39,6.98,317.92,30.23,69.33
2026-01-24 12:00:00,CP-01,Stopped,27.55,10.98,6.87,3.98,27.21,0.84
2026-03-16 22:00:00,CP-05,Running,52.49,26.61,7.12,351.22,30.34,70.21
2026-02-28 11:00:00,CP-04,Running,48.64,20.97,6.54,299.86,29.19,59.64
2026-01-20 21:00:00,CP-02,Running,47.8,21.33,6.5,325.74,28.61,60.88
2026-03-16 03:00:00,CP-03,Running,56.33,28.12,7.17,410.67,32.12,80.64
2026-03-10 19:00:00,CP-04,Running,47.91,20.62,6.56,314.44,27.77,59.03
2026-03-02 01:00:00,CP-04,Running,51.03,22.55,6.53,363.27,29.35,70.91
2026-01-26 15:00:00,CP-03,Running,50.61,24.86,6.82,349.17,29.08,73.12
2026-03-21 20:00:00,CP-05,Running,51.01,25.75,6.73,353.13,28.31,68.16
2026-01-22 02:00:00,CP-04,Running,50.07,21.91,6.68,329.58,31.71,66.32
2026-02-11 20:00:00,CP-02,Running,47.59,21.08,6.6,299.41,29.73,57.58
2026-03-15 17:00:00,CP-02,Running,45.73,20.21,6.53,294.62,27.47,56.61
2026-02-17 16:00:00,CP-04,Running,42.63,18.1,6.41,263.45,29.06,52.85
2026-01-27 00:00:00,CP-05,Running,54.67,28.1,6.97,395.24,31.79,76.55
2026-03-06 02:00:00,CP-02,Running,50.02,22.75,6.74,374.76,29.62,69.76
2026-02-21 02:00:00,CP-04,Running,49.03,21.2,6.62,297.64,30.11,61.03
2026-02-24 16:00:00,CP-05,Running,48.09,24.11,6.76,315.67,30.08,65.04
2026-03-18 10:00:00,CP-01,Running,53.48,25.39,6.97,360.12,31.11,75.41
2026-03-25 08:00:00,CP-03,Running,56.79,28.22,6.96,386.18,32.52,78.52
2026-01-31 23:00:00,CP-02,Running,49.24,22.22,6.56,323.34,31.46,66.15
2026-03-04 20:00:00,CP-02,Running,46.1,20.67,6.7,342.48,29.73,63.08
2026-01-12 13:00:00,CP-03,Running,47.37,23.1,6.9,365.68,29.2,69.65
2026-02-05 03:00:00,CP-05,Running,56.79,29.42,7.03,417.87,31.51,80.25
2026-01-12 02:00:00,CP-02,Running,51.56,23.51,6.85,367.09,31.29,70.83
2026-01-29 12:00:00,CP-01,Running,48.24,22.42,6.85,345.06,30.22,65.74
2026-02-19 03:00:00,CP-02,Running,52.53,23.95,6.77,,30.97,70.86
2026-02-13 10:00:00,CP-04,Stopped,29.84,11.37,6.73,38.14,28.39,7.56
2026-03-07 16:00:00,CP-01,Running,50.03,22.94,6.6,330.59,29.28,59.56
2026-02-28 04:00:00,CP-04,Running,48.7,21.61,6.55,361.24,32.16,72.84
2026-03-03 21:00:00,CP-02,Running,50.0,22.3,6.51,310.12,30.2,60.84
2026-02-20 02:00:00,CP-01,Running,53.8,25.61,6.92,356.37,31.43,76.72
2026-01-27 16:00:00,CP-04,Running,47.1,20.29,6.53,284.88,26.72,59.32
2026-03-15 20:00:00,CP-02,Running,44.37,19.54,6.54,257.6,28.63,55.08
2026-01-05 20:00:00,CP-04,Running,47.19,19.96,6.48,263.51,28.21,51.16
2026-03-19 02:00:00,CP-05,Running,58.6,30.65,7.1,423.27,31.33,84.86
2026-02-08 13:00:00,CP-03,Running,49.5,23.74,6.73,312.02,28.91,62.13
2026-03-06 04:00:00,CP-01,Running,53.52,25.76,6.82,427.49,31.92,81.97
2026-01-08 11:00:00,CP-03,Running,55.44,42.981500000000004,6.95,416.5,31.38,81.62
2026-02-12 13:00:00,CP-04,Running,49.07,21.43,6.64,333.44,27.76,65.4
2026-01-07 20:00:00,CP-05,Running,47.45,23.92,6.83,364.22,27.1,67.53
2026-03-07 03:00:00,CP-02,Running,51.46,23.41,6.95,364.74,30.82,69.82
2026-01-21 01:00:00,CP-03,Running,53.25,26.18,7.11,357.27,29.6,73.48
2026-02-26 03:00:00,CP-02,Running,55.22,25.43,6.86,361.62,31.76,75.5
2026-01-04 21:00:00,CP-04,Running,45.99,19.49,6.62,280.18,28.12,52.07
2026-01-16 03:00:00,CP-04,Running,52.12,22.79,6.91,344.23,31.09,66.09
2026-03-09 22:00:00,CP-04,Running,46.03,19.55,6.61,286.01,29.35,52.96
2026-03-07 21:00:00,CP-02,Running,47.72,21.23,6.61,304.99,29.14,59.69
2026-02-06 09:00:00,CP-03,Running,53.92,27.11,7.03,450.62,31.72,84.0
2026-03-23 03:00:00,CP-02,Running,49.6,22.5,6.65,340.6,30.03,68.49
2026-02-23 18:00:00,CP-01,Running,50.65,23.6,6.69,334.25,28.65,66.84
2026-01-02 22:00:00,CP-05,Running,53.58,27.52,6.99,394.35,29.36,76.17
2026-02-14 23:00:00,CP-01,Running,50.77,23.6,6.74,330.15,28.61,65.81
2026-03-26 06:00:00,CP-02,Running,54.9,24.93,6.83,334.96,33.03,68.84
2026-02-18 19:00:00,CP-01,Running,48.71,22.54,6.75,315.59,28.76,63.66
2026-01-28 04:00:00,CP-03,Running,54.83,27.34,6.97,403.24,32.25,80.1
2026-01-31 18:00:00,CP-05,Stopped,29.88,13.0,6.7,26.4,23.89,4.88
2026-03-04 01:00:00,CP-01,Running,51.91,24.35,6.88,360.72,29.46,69.97
2026-02-03 03:00:00,CP-04,Running,49.48,21.89,6.76,398.76,30.5,71.3
2026-01-02 12:00:00,CP-05,Running,51.78,26.61,6.91,407.97,31.33,76.55
2026-02-11 11:00:00,CP-05,Running,53.0,27.13,6.85,381.92,29.76,74.67
2026-01-01 14:00:00,CP-05,Running,52.1,26.23,7.04,341.68,30.47,67.08
2026-02-03 15:00:00,CP-05,Running,53.75,27.31,6.88,359.93,30.8,71.21
2026-01-15 09:00:00,CP-04,Running,47.2,20.45,6.71,319.52,30.16,61.95
2026-01-20 03:00:00,CP-02,Running,53.34,24.44,6.82,349.91,31.47,73.06
2026-01-17 13:00:00,CP-01,Stopped,28.49,11.47,6.82,22.78,25.14,4.57
2026-01-16 10:00:00,CP-01,Running,54.4,25.68,6.82,383.55,30.27,72.87
2026-01-31 18:00:00,CP-01,Running,49.59,22.96,6.73,330.01,28.49,63.9
2026-03-31 04:00:00,CP-04,Running,49.69,21.42,6.82,311.19,32.31,59.59
2026-03-26 04:00:00,CP-04,Running,51.07,22.45,6.69,331.81,31.54,68.44
2026-01-25 01:00:00,CP-03,Running,50.6,24.77,7.05,354.85,30.14,71.57
2026-01-22 02:00:00,CP-02,Running,50.77,23.2,6.82,356.1,31.3,71.91
2026-03-10 22:00:00,CP-03,Running,50.9,25.05,6.85,411.62,29.3,73.99
2026-03-17 22:00:00,CP-04,Running,45.73,19.47,6.64,284.37,27.6,54.03
2026-03-22 15:00:00,CP-04,Running,43.09,18.14,6.59,244.21,28.32,49.19
2026-01-10 08:00:00,CP-01,Running,55.76,26.47,6.99,395.39,32.1,75.45
2026-02-25 06:00:00,CP-01,Running,52.2,24.62,6.91,358.09,32.78,72.46
2026-03-11 09:00:00,CP-04,Running,50.43,21.85,6.84,325.61,30.1,61.97
2026-03-14 02:00:00,CP-04,Running,50.0,21.89,6.7,347.4,30.37,66.76
2026-01-11 06:00:00,CP-01,Running,52.3,24.84,6.86,413.16,31.22,75.58
2026-03-25 10:00:00,CP-02,Running,48.63,21.81,6.75,308.57,30.25,63.19
2026-01-21 02:00:00,CP-01,Running,52.22,24.68,6.83,359.78,30.92,73.39
2026-03-01 17:00:00,CP-01,Running,45.77,20.87,6.49,295.84,28.23,57.06
2026-02-06 07:00:00,CP-03,Running,60.12,30.47,6.99,472.35,31.28,87.77
2026-03-23 22:00:00,CP-01,Running,51.11,24.17,6.52,361.68,29.65,73.62
2026-01-26 17:00:00,CP-03,Running,52.1,25.21,6.71,329.2,28.75,66.08
2026-03-04 09:00:00,CP-03,Running,56.02,27.87,7.02,411.61,30.63,78.9
2026-01-07 02:00:00,CP-03,Running,58.52,29.32,6.99,423.29,,82.23
2026-03-19 01:00:00,CP-05,Running,50.49,25.9,6.91,367.77,30.46,75.62
2026-01-03 14:00:00,CP-04,Running,51.17,21.98,6.61,303.37,28.81,58.07
2026-01-20 06:00:00,CP-02,Running,51.1,23.31,6.9,339.69,30.03,71.14
2026-03-06 05:00:00,CP-02,Running,51.92,23.86,6.87,392.63,33.25,74.44
2026-02-07 14:00:00,CP-03,Running,54.58,26.94,6.89,388.56,30.34,75.35
2026-03-21 10:00:00,CP-01,Running,50.02,23.42,6.85,330.64,29.96,68.96
2026-01-22 16:00:00,CP-03,Running,51.04,24.63,6.98,330.39,28.13,64.87
2026-03-20 15:00:00,CP-03,Running,53.25,26.11,6.83,341.27,29.19,72.25
2026-03-29 20:00:00,CP-01,Running,48.18,22.45,6.58,318.88,29.18,66.78
2026-02-18 07:00:00,CP-05,Running,58.01,30.17,7.12,407.12,32.64,82.16
2026-03-31 02:00:00,CP-05,Running,57.13,29.55,7.08,397.96,30.62,79.51
2026-01-08 01:00:00,CP-04,Running,48.51,21.16,6.6,343.04,29.91,64.86
2026-02-05 07:00:00,CP-05,Running,58.18,30.66,7.08,480.25,33.12,88.39
2026-02-09 15:00:00,CP-03,Running,54.33,26.57,6.69,382.8,28.68,71.09
2026-01-09 13:00:00,CP-04,Stopped,29.58,11.1,6.51,7.55,26.86,1.35
2026-01-26 19:00:00,CP-05,Running,49.87,25.13,6.9,320.75,28.89,67.49
2026-02-03 08:00:00,CP-03,Running,57.37,28.69,7.16,449.33,,81.48
2026-01-09 11:00:00,CP-05,Running,58.18,30.28,7.09,439.31,31.42,82.5
2026-02-17 06:00:00,CP-01,Running,57.1,27.55,6.93,418.99,32.15,83.11
2026-02-13 21:00:00,CP-05,Running,52.63,26.93,6.91,390.93,29.25,74.54
2026-03-25 04:00:00,CP-04,Running,52.81,23.29,6.82,340.25,30.05,69.92
2026-02-10 01:00:00,CP-03,Running,53.54,26.47,6.89,410.21,31.25,76.06
2026-03-09 21:00:00,CP-04,Running,47.14,20.13,6.46,301.92,29.1,55.45
2026-01-04 08:00:00,CP-01,Running,52.61,24.56,6.94,362.14,31.09,67.69
2026-01-06 16:00:00,CP-05,Running,54.49,28.03,6.75,412.2,29.57,76.9
2026-01-14 07:00:00,CP-02,Running,54.85,25.17,6.83,372.18,32.08,73.85
2026-01-06 14:00:00,CP-01,Running,51.19,23.69,6.49,338.9,29.67,63.7
2026-03-03 11:00:00,CP-02,Running,52.78,24.16,6.73,375.24,29.77,72.67
2026-03-06 23:00:00,CP-01,Running,52.51,24.43,6.72,350.86,30.61,66.03
2026-03-09 08:00:00,CP-01,Running,51.65,24.55,7.04,410.06,32.54,75.9
2026-01-02 15:00:00,CP-05,Running,52.76,26.56,6.91,339.01,30.18,67.05
2026-02-14 20:00:00,CP-01,Running,46.54,21.21,6.64,292.87,27.22,56.71
2026-02-07 19:00:00,CP-01,Running,50.68,23.55,6.64,381.98,29.26,65.59
2026-02-06 13:00:00,CP-05,Running,52.06,26.78,6.92,405.17,30.83,76.87
2026-02-27 04:00:00,CP-05,Running,58.9,31.16,7.28,471.58,32.77,90.18
2026-03-15 11:00:00,CP-01,Running,52.62,25.05,6.8,399.46,29.98,76.77
2026-02-14 06:00:00,CP-03,Running,54.55,27.04,6.98,404.65,32.38,77.16
2026-01-12 00:00:00,CP-01,Running,54.0,25.53,6.71,381.39,30.29,73.57
2026-02-09 06:00:00,CP-02,Running,53.77,24.39,6.76,362.89,30.64,68.37
2026-01-09 16:00:00,CP-04,Running,48.74,20.89,6.4,301.14,28.92,56.96
2026-02-02 16:00:00,CP-02,Running,53.67,24.12,6.5,343.84,28.25,64.32
2026-03-03 05:00:00,CP-04,Running,49.29,21.46,6.88,316.74,31.3,64.16
2026-01-07 19:00:00,CP-03,Running,50.43,24.32,6.79,334.88,27.81,64.65
2026-01-12 11:00:00,CP-01,Running,51.06,24.03,6.84,358.39,30.15,71.52
2026-03-10 02:00:00,CP-04,Running,47.62,20.38,6.53,305.8,30.11,56.37
2026-02-13 17:00:00,CP-03,Running,50.49,24.34,6.87,333.34,28.77,64.5
2026-01-16 20:00:00,CP-04,Running,47.16,20.06,6.45,280.68,27.58,53.62
2026-02-20 10:00:00,CP-04,Running,48.19,20.75,6.59,281.83,30.44,59.19
2026-01-27 06:00:00,CP-05,Running,56.94,30.19,7.16,465.86,32.11,91.29
2026-03-13 12:00:00,CP-04,Running,46.41,19.97,6.61,314.0,30.25,58.84
2026-01-19 23:00:00,CP-01,Running,51.29,24.22,6.75,344.9,29.2,72.88
2026-03-08 03:00:00,CP-04,Running,51.75,22.92,6.72,378.81,31.09,71.89
2026-01-13 04:00:00,CP-01,Running,52.4,24.89,6.82,397.42,31.34,75.65
2026-02-11 18:00:00,CP-02,Running,47.2,20.82,6.44,297.13,27.28,55.79
2026-01-16 00:00:00,CP-05,Running,50.79,26.23,6.9,391.63,29.87,78.78
2026-01-09 02:00:00,CP-01,Running,53.68,25.33,6.89,,31.08,72.64
2026-03-04 11:00:00,CP-05,Running,59.47,31.09,7.02,442.59,30.48,84.59
2026-03-07 10:00:00,CP-05,Running,60.54,32.03,7.04,465.69,32.08,90.25
2026-03-15 17:00:00,CP-01,Stopped,31.15,12.52,6.62,20.74,26.35,4.08
2026-02-19 15:00:00,CP-05,Running,51.97,26.39,6.94,372.94,27.95,70.98
2026-03-23 05:00:00,CP-01,Running,50.93,24.12,6.94,373.31,31.25,74.29
2026-01-23 09:00:00,CP-05,Running,53.22,27.15,7.15,345.46,31.05,73.04
2026-03-07 15:00:00,CP-05,Stopped,27.66,11.96,6.89,14.0,26.0,2.7
2026-01-11 22:00:00,CP-05,Running,55.09,28.3,6.98,413.14,28.86,76.28
2026-01-12 11:00:00,CP-03,Running,51.85,25.32,7.03,367.55,30.61,70.46
2026-03-27 05:00:00,CP-03,Running,57.13,28.85,6.9,421.14,34.0,86.05
2026-02-13 08:00:00,CP-02,Running,52.81,24.08,6.85,345.2,30.82,70.83
2026-02-14 04:00:00,CP-02,Running,49.81,22.77,6.78,366.15,32.23,72.06
2026-01-23 16:00:00,CP-05,Stopped,27.81,12.01,6.82,9.76,26.84,1.93
2026-01-17 15:00:00,CP-01,Running,47.16,21.62,6.8,301.81,29.59,59.41
2026-02-18 00:00:00,CP-05,Running,52.08,26.46,7.0,346.17,29.25,71.2
2026-02-23 18:00:00,CP-02,Running,51.65,23.03,6.61,308.81,28.83,60.73
2026-02-13 21:00:00,CP-02,Running,51.6,23.13,6.57,342.96,28.01,63.06
2026-01-10 09:00:00,CP-04,Running,51.55,22.54,6.6,357.82,31.01,66.12
2026-03-09 18:00:00,CP-03,Running,49.88,24.06,6.77,327.59,29.28,64.69
2026-01-17 16:00:00,CP-03,Running,49.83,23.97,6.76,304.84,28.54,63.48
2026-03-16 13:00:00,CP-04,Stopped,30.28,11.52,6.61,33.43,26.98,6.66
2026-02-24 05:00:00,CP-03,Running,57.06,28.62,7.1,400.38,31.44,82.9
2026-03-30 01:00:00,CP-03,Running,52.65,26.07,6.91,402.27,31.81,76.81
2026-03-07 13:00:00,CP-03,Running,48.46,23.66,6.91,373.1,29.53,70.2
2026-03-20 17:00:00,CP-04,Running,46.78,19.82,6.44,250.11,27.88,51.98
2026-01-23 06:00:00,CP-05,Running,60.2,31.83,7.22,451.99,33.1,89.95
2026-03-29 18:00:00,CP-05,Running,54.53,27.77,6.8,364.21,29.7,72.34
2026-01-18 11:00:00,CP-04,Running,53.45,23.36,6.72,351.4,29.63,65.8
2026-02-01 18:00:00,CP-02,Running,46.06,20.36,6.47,293.11,27.37,56.82
2026-03-24 17:00:00,CP-02,Running,51.58,23.35,6.61,342.29,29.49,67.51
2026-02-15 23:00:00,CP-03,Running,50.65,24.61,6.76,341.47,29.71,68.08
2026-01-10 08:00:00,CP-02,Running,55.58,25.46,6.88,391.25,32.59,72.97
2026-03-22 06:00:00,CP-03,Running,57.74,29.24,6.9,444.74,33.91,87.47
2026-02-27 01:00:00,CP-02,Running,50.46,22.92,6.67,335.51,30.08,69.11
2026-02-12 07:00:00,CP-05,Running,53.8,27.77,7.12,415.83,32.17,78.63
2026-02-22 00:00:00,CP-03,Running,55.55,27.47,6.99,383.68,30.43,76.17
2026-02-25 19:00:00,CP-02,Stopped,32.63,12.81,6.72,33.16,25.86,6.82
2026-03-12 23:00:00,CP-01,Running,48.01,22.0,6.69,303.97,29.29,59.3
2026-02-03 17:00:00,CP-05,Running,52.62,26.71,6.88,387.44,28.99,70.83
2026-02-05 01:00:00,CP-04,Running,48.21,20.96,6.71,338.9,30.17,63.47
2026-02-27 08:00:00,CP-05,Running,56.8,29.78,7.2,440.52,33.79,85.93
2026-02-19 00:00:00,CP-05,Running,54.71,27.95,7.0,389.28,30.9,73.84
2026-03-13 06:00:00,CP-02,Running,53.32,24.56,6.84,395.03,32.38,75.55
2026-02-23 08:00:00,CP-02,Running,48.97,22.04,6.77,331.02,31.29,64.75
2026-01-09 21:00:00,CP-05,Running,49.61,24.64,6.89,343.09,28.41,60.81
2026-03-21 06:00:00,CP-05,Running,53.88,28.11,7.03,416.01,33.7,83.58
2026-03-22 10:00:00,CP-04,Running,49.22,21.34,6.75,312.15,31.49,62.22
2026-01-27 11:00:00,CP-01,Running,51.28,24.31,6.83,377.1,31.57,74.68
2026-03-08 16:00:00,CP-03,Running,51.02,24.58,6.73,352.22,28.01,64.23
2026-02-03 02:00:00,CP-02,Running,53.88,25.16,6.8,457.58,30.52,81.99
2026-02-22 14:00:00,CP-03,Running,52.83,26.05,6.78,364.29,28.02,74.85
2026-01-07 00:00:00,CP-02,Running,48.61,22.44,6.79,383.7,30.9,76.55
2026-03-05 05:00:00,CP-05,Running,56.59,30.08,7.08,439.21,31.99,92.55
2026-02-23 04:00:00,CP-05,Running,57.29,29.89,7.17,408.62,32.79,83.62
2026-03-06 12:00:00,CP-04,Running,49.13,21.24,6.62,308.64,31.1,60.98
2026-03-23 02:00:00,CP-05,Running,57.28,29.57,6.96,375.48,32.73,78.63
2026-03-15 06:00:00,CP-02,Running,51.48,23.66,6.89,377.87,31.28,74.44
2026-01-01 04:00:00,CP-04,Running,52.31,22.98,6.77,339.5,31.24,68.2
2026-02-15 10:00:00,CP-05,Running,54.33,28.32,7.0,416.2,31.28,83.15
2026-03-12 02:00:00,CP-04,Running,50.33,21.93,6.6,347.67,31.32,64.52
2026-01-12 23:00:00,CP-02,Running,51.32,23.24,6.67,358.5,29.92,67.63
2026-02-05 18:00:00,CP-01,Running,45.93,20.98,6.56,314.41,26.75,57.91
2026-03-26 21:00:00,CP-04,Running,44.83,19.1,6.59,281.9,28.04,54.38
2026-03-21 10:00:00,CP-04,Running,46.62,20.26,6.56,321.88,30.5,63.21
2026-03-29 18:00:00,CP-03,Running,48.2,23.0,6.71,297.43,28.3,59.88
2026-01-15 16:00:00,CP-05,Running,50.21,25.47,6.84,351.11,29.37,70.45
2026-02-22 02:00:00,CP-05,Running,55.33,28.56,7.16,405.53,30.56,78.61
2026-02-03 12:00:00,CP-03,Running,51.82,25.54,6.96,381.7,31.93,74.64
2026-01-17 19:00:00,CP-01,Running,48.64,22.75,6.71,357.67,29.0,68.54
2026-03-10 17:00:00,CP-01,Running,46.97,21.59,6.71,308.25,28.55,60.58
2026-02-25 01:00:00,CP-05,Running,50.4,25.77,7.02,380.2,29.78,74.24
2026-03-29 00:00:00,CP-04,Running,47.66,20.78,6.59,328.5,28.52,64.66
2026-02-15 13:00:00,CP-04,Running,48.35,20.99,6.52,314.11,28.87,62.7
2026-03-05 03:00:00,CP-02,Running,51.69,23.69,6.91,390.4,30.8,73.29
2026-01-07 12:00:00,CP-04,Running,44.87,19.16,6.56,299.95,30.86,55.3
2026-01-01 08:00:00,CP-02,Running,52.73,24.33,6.67,394.63,32.41,76.24
2026-03-09 17:00:00,CP-05,Running,48.48,24.21,6.89,341.33,26.82,63.39
2026-01-27 05:00:00,CP-03,Running,53.75,26.94,7.0,416.63,31.62,82.39
2026-02-20 20:00:00,CP-04,Running,51.15,22.19,6.51,298.28,28.66,62.55
2026-03-15 08:00:00,CP-03,Running,52.21,26.01,6.97,,32.06,79.64
2026-03-03 03:00:00,CP-04,Running,50.34,22.02,6.65,325.43,31.74,66.3
2026-03-14 12:00:00,CP-05,Running,55.24,28.58,7.01,401.43,30.18,79.63
2026-02-10 09:00:00,CP-02,Running,53.46,24.95,6.81,411.69,31.94,81.67
2026-02-18 12:00:00,CP-05,Running,54.61,28.2,7.0,392.38,31.17,78.7
2026-02-21 06:00:00,CP-02,Running,53.15,24.37,6.91,354.95,30.86,73.36
2026-02-10 04:00:00,CP-03,Running,54.68,27.33,6.96,445.19,31.43,81.17
2026-01-24 13:00:00,CP-05,Running,53.01,26.87,7.08,343.03,,70.16
2026-01-22 14:00:00,CP-04,Running,49.77,21.46,6.48,278.44,28.86,59.78
2026-01-10 09:00:00,CP-03,Running,55.4,27.58,7.12,416.23,32.67,79.42
2026-02-20 18:00:00,CP-03,Running,50.32,24.23,6.73,330.72,28.58,63.87
2026-02-13 15:00:00,CP-01,Running,48.98,22.62,6.75,302.53,27.86,62.84
2026-03-27 09:00:00,CP-01,Running,55.14,26.21,7.03,381.4,32.58,76.02
2026-02-16 17:00:00,CP-03,Running,50.14,24.32,6.87,336.85,29.56,67.26
2026-02-02 21:00:00,CP-03,Running,50.72,24.74,6.84,363.24,29.0,69.78
2026-02-09 04:00:00,CP-04,Running,51.01,22.4,6.8,358.9,31.3,68.02
2026-01-07 12:00:00,CP-05,Stopped,29.45,12.89,7.02,39.66,28.01,7.28
2026-03-19 02:00:00,CP-02,Running,51.97,24.03,6.8,390.35,31.56,77.34
2026-02-15 09:00:00,CP-05,Running,54.97,28.37,7.17,385.04,31.7,78.55
2026-02-20 15:00:00,CP-03,Running,54.02,26.61,6.88,378.69,29.34,74.36
2026-01-30 22:00:00,CP-04,Running,48.34,20.74,6.51,294.06,30.04,57.49
2026-02-08 01:00:00,CP-03,Running,51.43,25.6,6.88,420.27,31.66,79.23
2026-03-25 05:00:00,CP-02,Running,55.27,25.39,6.82,342.39,30.4,74.3
2026-03-02 01:00:00,CP-02,Running,50.75,22.93,6.82,338.12,29.92,66.58
2026-03-02 17:00:00,CP-01,Running,52.33,24.22,6.64,337.12,28.22,63.79
2026-01-31 04:00:00,CP-04,Running,48.82,21.4,6.67,324.7,31.82,67.1
2026-02-11 08:00:00,CP-01,Running,57.97,27.87,6.93,403.77,31.11,81.33
2026-02-19 01:00:00,CP-02,Running,52.41,23.75,6.88,324.97,30.41,67.99
2026-03-12 22:00:00,CP-05,Running,48.32,24.81,6.94,395.3,28.6,76.04
2026-03-16 02:00:00,CP-02,Running,49.71,22.48,6.9,339.05,32.18,67.08
2026-01-05 08:00:00,CP-01,Running,54.0,25.31,7.01,365.35,30.4,69.47
2026-01-23 23:00:00,CP-04,Running,47.48,20.37,6.52,270.82,28.48,57.56
2026-01-30 19:00:00,CP-02,Running,49.47,22.05,6.44,307.14,29.74,60.45
2026-02-05 06:00:00,CP-05,Running,56.31,29.59,7.24,462.83,32.68,86.97
2026-01-21 07:00:00,CP-01,Running,49.98,23.76,7.1,369.0,31.11,76.14
2026-01-19 01:00:00,CP-02,Running,50.88,23.04,6.66,323.16,30.98,67.58
2026-03-06 13:00:00,CP-01,Running,51.15,23.79,6.77,327.13,29.68,66.07
2026-01-07 07:00:00,CP-01,Running,54.28,25.78,6.83,418.03,31.72,75.6
2026-03-16 11:00:00,CP-04,Running,50.79,21.99,6.73,316.36,29.9,61.61
2026-01-14 14:00:00,CP-02,Running,49.36,21.96,6.62,298.43,29.43,59.72
2026-01-14 19:00:00,CP-05,Running,50.44,25.72,6.85,381.21,29.14,72.98
2026-03-04 11:00:00,CP-01,Running,51.46,24.26,6.85,362.58,31.24,72.2
2026-03-07 23:00:00,CP-02,Running,48.97,21.9,6.67,334.9,29.44,62.08
2026-03-15 21:00:00,CP-03,Running,50.89,24.39,6.93,317.7,28.52,61.87
2026-02-23 11:00:00,CP-03,Running,57.86,29.15,7.01,411.12,32.01,84.84
2026-03-10 01:00:00,CP-03,Running,53.83,26.39,6.78,375.91,29.53,72.21
2026-02-01 11:00:00,CP-03,Running,54.99,27.42,6.74,405.97,31.28,80.12
2026-02-20 01:00:00,CP-02,Running,51.01,22.92,6.78,319.43,31.16,64.19
2026-03-31 21:00:00,CP-02,Running,46.26,20.53,6.51,292.01,28.6,58.59
2026-03-04 23:00:00,CP-03,Running,49.11,23.67,6.83,336.15,29.66,64.32
2026-02-05 19:00:00,CP-05,Running,51.55,26.25,6.86,389.29,28.01,72.29
2026-03-31 14:00:00,CP-05,Running,55.84,28.71,6.76,393.13,30.67,76.72
2026-01-14 01:00:00,CP-04,Running,50.42,22.06,6.62,338.88,29.0,66.3
2026-01-31 09:00:00,CP-04,Running,49.16,21.39,6.73,311.32,30.18,63.77
2026-03-31 23:00:00,CP-03,Running,80.38799999999999,27.3,6.72,365.64,30.43,74.12
2026-01-05 21:00:00,CP-03,Running,51.69,25.05,6.74,363.16,28.29,66.73
2026-03-08 08:00:00,CP-01,Running,55.78,26.65,7.06,414.59,32.01,78.36
2026-02-25 20:00:00,CP-03,Running,48.29,23.18,6.81,302.81,27.72,62.4
2026-01-04 14:00:00,CP-05,Running,56.33,29.52,7.02,467.11,29.58,85.8
2026-01-16 01:00:00,CP-04,Running,44.95,19.11,6.68,280.89,29.63,53.42
2026-03-27 21:00:00,CP-03,Running,50.03,24.19,6.82,329.13,31.31,65.81
2026-03-26 09:00:00,CP-04,Running,51.12,22.73,6.64,367.84,30.92,73.82
2026-01-24 03:00:00,CP-02,Running,46.95,21.34,6.83,338.53,30.82,69.34
2026-01-11 14:00:00,CP-05,Running,48.66,24.57,6.89,359.2,29.69,68.3
2026-02-08 00:00:00,CP-05,Running,51.86,26.56,7.0,354.56,29.95,74.86
2026-02-20 03:00:00,CP-05,Running,56.52,29.44,7.02,399.59,31.14,82.9
2026-02-03 19:00:00,CP-01,Running,46.78,21.67,6.6,339.78,28.25,64.17
2026-03-27 16:00:00,CP-03,Stopped,26.84,11.16,6.76,10.71,25.48,2.11
2026-03-19 21:00:00,CP-03,Stopped,33.4,14.05,6.76,32.43,25.58,6.73
2026-01-05 02:00:00,CP-01,Running,50.57,23.88,6.85,388.87,30.76,73.03
2026-01-13 20:00:00,CP-04,Running,41.37,17.43,6.58,254.46,30.76,49.35
2026-01-01 12:00:00,CP-05,Running,59.76,31.19,7.08,449.06,30.68,83.8
2026-03-17 06:00:00,CP-04,Running,51.02,22.65,6.6,388.05,31.87,73.12
2026-01-31 01:00:00,CP-01,Running,55.6,26.17,6.84,352.91,29.88,71.5
2026-03-25 15:00:00,CP-02,Running,51.13,23.08,6.43,332.22,28.75,66.21
2026-02-22 04:00:00,CP-04,Running,49.15,21.53,6.61,331.66,31.77,66.81
2026-03-31 02:00:00,CP-02,Running,48.2,21.78,6.78,353.55,30.65,66.7
2026-01-15 14:00:00,CP-01,Running,48.93,22.77,6.8,334.35,29.35,66.16
2026-01-12 16:00:00,CP-05,Running,50.15,25.35,6.81,353.75,30.19,68.91
2026-03-31 14:00:00,CP-01,Running,47.69,22.37,6.75,370.3,30.36,69.85
2026-02-11 15:00:00,CP-02,Running,48.78,21.75,6.6,311.68,29.18,60.68
2026-03-10 10:00:00,CP-03,Running,54.6,26.8,6.88,375.61,31.4,72.76
2026-01-24 10:00:00,CP-05,Stopped,30.19,13.21,7.08,36.48,29.01,7.38
2026-02-24 18:00:00,CP-05,Running,52.83,27.04,6.96,369.39,28.38,74.62
2026-01-30 17:00:00,CP-04,Running,45.83,19.53,6.45,252.68,27.78,54.44
2026-02-07 00:00:00,CP-01,Running,53.2,25.18,6.81,377.17,28.85,74.02
2026-02-21 19:00:00,CP-03,Running,46.38,22.32,6.82,304.69,28.42,63.62
2026-02-24 02:00:00,CP-05,Running,58.57,30.67,6.97,414.24,31.56,85.36
2026-02-20 07:00:00,CP-03,Stopped,26.94,11.24,7.09,16.07,29.55,3.36
2026-02-06 09:00:00,CP-02,Running,54.7,25.28,6.69,423.31,31.64,77.13
2026-01-18 01:00:00,CP-03,Running,54.1,26.6,6.94,359.32,30.11,73.49
2026-02-25 12:00:00,CP-02,Running,47.69,21.6,6.75,347.48,30.82,67.87
2026-01-16 11:00:00,CP-02,Running,49.9,22.65,6.71,338.13,31.54,68.87
2026-03-19 07:00:00,CP-01,Running,52.71,25.21,6.91,371.37,31.99,78.96
2026-03-02 13:00:00,CP-05,Running,56.1,29.19,7.0,398.55,31.87,82.22
2026-03-10 03:00:00,CP-01,Running,52.71,24.93,7.05,392.58,33.05,73.74
2026-02-20 01:00:00,CP-03,Running,56.58,28.13,6.99,370.08,32.02,78.59
2026-02-10 04:00:00,CP-01,Running,58.56,28.09,6.74,418.73,31.73,80.35
2026-03-24 11:00:00,CP-05,Stopped,32.92,14.32,7.07,25.01,29.53,4.89
2026-02-14 10:00:00,CP-05,Running,56.9,29.46,6.98,415.98,31.55,80.0
2026-03-19 16:00:00,CP-02,Running,54.02,24.3,6.74,324.47,28.15,64.53
2026-03-19 16:00:00,CP-01,Running,47.95,22.2,6.59,317.41,28.72,63.88
2026-02-24 23:00:00,CP-02,Running,49.29,22.17,6.64,337.81,30.47,64.54
2026-02-10 10:00:00,CP-01,Running,53.58,24.91,6.88,343.83,30.54,65.85
2026-01-01 11:00:00,CP-01,Running,49.1,23.12,6.99,381.66,30.25,71.55
2026-01-29 13:00:00,CP-04,Stopped,32.37,12.28,6.58,27.23,28.36,5.57
2026-03-07 05:00:00,CP-04,Running,50.12,22.12,6.82,364.85,33.19,70.27
2026-02-20 23:00:00,CP-03,Running,53.31,26.13,6.85,357.22,29.07,72.06
2026-02-14 17:00:00,CP-03,Running,51.04,24.69,6.79,345.91,27.82,65.98
2026-01-06 02:00:00,CP-01,Running,51.14,23.82,6.79,338.39,32.81,66.67
2026-01-01 19:00:00,CP-05,Running,55.78,28.69,6.84,407.26,29.09,76.98
2026-01-21 13:00:00,CP-01,Running,51.87,24.33,6.74,355.32,31.49,69.91
2026-02-27 08:00:00,CP-02,Running,50.86,23.23,6.7,353.54,30.9,71.58
2026-02-24 08:00:00,CP-03,Running,55.62,28.02,6.99,414.29,33.24,84.93
2026-02-12 14:00:00,CP-04,Running,45.97,19.65,6.48,289.51,28.9,55.79
2026-03-18 12:00:00,CP-05,Running,52.39,26.77,6.73,398.46,30.13,73.86
2026-03-17 09:00:00,CP-05,Running,55.41,28.66,7.22,399.35,31.81,79.54
2026-02-15 04:00:00,CP-01,Stopped,29.53,11.85,6.8,17.14,28.87,3.27
2026-02-09 02:00:00,CP-04,Running,48.81,21.24,6.67,325.56,30.83,63.94
2026-01-13 03:00:00,CP-01,Running,52.06,24.73,6.87,395.41,32.5,75.68
2026-02-15 15:00:00,CP-05,Stopped,30.62,13.25,6.91,13.34,25.66,2.62
2026-01-17 09:00:00,CP-05,Running,55.29,29.12,7.2,448.39,32.22,88.1
2026-03-20 12:00:00,CP-02,Running,51.25,23.21,6.76,335.03,30.02,67.73
2026-03-17 06:00:00,CP-03,Running,54.6,27.35,7.04,,31.45,82.25
2026-01-02 13:00:00,CP-05,Running,53.02,27.05,7.02,378.21,28.31,73.18
2026-02-10 09:00:00,CP-05,Running,54.59,28.35,7.16,430.07,30.55,81.42
2026-01-19 05:00:00,CP-01,Running,54.24,25.76,6.88,359.16,31.71,75.67
2026-02-08 06:00:00,CP-01,Running,52.26,24.89,6.92,395.15,32.0,77.02
2026-02-01 22:00:00,CP-01,Running,47.65,21.97,6.78,312.94,28.63,61.98
2026-03-03 05:00:00,CP-03,Running,57.26,28.71,7.11,426.28,31.38,82.62
2026-01-05 18:00:00,CP-02,Running,45.26,19.75,6.52,273.29,27.01,51.05
2026-02-27 15:00:00,CP-04,Running,49.16,21.19,6.44,319.4,29.08,59.61
2026-02-05 11:00:00,CP-02,Running,49.96,22.47,6.68,336.73,30.48,64.55
2026-03-24 12:00:00,CP-04,Running,48.86,20.96,6.7,278.62,28.73,57.48
2026-03-08 22:00:00,CP-04,Running,49.23,21.11,6.38,309.74,27.8,57.23
2026-01-19 06:00:00,CP-04,Running,51.7,22.69,6.76,332.7,31.56,67.76
2026-03-24 08:00:00,CP-03,Running,57.02,28.42,7.03,379.96,31.82,79.9
2026-03-08 19:00:00,CP-02,Running,50.88,22.98,6.56,350.36,27.9,66.59
2026-03-27 10:00:00,CP-02,Running,50.44,22.86,6.67,347.54,31.35,68.16
2026-02-16 01:00:00,CP-01,Running,54.05,25.81,6.68,403.83,30.42,78.15
2026-02-02 22:00:00,CP-05,Stopped,24.69,10.62,6.9,1.83,26.24,0.35
2026-02-28 00:00:00,CP-03,Running,51.1,25.18,6.92,392.31,30.57,74.52
2026-01-19 22:00:00,CP-05,Running,54.02,27.79,6.91,378.77,30.12,77.03
2026-01-11 17:00:00,CP-02,Running,45.06,19.88,6.56,298.42,27.73,55.86
2026-02-01 15:00:00,CP-05,Running,50.6,25.52,6.82,339.63,29.18,67.8
2026-03-16 14:00:00,CP-03,Running,50.7,24.54,6.97,348.47,28.73,66.26
2026-02-01 19:00:00,CP-01,Running,45.48,20.83,6.68,297.8,27.99,59.14
2026-03-11 21:00:00,CP-03,Running,52.26,25.47,6.9,343.96,28.13,69.44
2026-03-04 08:00:00,CP-01,Running,52.14,24.83,6.94,383.48,31.01,76.76
2026-02-17 21:00:00,CP-02,Running,50.47,22.65,6.5,302.67,29.36,63.66
2026-01-03 13:00:00,CP-03,Running,52.51,26.02,6.78,413.96,30.11,77.19
2026-01-08 16:00:00,CP-04,Running,48.44,20.57,6.45,265.83,27.84,52.9
2026-03-07 05:00:00,CP-02,Running,49.93,22.66,6.99,354.44,31.46,68.8
2026-01-05 03:00:00,CP-01,Running,50.88,23.97,6.94,374.5,30.58,71.75
2026-03-26 15:00:00,CP-05,Running,52.38,26.87,6.86,379.82,29.83,75.73
2026-02-23 13:00:00,CP-04,Running,49.08,21.19,6.59,295.99,29.18,60.34
2026-03-24 19:00:00,CP-02,Running,46.01,20.13,6.51,252.92,27.57,52.19
2026-03-31 09:00:00,CP-02,Running,47.83,21.57,6.97,326.95,30.09,65.84
2026-02-27 05:00:00,CP-01,Running,49.55,23.26,6.92,368.8,31.72,70.14
2026-02-19 18:00:00,CP-04,Running,47.82,20.45,6.51,268.86,27.28,55.94
2026-02-09 10:00:00,CP-05,Running,57.66,30.03,6.99,465.78,31.42,82.79
2026-01-29 22:00:00,CP-05,Running,55.49,28.54,6.93,393.33,,76.85
2026-02-10 15:00:00,CP-02,Stopped,29.43,11.49,6.57,25.38,26.8,4.77
2026-01-22 22:00:00,CP-01,Running,50.14,23.3,6.73,329.62,30.76,65.61
2026-01-28 03:00:00,CP-05,Running,58.02,30.4,7.11,424.12,33.84,85.68
2026-02-22 14:00:00,CP-01,Running,50.57,23.72,6.67,349.55,28.05,69.81
2026-03-18 13:00:00,CP-03,Running,50.58,24.47,6.87,338.04,29.93,66.04
2026-03-21 11:00:00,CP-04,Running,49.32,21.37,6.67,302.59,30.62,61.96
2026-01-15 08:00:00,CP-02,Running,57.38,26.64,6.82,409.16,31.16,79.2
2026-02-17 20:00:00,CP-04,Running,44.66,19.09,6.48,273.65,28.61,55.73
2026-02-14 12:00:00,CP-03,Running,53.86,26.63,6.97,397.39,29.83,76.09
2026-03-29 15:00:00,CP-02,Running,48.8,22.12,6.63,338.78,29.26,68.19
2026-01-11 05:00:00,CP-01,Running,56.77,27.07,6.99,408.56,31.99,77.55
2026-03-04 09:00:00,CP-02,Running,53.73,24.46,6.76,,33.45,70.12
2026-01-03 04:00:00,CP-05,Running,57.99,30.65,7.18,487.64,33.3,89.81
2026-03-14 21:00:00,CP-05,Running,53.26,27.66,6.93,422.02,30.32,81.52
2026-01-04 07:00:00,CP-03,Running,54.37,27.15,7.16,398.39,32.26,80.72
2026-01-25 09:00:00,CP-03,Running,55.28,27.63,7.04,407.28,31.26,81.16
2026-01-17 09:00:00,CP-04,Running,53.82,23.67,6.88,352.15,30.64,68.69
2026-02-19 17:00:00,CP-01,Stopped,26.06,10.47,6.64,20.31,28.08,3.97
2026-03-06 20:00:00,CP-03,Running,47.1,22.62,6.83,332.96,26.2,62.74
2026-01-11 23:00:00,CP-05,Running,55.72,28.8,7.04,395.24,30.85,79.16
2026-03-21 23:00:00,CP-04,Running,45.84,19.72,6.45,280.45,29.23,58.66
2026-03-10 02:00:00,CP-02,Running,53.05,24.59,6.73,412.28,30.29,78.45
2026-02-20 23:00:00,CP-02,Running,53.22,24.39,6.62,352.49,29.92,73.28
2026-03-03 15:00:00,CP-01,Running,48.73,22.48,6.83,315.28,29.5,62.21
2026-01-15 03:00:00,CP-01,Running,55.6,26.53,6.84,387.65,31.85,77.85
2026-01-07 05:00:00,CP-01,Running,54.34,25.97,6.98,439.1,30.57,78.53
2026-03-14 11:00:00,CP-02,Running,51.83,23.52,6.67,336.22,28.81,68.64
2026-02-09 20:00:00,CP-03,Running,51.6,25.3,6.83,363.54,28.97,72.19
2026-02-17 13:00:00,CP-04,Running,47.25,20.13,6.68,263.11,30.62,54.36
2026-02-15 02:00:00,CP-03,Running,54.32,26.78,6.95,364.95,30.98,74.72
2026-02-14 05:00:00,CP-03,Running,56.59,28.41,7.02,427.49,33.67,83.29
2026-01-23 13:00:00,CP-04,Running,53.42,23.38,6.56,318.29,30.48,66.44
2026-01-25 12:00:00,CP-03,Running,54.79,26.66,6.89,334.34,30.03,68.66
2026-02-06 06:00:00,CP-04,Running,48.03,21.06,6.75,387.42,31.65,67.2
2026-03-03 15:00:00,CP-02,Running,45.67,20.47,6.59,324.8,29.98,62.97
2026-03-06 06:00:00,CP-02,Running,54.04,24.78,6.79,374.13,32.04,73.5
2026-01-17 20:00:00,CP-05,Running,48.58,24.54,6.9,339.85,28.63,68.6
2026-01-14 09:00:00,CP-05,Running,55.89,29.38,7.18,448.82,31.5,87.21
2026-02-01 03:00:00,CP-03,Running,52.98,26.45,7.01,403.16,33.05,80.67
2026-01-04 23:00:00,CP-05,Running,52.84,27.01,6.94,378.42,28.7,73.99
2026-03-19 04:00:00,CP-01,Running,52.58,24.6,6.99,342.22,31.87,68.72
2026-03-03 13:00:00,CP-03,Running,55.26,27.31,6.69,372.91,30.98,75.95
2026-01-26 00:00:00,CP-04,Running,53.15,23.1,6.68,334.19,30.76,63.35
2026-01-29 14:00:00,CP-05,Stopped,31.75,13.88,6.95,34.64,26.31,6.69
2026-02-03 01:00:00,CP-02,Running,53.99,24.69,6.87,393.75,31.05,72.24
2026-03-23 07:00:00,CP-04,Running,55.08,24.77,6.69,383.55,31.47,79.14
2026-03-22 16:00:00,CP-04,Running,48.3,20.35,6.45,238.98,25.76,49.46
2026-02-26 10:00:00,CP-04,Running,52.26,22.82,6.72,326.74,30.1,65.37
2026-01-30 14:00:00,CP-05,Running,50.91,25.87,6.87,342.43,29.48,71.23
2026-03-08 00:00:00,CP-01,Running,51.18,24.16,6.85,401.69,30.39,72.75
2026-02-19 00:00:00,CP-04,Running,50.43,21.87,6.65,306.99,28.51,62.38
2026-02-01 14:00:00,CP-01,Running,48.93,22.84,6.61,351.53,30.45,67.56
2026-03-11 07:00:00,CP-01,Running,59.35,28.42,6.8,431.0,32.25,79.42
2026-03-12 07:00:00,CP-02,Running,53.82,24.59,6.82,358.28,30.56,71.69
2026-03-13 16:00:00,CP-02,Running,50.12,22.23,6.5,312.29,28.76,58.16
2026-02-14 04:00:00,CP-01,Running,54.34,25.97,6.95,424.44,32.18,78.55
2026-03-24 21:00:00,CP-03,Running,52.01,25.29,6.74,342.55,28.4,68.37
2026-02-16 01:00:00,CP-05,Running,52.08,26.38,7.17,351.11,30.51,69.82
2026-03-13 15:00:00,CP-04,Running,44.86,19.42,6.47,314.79,26.6,61.44
2026-03-11 22:00:00,CP-04,Running,49.59,21.45,6.66,337.34,30.23,61.18
2026-03-29 22:00:00,CP-03,Running,48.34,23.66,6.89,365.9,29.55,71.38
2026-03-25 09:00:00,CP-05,Running,57.94,30.6,7.08,442.42,31.83,89.45
2026-03-06 20:00:00,CP-01,Stopped,27.14,10.91,6.66,23.47,26.49,4.19
2026-01-25 14:00:00,CP-01,Stopped,31.06,12.53,6.75,26.41,25.79,5.5
2026-01-09 03:00:00,CP-02,Running,50.65,23.01,7.03,371.55,30.3,69.09
2026-03-09 20:00:00,CP-05,Running,53.86,27.68,6.89,388.29,28.11,76.55
2026-01-21 00:00:00,CP-05,Running,54.57,28.41,6.82,397.66,31.03,82.56
2026-02-02 22:00:00,CP-04,Running,48.09,20.53,6.45,295.43,29.05,55.2
2026-02-19 06:00:00,CP-02,Running,55.16,25.62,6.71,388.58,32.19,79.49
2026-03-19 23:00:00,CP-02,Running,51.91,23.37,6.68,338.53,29.68,65.02
2026-03-11 23:00:00,CP-02,Running,50.56,22.73,6.75,349.07,29.96,64.43
2026-03-20 07:00:00,CP-02,Running,48.09,22.13,6.71,370.75,31.71,75.14
2026-02-17 11:00:00,CP-03,Running,55.49,27.62,7.08,413.55,30.38,79.23
2026-01-16 12:00:00,CP-05,Running,54.95,28.75,6.81,433.26,31.37,84.93
2026-03-21 20:00:00,CP-01,Running,50.83,23.51,6.7,315.14,27.4,63.42
2026-01-06 16:00:00,CP-02,Running,48.08,21.21,6.48,300.44,26.71,55.73
2026-01-16 16:00:00,CP-01,Running,52.59,24.63,6.69,342.98,27.48,69.28
2026-02-01 19:00:00,CP-04,Running,43.2,18.25,6.34,273.86,27.43,50.6
2026-01-07 05:00:00,CP-02,Running,56.08,25.92,6.7,437.13,31.4,77.17
2026-03-01 21:00:00,CP-03,Running,49.86,24.36,6.71,371.14,30.19,70.51
2026-03-19 11:00:00,CP-02,Running,49.57,22.37,6.79,337.64,30.17,66.12
2026-01-18 21:00:00,CP-04,Stopped,27.95,10.45,6.51,0.01,25.37,0.0
2026-03-23 09:00:00,CP-04,Running,51.68,22.7,6.7,336.27,31.05,68.03
2026-02-14 09:00:00,CP-04,Running,53.46,23.84,6.58,375.99,31.53,75.13
2026-03-12 15:00:00,CP-03,Running,56.99,28.08,6.84,422.23,29.95,74.56
2026-02-28 15:00:00,CP-04,Running,45.01,19.06,6.46,259.77,28.73,51.77
2026-03-22 15:00:00,CP-01,Running,50.68,23.67,6.7,341.36,29.18,67.87
2026-03-17 06:00:00,CP-01,Running,57.55,27.58,6.9,415.94,32.58,79.82
2026-03-24 06:00:00,CP-05,Running,58.24,30.58,7.09,431.37,31.61,86.66
2026-02-25 17:00:00,CP-01,Running,45.02,20.33,6.69,264.54,27.65,52.81
2026-01-10 03:00:00,CP-03,Running,56.33,28.15,6.96,425.54,32.72,81.0
2026-01-31 15:00:00,CP-04,Running,44.91,19.03,6.36,278.44,27.82,51.91
2026-02-17 08:00:00,CP-04,Running,50.39,22.37,6.71,364.24,31.26,72.97
2026-03-19 13:00:00,CP-01,Stopped,31.53,12.76,6.82,34.74,26.15,6.72
2026-03-05 17:00:00,CP-04,Running,46.07,19.48,6.52,244.12,26.59,51.04
2026-02-21 22:00:00,CP-01,Running,48.67,22.62,6.74,345.54,29.62,65.68
2026-03-16 15:00:00,CP-05,Running,53.0,27.13,6.91,384.9,28.79,74.71
2026-02-07 23:00:00,CP-01,Running,53.28,25.04,6.66,374.39,31.19,70.76
2026-03-28 10:00:00,CP-01,Stopped,28.15,11.29,7.01,15.83,26.98,3.13
2026-03-27 15:00:00,CP-05,Running,53.09,27.09,6.85,346.95,28.62,73.22
2026-02-10 18:00:00,CP-04,Running,44.37,18.63,6.42,261.01,26.54,48.01
2026-02-04 05:00:00,CP-04,Running,50.51,21.95,6.67,328.07,31.47,63.28
2026-02-01 04:00:00,CP-03,Running,54.97,27.05,6.95,392.87,30.5,73.87
2026-02-20 09:00:00,CP-03,Running,54.52,26.92,6.97,376.15,30.74,75.51
2026-03-31 09:00:00,CP-04,Running,49.68,21.79,6.72,341.82,29.82,67.38
2026-01-06 22:00:00,CP-02,Running,49.36,22.07,6.6,329.41,29.01,62.01
2026-03-10 12:00:00,CP-04,Running,47.74,20.51,6.75,301.73,29.95,57.97
2026-03-12 14:00:00,CP-03,Running,53.2,26.21,6.8,383.32,30.97,74.43
2026-01-19 16:00:00,CP-03,Running,55.08,26.82,6.72,339.56,28.34,69.1
2026-03-27 12:00:00,CP-05,Running,57.68,29.66,6.88,378.17,31.2,76.78
2026-01-01 20:00:00,CP-03,Running,48.46,23.27,6.7,323.27,28.91,62.71
2026-03-20 05:00:00,CP-04,Running,54.55,24.13,6.78,359.04,29.74,71.26
2026-03-09 17:00:00,CP-02,Running,49.76,22.12,6.57,302.87,28.28,59.31
2026-03-24 19:00:00,CP-04,Running,49.69,21.08,6.46,259.16,26.65,52.42
2026-03-29 08:00:00,CP-01,Running,57.15,27.62,7.12,444.35,32.14,83.88
2026-01-12 06:00:00,CP-05,Stopped,27.83,12.02,7.15,9.93,28.04,1.92
2026-01-13 16:00:00,CP-05,Running,52.65,26.57,6.71,331.87,30.11,68.12
2026-02-01 23:00:00,CP-05,Running,57.67,29.96,6.86,428.59,30.19,81.63
2026-03-16 03:00:00,CP-05,Running,53.71,27.78,7.21,423.09,30.78,79.41
2026-03-26 16:00:00,CP-03,Running,51.04,24.81,6.71,343.07,27.8,68.22
2026-02-06 07:00:00,CP-05,Running,60.17,31.43,7.11,484.78,33.3,84.23
2026-02-08 12:00:00,CP-01,Running,51.74,24.38,6.74,371.9,30.14,71.95
2026-02-24 00:00:00,CP-01,Running,52.38,24.87,6.75,372.96,28.95,75.52
2026-02-13 23:00:00,CP-04,Running,44.36,18.78,6.66,270.87,28.54,51.56
2026-01-23 06:00:00,CP-04,Stopped,25.27,9.48,6.68,5.83,28.74,1.26
2026-01-04 06:00:00,CP-03,Running,55.67,28.17,7.02,476.99,32.96,87.06
2026-02-02 14:00:00,CP-04,Running,49.21,21.29,6.59,297.85,29.05,61.27
2026-01-29 05:00:00,CP-03,Running,54.58,27.24,7.06,396.02,33.88,80.47
2026-01-03 23:00:00,CP-01,Running,48.51,22.45,6.83,322.91,29.24,63.8
2026-02-23 04:00:00,CP-02,Running,54.5,24.86,6.96,335.97,29.94,71.0
2026-02-02 05:00:00,CP-02,Running,57.14,26.53,6.79,415.01,31.92,79.2
2026-02-18 04:00:00,CP-02,Running,74.124,23.32,6.86,338.21,31.7,71.06
2026-01-22 21:00:00,CP-01,Running,51.59,24.09,6.75,318.54,29.52,67.72
2026-03-23 10:00:00,CP-04,Stopped,33.12,12.62,6.7,37.1,27.96,7.48
2026-01-07 19:00:00,CP-04,Running,48.93,21.02,6.41,293.94,28.7,58.01
2026-02-12 17:00:00,CP-02,Running,48.26,21.34,6.59,279.26,27.8,56.85
2026-03-01 23:00:00,CP-03,Running,54.75,27.08,6.85,381.78,29.46,76.2
2026-02-08 16:00:00,CP-04,Running,46.7,20.0,6.31,291.74,27.67,56.57
2026-03-20 06:00:00,CP-01,Running,57.44,27.45,6.85,406.22,32.69,78.51
2026-01-28 17:00:00,CP-05,Running,49.17,24.93,6.9,317.38,29.29,70.27
2026-01-21 11:00:00,CP-01,Running,56.26,26.69,6.79,360.58,31.22,75.04
2026-01-16 14:00:00,CP-05,Running,54.52,27.85,7.0,381.04,29.49,73.73
2026-02-11 05:00:00,CP-03,Running,53.02,26.41,7.09,445.43,32.72,79.69
2026-03-31 01:00:00,CP-04,Running,49.88,21.62,6.58,324.96,29.84,62.11
2026-03-15 13:00:00,CP-05,Running,54.51,28.35,6.95,389.24,31.89,82.14
2026-01-22 05:00:00,CP-04,Running,56.51,25.38,6.64,402.69,30.21,78.47
2026-03-03 20:00:00,CP-01,Running,49.53,22.7,6.79,304.9,28.07,59.26
2026-02-13 00:00:00,CP-05,Running,54.86,28.12,6.95,396.68,28.26,75.33
2026-02-01 04:00:00,CP-01,Running,55.05,26.44,6.94,422.9,32.01,80.92
2026-02-09 12:00:00,CP-03,Running,52.33,26.14,6.89,417.5,31.34,80.91
2026-01-18 23:00:00,CP-04,Running,47.92,20.53,6.5,266.76,29.68,56.71
2026-01-09 01:00:00,CP-04,Running,47.5,20.48,6.67,320.62,30.24,59.83
2026-02-28 22:00:00,CP-04,Stopped,26.74,10.01,6.55,1.32,26.92,0.26
2026-01-10 22:00:00,CP-02,Running,47.3,21.1,6.62,309.27,29.67,60.9
2026-01-15 23:00:00,CP-01,Stopped,29.53,11.86,6.68,19.28,25.21,3.95
2026-02-12 03:00:00,CP-01,Running,51.9,24.59,6.91,406.03,29.75,74.54
2026-01-25 03:00:00,CP-03,Running,55.99,28.19,6.97,400.65,33.86,84.64
2026-01-15 01:00:00,CP-04,Running,50.87,22.07,6.61,338.98,29.44,62.51
2026-02-09 02:00:00,CP-01,Running,51.96,24.63,6.84,393.95,31.5,74.71
2026-03-31 21:00:00,CP-04,Running,47.28,20.36,6.52,313.36,28.86,59.23
2026-02-06 03:00:00,CP-02,Running,54.08,24.69,6.72,403.85,30.84,71.5
2026-02-24 05:00:00,CP-05,Running,61.36,32.81,7.18,439.15,32.09,95.4
2026-03-31 11:00:00,CP-02,Running,48.83,22.14,6.67,346.92,30.14,68.34
2026-03-11 08:00:00,CP-01,Running,53.29,26.01,6.96,467.84,31.6,88.51
2026-03-17 02:00:00,CP-01,Running,52.78,24.99,6.85,371.42,30.45,74.22
2026-02-19 22:00:00,CP-04,Running,50.11,21.7,6.66,319.81,29.0,61.73
2026-03-11 00:00:00,CP-01,Running,52.35,24.65,6.81,380.28,29.37,71.7
2026-01-06 10:00:00,CP-04,Running,51.59,22.57,6.69,366.88,30.4,66.28
2026-01-28 20:00:00,CP-02,Running,47.44,21.22,6.61,302.57,29.01,62.06
2026-01-20 22:00:00,CP-05,Running,50.65,25.75,6.9,342.43,29.41,71.58
2026-02-14 08:00:00,CP-05,Running,56.39,29.78,7.09,458.06,31.87,89.41
2026-02-22 18:00:00,CP-02,Running,46.99,20.45,6.43,240.37,28.25,49.98
2026-02-08 11:00:00,CP-03,Running,53.59,26.47,6.98,391.01,29.78,75.62
2026-01-29 14:00:00,CP-03,Running,49.98,24.21,6.74,312.28,28.09,66.57
2026-01-26 07:00:00,CP-01,Running,59.07,28.57,7.07,409.92,32.24,84.16
2026-01-03 07:00:00,CP-02,Running,56.91,26.21,6.9,399.03,31.78,75.44
2026-01-27 10:00:00,CP-03,Running,54.0,26.77,7.05,401.2,30.48,77.37
2026-03-30 13:00:00,CP-04,Running,53.37,23.6,6.66,344.45,30.95,71.31
2026-01-24 18:00:00,CP-05,Running,50.88,25.55,6.74,338.3,28.69,65.88
2026-03-19 19:00:00,CP-04,Running,45.66,19.39,6.55,283.45,27.85,52.8
2026-03-18 18:00:00,CP-02,Running,49.27,21.87,6.61,296.14,28.18,58.68
2026-01-29 21:00:00,CP-04,Running,46.0,19.59,6.4,267.86,28.15,54.29
2026-02-27 07:00:00,CP-04,Running,50.8,22.27,6.73,351.99,31.72,67.31
2026-01-08 16:00:00,CP-05,Running,50.21,25.39,7.0,380.27,28.72,69.12
2026-03-23 15:00:00,CP-04,Running,41.49,17.31,6.5,220.82,27.26,45.09
2026-03-13 10:00:00,CP-04,Running,46.76,20.08,6.79,300.33,31.49,57.83
2026-03-18 07:00:00,CP-04,Stopped,29.17,10.95,6.83,6.72,28.24,1.38
2026-01-25 10:00:00,CP-05,Stopped,28.53,12.31,7.03,8.91,28.84,1.82
2026-01-04 20:00:00,CP-02,Running,49.28,22.0,6.51,328.06,28.02,61.22
2026-02-08 14:00:00,CP-03,Running,50.82,24.49,6.82,321.03,30.06,64.18
2026-02-05 07:00:00,CP-02,Running,52.34,23.98,6.72,394.48,30.99,73.08
2026-03-02 15:00:00,CP-05,Stopped,28.35,12.38,6.99,32.66,27.88,6.61
2026-01-18 17:00:00,CP-02,Running,49.85,22.16,6.53,295.2,28.78,59.3
2026-03-20 16:00:00,CP-02,Running,47.25,20.99,6.53,281.03,28.48,58.96
2026-01-28 22:00:00,CP-02,Running,48.83,21.91,6.57,298.82,29.12,63.62
2026-01-23 07:00:00,CP-04,Running,52.3,23.08,6.75,357.3,31.11,70.2
2026-02-08 11:00:00,CP-05,Running,56.19,29.22,7.1,434.5,31.08,82.14
2026-03-19 10:00:00,CP-03,Running,50.41,24.67,6.91,347.47,31.99,71.42
2026-01-17 08:00:00,CP-02,Running,52.4,24.04,6.77,406.15,31.44,73.65
2026-01-25 02:00:00,CP-01,Running,55.36,26.28,6.8,382.25,32.09,75.38
2026-02-23 15:00:00,CP-05,Running,54.81,28.19,6.92,371.23,28.22,76.86
2026-02-27 12:00:00,CP-03,Running,53.88,26.26,7.11,340.53,31.95,69.39
2026-03-01 14:00:00,CP-02,Running,49.75,22.22,6.6,315.5,28.03,61.47
2026-02-16 04:00:00,CP-01,Running,53.37,25.46,6.88,388.94,33.07,77.66
2026-01-14 02:00:00,CP-03,Running,50.17,24.71,7.05,366.82,31.93,74.24
2026-01-29 02:00:00,CP-03,Running,50.88,24.94,6.99,379.87,31.16,72.1
2026-03-18 08:00:00,CP-02,Running,55.66,25.6,6.81,351.56,32.47,74.88
2026-03-31 22:00:00,CP-01,Running,52.56,24.53,6.7,329.29,29.41,67.51
2026-02-13 02:00:00,CP-04,Running,51.07,22.28,6.78,328.61,31.42,65.11
2026-03-04 22:00:00,CP-03,Running,52.11,25.18,6.73,346.5,28.89,65.45
2026-02-06 08:00:00,CP-04,Running,52.05,22.81,6.75,362.88,32.74,67.14
2026-01-09 01:00:00,CP-02,Running,51.23,23.18,6.71,355.74,32.02,67.4
2026-02-14 07:00:00,CP-03,Running,57.56,28.9,6.93,437.67,31.46,83.22
2026-01-21 06:00:00,CP-03,Running,55.03,27.66,7.09,417.19,32.13,83.92
2026-02-13 05:00:00,CP-04,Running,55.08,24.28,6.63,346.38,31.36,69.82
2026-01-10 10:00:00,CP-01,Stopped,28.87,11.52,6.73,6.62,27.59,1.27
2026-02-24 11:00:00,CP-01,Running,52.18,24.58,6.83,366.24,31.4,71.79
2026-01-07 16:00:00,CP-02,Running,45.56,20.07,6.5,314.92,28.74,55.31
2026-02-26 19:00:00,CP-03,Running,52.28,25.42,6.76,328.94,29.19,68.47
2026-02-11 11:00:00,CP-03,Running,50.89,25.26,6.97,400.87,31.05,77.91
2026-03-05 12:00:00,CP-04,Running,48.51,20.9,6.61,311.75,30.08,59.45
2026-02-02 17:00:00,CP-02,Running,43.95,19.29,6.54,275.34,26.22,53.58
2026-02-17 16:00:00,CP-05,Stopped,26.92,11.64,7.07,12.55,26.34,2.52
2026-03-17 02:00:00,CP-04,Running,51.27,22.21,6.69,307.12,30.75,61.88
2026-01-14 07:00:00,CP-01,Running,57.87,27.77,6.87,414.8,32.42,80.44
2026-01-29 04:00:00,CP-04,Running,52.16,22.64,6.81,326.84,31.43,62.82
2026-01-01 18:00:00,CP-05,Running,51.87,26.54,6.91,349.62,29.31,74.43
2026-03-18 10:00:00,CP-05,Running,58.68,30.83,7.05,432.45,,86.96
2026-02-08 12:00:00,CP-02,Running,52.79,23.97,6.64,359.53,28.81,68.84
2026-02-11 15:00:00,CP-04,Running,48.03,20.78,6.43,312.24,28.45,61.25
2026-01-30 08:00:00,CP-02,Running,52.59,24.1,6.84,399.13,32.07,73.06
2026-03-12 15:00:00,CP-02,Running,49.82,22.3,6.47,319.56,28.38,62.36
2026-03-06 17:00:00,CP-01,Running,49.64,22.7,6.54,312.21,28.66,58.3
2026-01-20 02:00:00,CP-03,Running,52.08,25.61,6.98,362.06,31.01,73.5
2026-02-13 17:00:00,CP-05,Running,49.5,24.95,6.89,339.28,28.52,67.48
2026-01-12 00:00:00,CP-02,Running,49.71,22.23,6.64,314.14,28.73,62.09
2026-03-30 07:00:00,CP-05,Running,58.55,31.02,7.16,435.79,32.7,90.91
2026-02-21 01:00:00,CP-05,Running,57.7,30.15,7.03,415.17,31.31,84.33
2026-01-11 06:00:00,CP-05,Running,54.53,28.41,7.11,446.83,32.27,82.97
2026-01-06 13:00:00,CP-04,Running,50.28,21.9,6.51,351.36,28.28,64.23
2026-03-30 17:00:00,CP-05,Running,52.87,27.43,6.92,381.98,29.45,80.9
2026-03-11 16:00:00,CP-04,Running,42.33,17.72,6.56,240.66,27.65,46.7
2026-01-31 00:00:00,CP-04,Running,45.6,19.57,6.6,293.19,28.67,57.64
2026-03-15 10:00:00,CP-03,Running,55.05,27.68,6.99,414.86,29.82,84.05
2026-01-22 12:00:00,CP-04,Running,46.76,19.94,6.63,246.7,29.33,54.75
2026-03-30 06:00:00,CP-04,Running,51.05,22.5,6.76,,32.63,69.59
2026-01-03 21:00:00,CP-02,Running,47.36,20.97,6.58,302.01,28.56,57.64
2026-01-26 20:00:00,CP-04,Running,49.28,21.21,6.61,260.87,28.23,58.93
2026-01-10 09:00:00,CP-01,Running,53.51,25.41,6.88,379.31,32.35,75.6
2026-01-05 00:00:00,CP-05,Running,54.06,27.79,7.02,387.51,29.3,76.56
2026-03-27 13:00:00,CP-02,Running,48.19,21.53,6.87,319.76,28.74,61.54
2026-03-12 02:00:00,CP-02,Running,51.31,23.33,6.81,368.26,30.48,69.58
2026-02-04 12:00:00,CP-05,Running,51.38,26.26,6.95,398.68,30.73,73.89
2026-03-11 17:00:00,CP-02,Running,44.44,19.47,6.55,291.13,26.99,52.71
2026-03-23 04:00:00,CP-05,Running,57.82,30.13,7.04,396.47,31.27,83.14
2026-01-13 10:00:00,CP-02,Running,51.54,23.28,6.83,346.31,30.1,66.48
2026-01-01 04:00:00,CP-02,Running,49.97,22.71,6.94,373.69,31.48,69.29
2026-02-19 10:00:00,CP-05,Running,50.39,25.84,6.99,345.98,32.09,75.56
2026-02-17 03:00:00,CP-03,Running,58.72,29.42,6.95,419.52,32.5,82.27
2026-03-08 22:00:00,CP-05,Running,53.29,26.94,6.95,350.16,28.0,68.9
2026-02-26 19:00:00,CP-04,Running,46.41,19.72,6.4,260.39,28.44,53.23
2026-03-31 11:00:00,CP-03,Running,55.84,27.52,6.91,382.74,31.35,74.53
2026-03-28 18:00:00,CP-01,Running,50.96,23.43,6.64,310.97,28.64,60.66
2026-02-04 03:00:00,CP-03,Running,51.76,25.66,6.96,425.39,31.02,77.26
2026-03-19 14:00:00,CP-02,Running,49.26,22.06,6.61,329.83,28.5,62.68
2026-02-03 19:00:00,CP-03,Running,53.16,25.67,6.7,368.03,29.07,65.2
2026-01-21 16:00:00,CP-04,Running,47.17,20.34,6.41,297.98,26.86,59.81
2026-03-27 20:00:00,CP-01,Running,47.41,21.83,6.86,310.35,27.44,61.34
2026-03-26 21:00:00,CP-03,Stopped,31.68,13.23,6.69,16.95,25.44,3.63
2026-01-25 21:00:00,CP-04,Running,43.16,18.34,6.51,267.54,26.62,53.26
2026-01-25 01:00:00,CP-01,Running,48.8,22.72,6.88,320.27,29.83,66.34
2026-02-05 14:00:00,CP-05,Running,50.04,25.53,6.98,377.77,29.89,73.16
2026-02-25 14:00:00,CP-01,Running,52.85,24.54,6.58,330.92,29.34,65.19
2026-03-04 05:00:00,CP-05,Running,60.02,31.52,7.1,503.46,32.57,86.67
2026-02-22 18:00:00,CP-01,Running,45.43,20.93,6.66,310.06,26.51,61.66
2026-03-10 02:00:00,CP-05,Running,58.4,30.74,7.08,455.46,31.31,87.8
2026-02-28 14:00:00,CP-04,Running,41.65,17.66,6.7,246.79,27.87,52.22
2026-01-06 22:00:00,CP-01,Running,55.71,26.3,6.81,375.16,29.33,72.74
2026-03-08 02:00:00,CP-05,Running,57.72,29.85,7.11,423.46,30.3,79.5
2026-01-08 09:00:00,CP-02,Running,52.49,24.11,6.76,407.63,32.13,74.19
2026-02-12 20:00:00,CP-05,Running,51.63,26.1,7.01,362.11,29.01,68.86
2026-03-30 13:00:00,CP-03,Running,51.5,25.41,6.9,368.71,30.29,75.14
2026-01-01 10:00:00,CP-04,Running,48.56,21.07,6.8,317.13,30.78,62.63
2026-01-28 17:00:00,CP-02,Running,45.33,20.05,6.52,290.05,27.1,57.01
2026-02-20 01:00:00,CP-05,Running,50.53,25.78,7.07,362.99,30.15,73.2
2026-03-13 07:00:00,CP-03,Running,51.63,25.89,7.02,454.23,32.21,82.65
2026-03-25 08:00:00,CP-01,Running,54.79,26.36,6.83,391.39,32.68,81.62
2026-02-01 12:00:00,CP-04,Running,44.98,19.34,6.53,312.18,29.51,58.59
2026-01-06 03:00:00,CP-01,Stopped,31.13,12.53,6.83,24.72,29.97,4.68
2026-01-24 03:00:00,CP-04,Running,50.25,21.75,6.82,303.93,30.07,61.42
2026-01-17 12:00:00,CP-04,Running,47.16,20.36,6.77,283.1,29.21,60.28
2026-03-28 03:00:00,CP-03,Running,57.4,28.6,7.19,401.91,32.61,79.79
2026-01-03 12:00:00,CP-02,Running,49.9,22.67,6.73,353.22,30.19,69.23
2026-01-20 22:00:00,CP-03,Running,54.95,27.1,6.79,361.81,30.26,74.9
2026-01-05 20:00:00,CP-01,Running,52.67,24.29,6.75,320.16,28.08,62.22
2026-01-29 12:00:00,CP-05,Stopped,31.19,13.67,6.87,40.37,26.61,7.89
2026-01-29 06:00:00,CP-01,Running,55.7,26.58,6.88,419.8,32.5,77.81
2026-01-21 17:00:00,CP-04,Running,43.69,18.6,6.52,270.68,26.47,53.92
2026-03-31 08:00:00,CP-04,Running,49.61,21.73,6.96,352.66,31.37,66.73
2026-03-29 08:00:00,CP-05,Running,54.98,28.51,7.2,397.78,32.48,80.69
2026-03-04 17:00:00,CP-01,Stopped,31.25,12.67,6.58,37.99,26.31,7.53
2026-02-19 11:00:00,CP-05,Running,52.48,27.14,7.11,388.64,31.62,79.47
2026-03-27 14:00:00,CP-05,Running,54.61,28.08,6.97,372.68,29.83,76.76
2026-02-06 16:00:00,CP-04,Running,46.89,19.93,6.4,297.09,28.12,53.32
2026-02-15 20:00:00,CP-04,Running,44.16,18.75,6.31,277.68,27.75,52.72
2026-03-05 22:00:00,CP-05,Running,56.44,29.4,6.83,434.72,30.63,82.86
2026-03-30 13:00:00,CP-02,Running,50.69,23.13,6.64,355.61,29.91,71.22
2026-02-25 23:00:00,CP-05,Running,54.09,27.83,6.94,385.6,29.66,77.08
2026-01-01 21:00:00,CP-02,Running,50.07,22.34,6.81,315.23,29.07,61.07
2026-03-10 19:00:00,CP-01,Running,48.28,22.1,6.66,306.36,27.7,58.77
2026-01-05 15:00:00,CP-01,Running,51.3,23.61,6.61,331.93,29.25,61.28
2026-01-30 14:00:00,CP-02,Running,47.84,21.16,6.7,278.3,28.07,57.03
2026-03-11 10:00:00,CP-05,Running,54.97,28.47,7.01,419.26,32.62,80.12
2026-03-28 02:00:00,CP-05,Running,54.54,27.85,7.15,388.04,31.21,73.56
2026-02-11 17:00:00,CP-05,Running,56.21,28.35,6.98,352.08,28.05,67.81
2026-02-07 03:00:00,CP-02,Running,52.33,23.93,6.87,373.36,31.02,72.09
2026-02-24 18:00:00,CP-04,Stopped,28.1,10.6,6.33,16.57,26.75,3.41
2026-01-04 16:00:00,CP-02,Running,44.28,19.55,6.65,317.15,26.73,56.28
2026-01-24 17:00:00,CP-04,Running,46.42,20.02,6.53,302.55,28.4,59.73
2026-01-16 05:00:00,CP-03,Running,58.4,29.21,7.05,422.95,32.28,81.49
2026-01-22 05:00:00,CP-02,Running,52.95,24.28,6.76,370.25,31.49,73.49
2026-03-05 06:00:00,CP-01,Running,56.0,26.98,6.99,420.35,32.51,82.3
2026-01-11 19:00:00,CP-03,Running,50.47,24.32,6.83,347.3,27.06,64.17
2026-01-28 16:00:00,CP-05,Running,49.37,25.01,6.82,349.26,29.38,69.97
2026-01-19 14:00:00,CP-05,Running,52.54,26.93,6.73,370.26,30.03,75.4
2026-03-04 16:00:00,CP-04,Running,46.0,19.51,6.56,266.57,29.27,52.33
2026-01-21 02:00:00,CP-04,Running,52.92,23.23,6.77,325.35,30.55,67.7
2026-03-27 22:00:00,CP-05,Running,53.69,27.45,6.94,383.84,27.64,74.08
2026-01-01 10:00:00,CP-01,Running,54.03,25.46,6.89,362.89,31.28,72.05
2026-03-06 19:00:00,CP-04,Running,47.56,20.56,6.25,324.74,28.66,60.8
2026-02-18 14:00:00,CP-04,Running,47.52,20.37,6.52,280.17,28.09,57.03
2026-03-16 07:00:00,CP-04,Running,52.73,22.93,6.75,333.69,32.16,63.49
2026-01-15 05:00:00,CP-01,Running,53.44,25.53,7.08,414.39,33.57,78.49
2026-01-13 19:00:00,CP-03,Running,50.69,24.87,6.82,366.14,29.77,72.63
2026-03-27 00:00:00,CP-02,Running,51.17,23.29,6.81,355.58,29.89,69.91
2026-03-15 05:00:00,CP-05,Running,58.13,30.57,7.27,451.37,31.97,87.42
2026-02-15 15:00:00,CP-01,Stopped,27.33,10.92,6.75,7.68,24.92,1.61
2026-02-15 16:00:00,CP-04,Running,48.32,20.51,6.49,272.49,26.28,52.76
2026-02-06 00:00:00,CP-04,Running,52.72,23.0,6.61,361.06,29.09,65.07
2026-02-17 05:00:00,CP-01,Running,54.52,26.08,6.93,407.13,33.29,78.94
2026-02-05 10:00:00,CP-01,Running,52.9,25.04,6.78,372.6,30.4,73.99
2026-02-14 08:00:00,CP-04,Running,51.4,22.69,6.77,375.25,32.71,70.44
2026-02-25 01:00:00,CP-04,Running,45.84,19.73,6.66,290.38,30.65,58.79
2026-03-24 07:00:00,CP-03,Running,62.26,31.41,7.11,432.46,32.69,85.61
2026-01-30 07:00:00,CP-01,Running,52.56,25.14,6.94,397.34,32.24,78.98
2026-03-26 12:00:00,CP-03,Running,52.61,25.97,6.82,399.31,31.93,75.35
2026-03-22 19:00:00,CP-01,Running,51.42,23.9,6.62,341.53,28.35,65.59
2026-02-04 14:00:00,CP-01,Stopped,27.11,10.92,6.72,26.6,25.91,5.02
2026-01-15 17:00:00,CP-05,Running,54.45,28.03,6.79,374.06,29.07,77.33
2026-03-21 07:00:00,CP-01,Running,55.24,26.61,6.96,390.8,32.53,82.31
2026-01-26 21:00:00,CP-05,Running,50.12,25.11,6.81,300.7,29.87,64.81
2026-02-27 19:00:00,CP-02,Running,48.69,21.71,6.58,306.23,29.06,60.55
2026-01-02 05:00:00,CP-04,Running,49.53,21.62,6.76,331.53,31.62,65.37
2026-02-12 19:00:00,CP-05,Running,50.11,25.09,6.94,306.38,27.19,64.51
2026-02-14 14:00:00,CP-02,Running,46.42,20.55,6.68,284.43,27.15,57.41
2026-03-21 12:00:00,CP-03,Running,50.24,24.33,6.83,311.59,29.12,66.6
2026-03-05 09:00:00,CP-04,Running,49.62,21.75,6.7,365.8,31.93,67.22
2026-01-26 16:00:00,CP-02,Running,52.47,23.72,6.51,333.62,29.53,66.97
2026-03-01 02:00:00,CP-01,Running,52.3,24.39,6.86,333.97,31.44,67.13
2026-03-07 01:00:00,CP-01,Running,51.83,24.52,6.94,382.34,30.52,73.89
2026-01-22 12:00:00,CP-02,Running,48.23,21.71,6.65,341.39,30.04,64.94
2026-02-13 21:00:00,CP-03,Running,46.57,22.51,6.84,334.35,27.79,65.53
2026-03-14 09:00:00,CP-01,Running,52.26,25.01,6.98,432.98,31.72,79.18
2026-02-26 12:00:00,CP-02,Running,47.82,21.61,6.61,323.19,30.03,66.81
2026-03-27 03:00:00,CP-05,Running,56.81,29.67,7.01,419.97,32.2,84.11
2026-02-07 11:00:00,CP-02,Running,51.58,23.6,6.73,382.61,30.77,72.48
2026-01-30 05:00:00,CP-04,Running,49.87,22.09,6.81,366.42,30.73,71.95
2026-03-20 13:00:00,CP-02,Running,46.69,20.81,6.71,302.37,29.73,60.47
2026-01-30 07:00:00,CP-04,Running,51.58,22.73,6.75,359.92,32.71,69.63
2026-01-30 05:00:00,CP-01,Running,53.36,25.1,7.0,363.63,32.14,71.23
2026-03-25 17:00:00,CP-01,Running,50.13,22.88,6.71,269.28,29.27,57.38
2026-01-27 01:00:00,CP-03,Running,54.23,26.8,7.01,390.29,30.68,75.91
2026-01-14 13:00:00,CP-03,Running,54.14,26.98,6.72,416.01,29.89,79.86
2026-03-04 12:00:00,CP-02,Running,49.16,21.95,6.71,336.29,30.64,61.25
2026-02-08 13:00:00,CP-05,Running,51.02,26.09,6.88,370.4,28.54,74.27
2026-02-02 09:00:00,CP-05,Running,54.62,28.24,7.16,426.25,32.29,79.4
2026-01-15 07:00:00,CP-02,Running,53.05,24.29,6.71,381.17,32.37,72.84
2026-02-12 17:00:00,CP-04,Running,46.05,19.43,6.48,256.93,27.67,50.0
2026-02-17 19:00:00,CP-03,Running,50.91,24.36,6.57,307.29,28.47,61.03
2026-03-31 13:00:00,CP-02,Running,50.84,22.95,6.65,346.21,28.56,66.28
2026-02-06 08:00:00,CP-05,Running,58.18,30.82,7.07,469.69,32.15,90.93
2026-02-01 22:00:00,CP-02,Running,52.13,23.26,6.64,316.35,27.53,60.99
2026-01-09 22:00:00,CP-02,Running,47.69,21.32,6.57,328.38,29.32,61.91
2026-01-17 13:00:00,CP-02,Running,50.91,22.85,6.75,324.76,30.39,63.6
2026-03-16 14:00:00,CP-01,Running,47.75,22.4,6.62,368.83,30.11,69.86
2026-01-07 10:00:00,CP-04,Running,44.72,19.19,6.6,290.8,30.67,57.56
2026-03-03 11:00:00,CP-03,Running,53.24,26.04,6.88,370.57,31.67,71.07
2026-02-28 18:00:00,CP-03,Running,46.37,22.22,6.59,321.95,29.28,61.77
2026-02-15 05:00:00,CP-03,Stopped,31.11,13.12,7.05,38.97,28.66,7.68
2026-01-09 20:00:00,CP-02,Running,52.71,23.51,6.46,317.55,27.69,60.83
2026-03-08 14:00:00,CP-04,Running,50.4,21.81,6.44,311.77,28.84,61.31
2026-03-21 00:00:00,CP-02,Running,52.87,23.76,6.65,324.33,29.82,64.29
2026-01-04 10:00:00,CP-01,Running,53.98,25.41,7.0,366.15,32.42,71.48
2026-02-21 08:00:00,CP-02,Running,55.36,25.56,6.99,392.86,32.12,76.58
2026-02-19 12:00:00,CP-01,Running,50.94,24.17,6.88,362.42,29.29,75.24
2026-03-07 01:00:00,CP-05,Running,53.13,27.45,6.92,389.94,31.57,78.95
2026-02-15 23:00:00,CP-01,Stopped,30.09,12.21,6.68,41.59,26.11,7.9
2026-03-04 06:00:00,CP-03,Running,52.51,25.86,6.99,396.85,33.04,74.15
2026-01-17 19:00:00,CP-02,Running,51.24,23.01,6.51,308.46,29.78,63.99
2026-03-30 03:00:00,CP-01,Running,52.15,24.6,6.94,363.12,34.41,72.43
2026-03-06 05:00:00,CP-05,Running,57.78,30.01,7.09,434.83,31.57,81.42
2026-03-30 03:00:00,CP-04,Running,50.81,22.26,6.69,329.26,30.14,66.85
2026-01-22 23:00:00,CP-04,Running,47.93,20.58,6.63,277.94,30.31,57.93
2026-02-11 04:00:00,CP-03,Running,55.08,27.55,7.04,396.7,31.06,81.55
2026-02-17 06:00:00,CP-05,Running,56.53,29.69,7.13,449.45,31.39,86.71
2026-01-30 16:00:00,CP-05,Running,44.47,22.08,6.77,325.17,28.66,60.67
2026-03-01 06:00:00,CP-01,Running,58.32,28.12,7.0,420.17,33.5,82.79
2026-02-14 13:00:00,CP-04,Running,49.8,21.51,6.65,295.25,29.89,60.46
2026-03-30 00:00:00,CP-01,Running,51.11,24.0,6.89,360.84,30.52,70.3
2026-01-16 00:00:00,CP-02,Running,53.92,24.62,6.64,389.36,30.34,71.45
2026-03-02 17:00:00,CP-02,Running,47.66,20.98,6.71,308.09,29.07,54.85
2026-03-29 11:00:00,CP-05,Running,54.51,28.08,7.02,397.75,30.37,77.67
2026-03-27 20:00:00,CP-03,Running,52.45,25.54,6.68,339.59,28.95,69.02
2026-02-20 16:00:00,CP-03,Running,53.15,25.98,6.89,347.04,30.1,70.91
2026-03-24 02:00:00,CP-01,Running,55.26,26.35,6.93,376.74,32.13,77.44
2026-02-08 22:00:00,CP-03,Running,53.63,26.27,6.85,381.83,28.88,71.77
2026-03-20 23:00:00,CP-01,Running,49.64,23.39,6.69,359.37,30.14,71.99
2026-01-11 19:00:00,CP-05,Running,47.22,23.82,6.8,339.2,28.58,67.92
2026-01-14 13:00:00,CP-05,Running,56.31,29.21,6.91,429.85,30.74,80.86
2026-02-16 22:00:00,CP-03,Running,49.46,24.11,6.93,357.22,29.12,69.58
2026-01-10 15:00:00,CP-04,Running,45.36,19.42,6.55,328.79,27.11,56.51
2026-02-17 13:00:00,CP-03,Running,55.06,27.35,6.88,382.02,30.0,78.25
2026-03-17 00:00:00,CP-04,Running,49.71,21.52,6.77,278.17,30.21,61.54
2026-03-09 16:00:00,CP-05,Running,54.65,28.01,6.97,400.02,28.55,75.29
2026-03-09 05:00:00,CP-02,Running,50.54,22.92,6.86,365.65,30.63,68.34
2026-01-24 23:00:00,CP-04,Running,42.69,18.16,6.48,269.16,29.6,53.76
2026-02-12 19:00:00,CP-02,Running,50.65,22.67,6.61,307.93,26.53,62.37
2026-01-09 13:00:00,CP-05,Running,52.98,27.31,6.97,397.32,31.53,77.87
2026-01-12 09:00:00,CP-04,Running,50.13,21.88,6.72,354.78,32.31,65.21
2026-03-01 01:00:00,CP-04,Running,51.58,22.53,6.67,343.41,31.43,65.5
2026-03-21 02:00:00,CP-05,Running,56.44,29.41,7.08,391.08,31.28,82.97
2026-03-17 19:00:00,CP-02,Running,47.76,21.42,6.55,295.88,29.25,63.29
2026-02-21 09:00:00,CP-05,Running,53.4,27.68,7.2,379.35,31.26,80.65
2026-02-28 23:00:00,CP-05,Running,50.62,25.78,6.98,351.52,29.97,72.31
2026-02-14 15:00:00,CP-03,Running,51.03,25.08,6.92,381.11,29.95,73.31
2026-01-07 09:00:00,CP-04,Running,52.87,23.21,6.81,369.25,31.63,67.95
2026-03-04 13:00:00,CP-01,Running,49.76,23.42,6.75,394.87,28.01,71.34
2026-01-05 19:00:00,CP-04,Running,42.16,17.9,6.48,280.01,28.3,52.92
2026-03-13 07:00:00,CP-05,Running,58.57,30.64,7.15,442.08,33.49,84.88
2026-01-06 04:00:00,CP-03,Running,55.14,27.48,7.07,452.89,32.52,79.82
2026-02-13 15:00:00,CP-05,Running,51.3,25.73,6.9,360.86,28.53,65.2
2026-03-17 21:00:00,CP-04,Running,47.25,20.31,6.34,294.39,29.16,58.33
2026-01-14 09:00:00,CP-02,Running,51.22,23.52,6.95,376.4,31.82,74.15
2026-03-19 17:00:00,CP-04,Running,43.3,18.45,6.33,253.56,28.69,54.48
2026-02-12 00:00:00,CP-01,Running,53.22,24.9,6.72,367.5,30.29,68.75
2026-02-14 02:00:00,CP-03,Running,57.56,28.42,6.9,390.06,30.42,75.43
2026-02-22 17:00:00,CP-01,Running,47.47,21.83,6.65,288.16,29.03,60.89
2026-02-09 19:00:00,CP-01,Running,48.48,22.23,6.61,300.14,28.25,59.53
2026-02-06 19:00:00,CP-02,Running,51.42,23.04,6.53,341.55,27.86,62.94
2026-01-05 07:00:00,CP-01,Running,52.89,25.05,7.1,403.4,32.48,74.34
2026-02-17 21:00:00,CP-05,Running,49.7,25.15,6.86,338.28,29.68,69.48
2026-02-25 01:00:00,CP-02,Running,52.42,23.77,6.81,343.72,30.76,68.22
2026-02-02 07:00:00,CP-01,Running,55.2,26.25,7.0,405.72,31.17,76.2
2026-03-27 17:00:00,CP-04,Running,45.88,19.64,6.37,273.2,27.54,56.58
2026-01-08 02:00:00,CP-05,Running,54.89,28.27,7.06,409.0,30.71,77.46
2026-02-28 01:00:00,CP-04,Running,46.33,19.95,6.58,304.96,29.1,59.08
2026-01-22 08:00:00,CP-05,Running,54.86,28.72,7.19,399.68,33.41,85.3
2026-03-28 07:00:00,CP-01,Running,54.52,26.25,6.92,406.26,31.73,82.12
2026-01-02 01:00:00,CP-03,Running,53.43,26.53,6.79,386.72,30.92,78.11
2026-01-29 11:00:00,CP-01,Running,50.97,24.14,6.88,379.0,30.98,74.34
2026-02-07 10:00:00,CP-02,Running,55.77,25.57,6.7,384.53,32.47,73.44
2026-03-15 16:00:00,CP-03,Running,50.89,24.54,6.73,321.26,28.95,64.55
2026-01-19 08:00:00,CP-02,Running,49.73,22.34,6.81,320.99,30.04,64.01
2026-03-24 16:00:00,CP-05,Running,50.97,25.75,6.73,338.05,27.96,68.54
2026-01-19 14:00:00,CP-01,Running,50.86,23.68,6.61,310.76,29.31,66.44
2026-03-02 13:00:00,CP-01,Running,49.25,23.14,6.64,377.34,29.26,70.67
2026-01-11 02:00:00,CP-04,Running,45.63,19.98,6.64,357.98,31.63,66.6
2026-02-20 20:00:00,CP-05,Running,51.4,26.38,6.75,377.17,29.88,75.83
2026-03-09 04:00:00,CP-02,Running,53.68,24.64,6.73,372.56,33.18,74.0
2026-01-09 04:00:00,CP-02,Running,54.45,24.92,6.8,356.43,31.81,72.63
2026-02-27 12:00:00,CP-02,Running,51.28,23.18,6.8,343.75,30.35,66.98
2026-03-15 19:00:00,CP-03,Running,49.87,24.16,6.7,333.66,28.34,66.73
2026-03-04 20:00:00,CP-04,Running,50.42,21.72,6.33,315.81,28.22,59.27
2026-02-15 01:00:00,CP-01,Running,54.63,25.79,6.7,361.4,30.1,72.81
2026-03-29 02:00:00,CP-01,Stopped,28.09,11.36,6.84,31.66,27.81,6.43
2026-03-22 12:00:00,CP-04,Running,48.07,20.66,6.63,298.7,29.97,58.29
2026-02-06 23:00:00,CP-02,Running,49.91,22.27,6.84,341.25,29.42,60.92
2026-02-03 11:00:00,CP-02,Running,54.38,24.89,6.71,381.69,31.02,72.62
2026-03-15 07:00:00,CP-04,Running,51.91,22.63,6.78,340.79,30.61,64.59
2026-03-06 04:00:00,CP-03,Running,53.52,26.5,7.11,405.39,31.0,76.78
2026-01-26 19:00:00,CP-02,Running,45.2,19.9,6.62,266.87,29.41,55.06
2026-03-09 22:00:00,CP-01,Running,57.08,26.87,6.7,381.56,28.6,71.58
2026-03-07 03:00:00,CP-01,Running,54.7,26.21,7.02,443.71,31.91,79.67
2026-02-11 03:00:00,CP-05,Running,55.62,29.23,7.02,443.0,31.85,87.06
2026-02-24 06:00:00,CP-05,Running,60.21,32.04,,465.17,32.44,93.08
2026-02-21 21:00:00,CP-04,Running,54.48,23.7,6.64,310.65,28.3,63.77
2026-02-03 06:00:00,CP-04,Running,48.67,21.17,6.66,336.14,31.87,63.68
2026-03-14 04:00:00,CP-05,Running,56.26,29.23,7.01,408.6,32.58,81.7
2026-01-03 09:00:00,CP-04,Running,53.35,23.6,6.91,362.23,31.49,71.41
2026-01-11 12:00:00,CP-03,Running,49.65,24.25,7.01,388.47,29.47,70.4
2026-01-12 12:00:00,CP-05,Running,58.5,30.53,6.99,426.15,30.34,83.68
2026-01-09 04:00:00,CP-03,Running,54.94,27.27,7.18,386.05,31.9,77.83
2026-01-06 01:00:00,CP-04,Running,48.64,21.22,6.44,349.35,29.52,65.08
2026-01-31 12:00:00,CP-03,Running,50.87,25.27,7.0,415.97,30.43,78.31
2026-01-06 19:00:00,CP-05,Running,50.86,25.73,6.88,377.4,28.06,69.32
2026-01-18 20:00:00,CP-03,Running,49.44,23.95,6.9,333.1,28.98,66.69
2026-01-01 06:00:00,CP-04,Running,52.9,23.44,6.71,381.92,30.75,72.11
2026-02-26 13:00:00,CP-02,Running,50.11,22.59,6.65,323.71,29.6,65.53
2026-01-19 21:00:00,CP-04,Running,52.88,22.86,6.5,311.65,29.01,60.83
2026-02-26 11:00:00,CP-01,Running,52.34,24.74,6.79,364.13,30.52,73.32
2026-01-24 00:00:00,CP-02,Running,54.49,24.78,6.76,349.9,30.67,69.63
2026-01-06 19:00:00,CP-01,Running,47.97,21.9,6.65,297.86,28.76,57.65
2026-01-27 05:00:00,CP-04,Running,55.75,24.68,6.6,333.78,31.26,71.76
2026-01-09 22:00:00,CP-01,Running,50.81,23.34,6.76,314.11,29.8,60.3
2026-01-23 22:00:00,CP-02,Running,48.95,21.72,6.81,286.08,28.39,58.37
2026-03-07 05:00:00,CP-05,Running,58.55,30.5,7.05,441.77,32.1,82.93
2026-02-05 13:00:00,CP-02,Running,49.97,22.59,6.56,364.25,30.11,66.96
2026-03-08 23:00:00,CP-01,Running,52.42,24.5,6.88,352.63,29.06,68.18
2026-02-23 07:00:00,CP-04,Running,51.52,22.7,6.73,316.24,30.95,69.44
2026-02-14 23:00:00,CP-03,Running,49.91,24.11,6.82,329.91,29.39,65.33
2026-01-09 10:00:00,CP-01,Running,54.51,25.66,6.89,360.29,31.36,71.46
2026-02-17 11:00:00,CP-01,Running,53.32,25.25,6.81,373.06,30.5,74.21
2026-01-01 07:00:00,CP-05,Running,57.75,30.35,7.11,465.28,31.51,87.16
2026-01-27 02:00:00,CP-01,Running,54.24,25.64,6.86,364.42,31.18,73.46
2026-01-18 08:00:00,CP-05,Running,57.05,29.7,7.06,415.69,31.33,82.57
2026-01-31 06:00:00,CP-05,Running,54.32,28.22,7.15,410.84,32.78,81.54
2026-02-06 11:00:00,CP-04,Running,47.0,20.0,6.74,299.73,27.89,53.94
2026-03-04 06:00:00,CP-02,Running,53.46,24.85,6.86,418.23,30.88,79.75
2026-02-15 15:00:00,CP-02,Running,45.19,20.17,6.49,311.0,27.6,61.1
2026-03-07 11:00:00,CP-05,Running,56.3,29.15,7.06,414.13,31.59,80.07
2026-02-22 07:00:00,CP-01,Stopped,32.23,13.03,7.01,31.88,29.38,6.39
2026-03-07 14:00:00,CP-03,Running,47.19,22.86,6.89,351.75,29.01,66.75
2026-03-10 19:00:00,CP-03,Running,48.05,23.49,6.82,382.53,28.18,70.82
2026-03-21 01:00:00,CP-03,Running,50.14,24.58,6.9,365.21,31.42,72.05
2026-01-04 02:00:00,CP-05,Running,58.08,30.33,7.17,423.03,32.04,83.99
2026-01-12 05:00:00,CP-05,Running,56.47,29.42,7.25,432.24,32.56,82.97
2026-01-06 09:00:00,CP-02,Running,53.49,24.73,6.69,408.08,31.08,77.37
2026-01-12 15:00:00,CP-01,Running,51.65,24.08,6.72,343.26,28.52,67.07
2026-02-17 05:00:00,CP-02,Running,52.04,23.72,6.78,359.74,30.17,70.7
2026-01-30 05:00:00,CP-05,Running,55.05,28.42,7.24,396.74,31.08,78.63
2026-03-01 17:00:00,CP-04,Running,41.41,17.3,6.44,229.07,26.36,45.64
2026-03-19 04:00:00,CP-04,Running,46.65,20.15,6.69,320.62,31.09,60.56
2026-02-17 07:00:00,CP-05,Running,57.61,30.38,7.04,458.94,33.69,88.59
2026-03-25 05:00:00,CP-03,Running,57.85,29.15,7.17,413.02,33.13,84.97
2026-02-21 01:00:00,CP-02,Running,52.51,23.66,6.68,321.7,29.85,65.34
2026-01-27 08:00:00,CP-01,Running,48.82,22.75,6.97,346.95,30.85,66.82
2026-03-15 13:00:00,CP-01,Running,47.2,21.74,6.72,295.44,28.33,61.53
2026-03-11 15:00:00,CP-04,Running,43.94,18.73,6.52,287.34,29.32,54.5
2026-03-28 01:00:00,CP-03,Running,55.56,27.6,6.78,383.91,30.92,78.25
2026-01-29 21:00:00,CP-01,Running,48.39,22.07,6.77,285.24,28.51,57.11
2026-01-25 18:00:00,CP-03,Running,52.93,25.75,6.64,337.6,26.47,68.62
2026-03-01 21:00:00,CP-04,Running,48.11,20.38,6.61,260.51,28.87,51.95
2026-01-15 19:00:00,CP-05,Running,51.93,26.24,6.82,363.1,28.61,68.72
2026-03-17 16:00:00,CP-04,Running,49.04,21.07,6.42,290.13,27.3,58.04
2026-03-07 16:00:00,CP-02,Running,48.62,21.48,6.48,300.2,27.52,56.56
2026-03-27 10:00:00,CP-03,Running,55.09,27.29,6.96,375.7,30.97,76.95
2026-03-11 03:00:00,CP-03,Running,54.78,27.36,6.9,409.16,31.82,80.84
2026-03-29 11:00:00,CP-04,Running,48.58,21.15,6.56,330.25,28.45,64.01
2026-02-06 15:00:00,CP-02,Running,48.55,21.61,6.58,301.56,28.98,59.93
2026-03-01 19:00:00,CP-02,Running,45.28,20.17,6.5,301.16,27.72,60.28
2026-01-25 13:00:00,CP-01,Running,49.03,22.99,6.86,352.82,29.94,69.6
2026-01-30 04:00:00,CP-04,Running,51.93,22.9,6.59,344.61,31.33,69.97
2026-01-08 03:00:00,CP-04,Running,50.99,22.35,6.73,353.79,31.24,67.24
2026-02-26 22:00:00,CP-01,Running,50.96,24.12,6.71,354.47,29.23,73.93
2026-02-09 07:00:00,CP-05,Running,57.55,30.43,7.21,466.37,34.85,89.98
2026-01-05 16:00:00,CP-01,Running,50.49,23.42,6.61,364.89,28.71,64.84
2026-01-27 15:00:00,CP-01,Running,49.4,22.69,6.61,305.39,28.4,60.28
2026-02-10 02:00:00,CP-04,Running,49.88,21.77,6.76,356.33,31.07,65.1
2026-02-07 23:00:00,CP-04,Running,48.72,21.22,6.5,329.42,29.06,64.31
2026-01-07 18:00:00,CP-02,Stopped,29.71,11.5,6.74,6.62,25.64,1.2
2026-01-16 15:00:00,CP-01,Running,47.78,22.3,6.71,327.75,29.88,67.46
2026-01-10 04:00:00,CP-05,Running,57.1,30.2,7.14,485.16,31.22,90.14
2026-03-20 11:00:00,CP-05,Running,54.13,28.08,7.02,398.5,30.26,80.86
2026-01-29 08:00:00,CP-05,Running,58.21,31.04,7.13,470.89,32.28,94.08
2026-03-07 19:00:00,CP-01,Running,51.57,23.67,6.61,316.55,28.18,60.06
2026-02-03 16:00:00,CP-03,Running,48.28,23.45,6.75,365.41,28.89,67.9
2026-01-02 15:00:00,CP-03,Running,52.41,25.64,6.9,365.38,28.32,71.15
2026-01-02 11:00:00,CP-01,Running,53.12,25.32,6.98,403.63,30.48,77.34
2026-01-10 14:00:00,CP-03,Running,50.28,24.29,6.8,339.9,30.36,65.36
2026-01-13 14:00:00,CP-03,Running,53.86,26.6,6.87,392.88,28.85,75.68
2026-03-16 10:00:00,CP-01,Running,54.09,25.61,6.91,356.57,31.08,74.17
2026-01-13 13:00:00,CP-03,Running,50.72,24.54,6.9,351.59,29.85,66.06
2026-02-04 14:00:00,CP-04,Running,45.24,19.33,6.57,304.44,29.63,55.57
2026-01-24 01:00:00,CP-03,Running,55.85,28.02,7.09,395.15,30.69,83.02
2026-01-03 05:00:00,CP-05,Running,54.79,28.57,7.14,432.41,31.54,83.43
2026-03-15 07:00:00,CP-05,Running,54.2,28.37,7.22,438.92,32.0,85.15
2026-01-26 06:00:00,CP-02,Running,52.73,23.88,6.87,328.95,32.59,67.83
2026-02-12 21:00:00,CP-03,Running,51.92,25.53,6.75,373.09,29.89,73.52
2026-03-25 16:00:00,CP-01,Running,51.71,24.16,6.71,331.09,28.28,68.0
2026-03-01 02:00:00,CP-05,Running,55.13,28.17,7.02,355.52,32.08,73.89
2026-03-19 07:00:00,CP-03,Running,57.86,29.05,6.98,426.37,31.15,83.31
2026-02-14 14:00:00,CP-01,Running,49.95,23.37,6.71,367.04,30.2,68.7
2026-03-09 16:00:00,CP-01,Running,45.89,20.97,6.61,299.32,29.17,57.88
2026-02-02 23:00:00,CP-02,Running,52.18,23.61,6.57,333.48,30.16,67.28
2026-02-22 01:00:00,CP-05,Stopped,26.59,11.54,7.01,20.29,27.17,4.08
2026-01-15 05:00:00,CP-03,Running,57.34,28.72,,433.94,32.82,82.17
2026-01-09 06:00:00,CP-02,Stopped,29.57,11.64,6.7,41.32,28.7,7.73
2026-02-19 13:00:00,CP-03,Running,51.41,25.11,6.87,358.6,28.98,70.49
2026-02-09 00:00:00,CP-01,Running,53.88,25.46,6.63,,29.91,73.23
2026-03-27 04:00:00,CP-03,Running,55.05,27.41,7.11,410.45,31.94,79.31
2026-03-17 22:00:00,CP-03,Running,51.66,25.14,6.95,,29.1,68.74
2026-01-08 14:00:00,CP-01,Running,51.7,24.39,6.76,399.4,29.99,72.48
2026-03-09 23:00:00,CP-05,Running,53.35,27.35,6.99,405.69,29.7,75.38
2026-02-02 11:00:00,CP-03,Running,54.83,27.41,6.81,405.89,30.86,81.34
2026-03-29 11:00:00,CP-01,Running,52.53,24.91,6.91,386.64,30.22,74.86
2026-02-07 12:00:00,CP-03,Running,52.7,26.14,7.0,388.82,30.63,77.58
2026-01-05 18:00:00,CP-04,Running,42.33,17.77,6.45,247.63,28.32,47.92
2026-01-10 08:00:00,CP-03,Running,53.7,26.67,7.1,404.92,31.09,78.19
2026-03-10 22:00:00,CP-02,Running,47.69,21.22,6.67,312.52,29.36,59.76
2026-03-06 16:00:00,CP-05,Running,53.41,27.27,6.87,403.2,27.79,73.42
2026-02-26 04:00:00,CP-05,Running,53.82,28.06,7.14,399.23,30.67,83.26
2026-02-09 20:00:00,CP-02,Running,49.35,22.08,6.49,328.23,28.44,62.23
2026-01-04 15:00:00,CP-01,Running,51.4,24.03,6.68,363.15,27.24,68.37
2026-03-12 09:00:00,CP-02,Stopped,30.59,11.94,6.79,24.1,26.34,4.56
2026-01-24 02:00:00,CP-02,Running,49.9,22.75,6.92,356.39,29.81,70.8
2026-01-13 07:00:00,CP-04,Running,58.13,25.82,6.76,356.16,32.38,73.3
2026-03-29 22:00:00,CP-05,Running,52.59,26.57,6.86,324.62,28.95,68.58
2026-01-12 18:00:00,CP-02,Running,46.93,20.79,6.82,309.06,27.26,57.84
2026-01-15 07:00:00,CP-03,Running,56.91,28.77,6.94,440.32,32.69,86.5
2026-01-25 07:00:00,CP-01,Running,52.67,25.12,6.89,389.02,31.58,77.7
2026-02-18 09:00:00,CP-05,Running,57.26,29.85,7.2,408.65,31.05,83.28
2026-03-22 00:00:00,CP-03,Running,52.78,25.7,6.89,330.78,29.32,69.05
2026-01-12 00:00:00,CP-03,Running,51.64,25.36,6.93,388.44,29.47,73.01
2026-02-20 15:00:00,CP-02,Running,46.53,20.35,6.58,244.36,28.18,52.12
2026-01-09 23:00:00,CP-03,Running,52.78,25.94,6.83,398.46,29.05,73.36
2026-01-16 11:00:00,CP-03,Running,57.31,28.49,7.01,400.14,30.83,78.66
2026-03-25 19:00:00,CP-05,Running,48.53,24.48,6.82,327.06,29.29,67.88
2026-02-02 02:00:00,CP-03,Running,55.75,27.83,7.02,401.49,31.56,80.55
2026-02-27 02:00:00,CP-03,Running,56.45,27.72,6.85,352.63,31.22,72.95
2026-02-22 01:00:00,CP-03,Running,54.06,26.62,6.97,376.88,30.53,74.23
2026-03-10 08:00:00,CP-01,Running,59.91,28.98,6.71,448.63,32.75,84.27
2026-02-20 05:00:00,CP-04,Running,51.34,22.49,6.72,325.72,29.61,66.84
2026-01-11 19:00:00,CP-02,Running,51.12,22.85,6.58,319.91,28.22,61.69
2026-03-09 01:00:00,CP-05,Running,57.53,29.71,7.06,393.58,31.28,78.85
2026-03-19 00:00:00,CP-01,Running,49.48,22.97,6.87,351.48,30.73,65.2
2026-01-23 23:00:00,CP-01,Running,49.5,22.88,6.71,311.84,28.51,63.08
2026-03-02 18:00:00,CP-02,Stopped,28.33,11.0,6.48,11.34,26.44,2.28
2026-02-20 04:00:00,CP-02,Running,55.92,25.9,6.83,372.77,30.57,78.21
2026-01-07 15:00:00,CP-03,Running,47.26,22.39,6.68,314.43,28.63,56.69
2026-03-06 09:00:00,CP-01,Running,53.75,25.8,6.93,437.57,31.51,80.61
2026-03-04 23:00:00,CP-02,Running,50.81,22.54,6.6,303.91,29.14,58.41
2026-02-17 18:00:00,CP-05,Running,48.27,24.03,6.96,317.3,28.4,61.94
2026-01-15 06:00:00,CP-02,Running,54.37,24.91,6.85,357.47,31.13,72.98
2026-02-11 01:00:00,CP-05,Running,53.6,27.33,7.07,378.3,29.11,72.97
2026-03-15 12:00:00,CP-02,Running,53.24,24.11,6.74,353.69,30.42,67.65
2026-03-26 14:00:00,CP-01,Running,49.8,23.18,6.75,335.71,28.64,66.34
2026-02-15 00:00:00,CP-05,Running,52.59,26.99,7.07,382.46,31.58,75.87
2026-01-30 07:00:00,CP-02,Running,48.15,21.93,6.79,352.04,32.65,70.43
2026-02-20 21:00:00,CP-02,Running,46.11,20.56,6.43,301.93,29.02,60.6
2026-01-24 03:00:00,CP-05,Running,55.79,29.05,7.1,410.75,29.07,82.64
2026-03-31 14:00:00,CP-04,Running,48.76,21.1,6.56,321.8,26.95,61.27
2026-01-19 17:00:00,CP-05,Running,50.73,25.38,6.87,315.19,28.04,64.26
2026-01-20 17:00:00,CP-05,Running,52.29,26.59,6.85,350.08,28.14,71.67
2026-01-04 13:00:00,CP-01,Running,51.59,24.03,6.71,353.36,29.99,66.73
2026-01-07 17:00:00,CP-01,Running,51.13,23.64,6.56,326.29,29.3,63.28
2026-03-18 14:00:00,CP-03,Running,52.85,25.99,6.78,371.12,29.81,73.62
2026-02-19 20:00:00,CP-01,Running,50.09,23.24,6.77,337.54,28.11,64.82
2026-03-18 10:00:00,CP-03,Running,55.1,27.05,6.95,351.25,30.47,72.84
2026-02-04 16:00:00,CP-03,Running,48.0,23.25,6.66,366.14,29.94,66.6
2026-03-28 06:00:00,CP-04,Running,55.5,24.46,6.83,348.29,30.91,69.7
2026-01-01 15:00:00,CP-04,Running,48.18,20.95,6.47,320.8,28.71,63.56
2026-01-23 18:00:00,CP-02,Running,48.64,21.38,6.39,262.07,27.66,54.31
2026-03-21 22:00:00,CP-02,Running,46.43,20.64,6.72,292.8,27.05,59.23
2026-03-15 18:00:00,CP-03,Running,52.48,25.83,6.7,383.43,29.42,73.93
2026-02-10 17:00:00,CP-05,Running,54.85,28.04,6.97,352.39,29.35,74.01
2026-02-20 08:00:00,CP-02,Running,49.58,22.25,6.85,332.73,29.87,63.7
2026-03-14 07:00:00,CP-02,Running,50.39,23.16,6.85,382.46,33.02,74.43
2026-02-10 14:00:00,CP-02,Running,48.94,22.01,6.77,338.13,30.45,64.45
2026-01-01 14:00:00,CP-04,Stopped,29.27,11.12,6.64,32.02,26.25,6.04
2026-03-19 01:00:00,CP-01,Running,52.05,24.31,6.84,337.58,30.99,67.89
2026-02-01 20:00:00,CP-05,Running,53.43,27.15,6.85,372.48,27.71,71.31
2026-02-07 18:00:00,CP-04,Running,42.73,18.2,6.38,297.23,27.88,54.22
2026-03-17 08:00:00,CP-05,Running,58.02,30.21,7.15,434.53,32.55,82.56
2026-01-28 05:00:00,CP-04,Running,49.71,21.95,6.67,349.11,31.28,70.64
2026-03-19 05:00:00,CP-04,Stopped,29.8,11.34,6.73,37.29,29.61,7.09
2026-01-26 03:00:00,CP-02,Running,52.22,23.76,6.81,337.26,32.45,69.91
2026-01-26 11:00:00,CP-04,Running,52.31,23.0,6.5,315.53,31.16,68.62
2026-03-30 20:00:00,CP-03,Running,52.66,25.7,6.75,357.45,28.08,70.08
2026-01-19 23:00:00,CP-02,Running,49.16,22.09,6.75,316.06,28.41,64.1
2026-01-05 20:00:00,CP-02,Running,52.73,23.46,6.58,321.09,27.96,59.78
2026-02-09 23:00:00,CP-05,Running,53.87,27.62,7.0,387.01,29.7,75.39
2026-01-16 07:00:00,CP-04,Running,47.1,20.49,6.61,329.38,31.08,63.74
2026-01-08 18:00:00,CP-01,Running,48.51,22.47,6.66,342.59,29.11,64.14
2026-02-07 07:00:00,CP-04,Running,53.13,23.4,6.85,359.66,30.44,69.37
2026-02-17 21:00:00,CP-03,Running,46.34,34.038000000000004,6.78,268.46,28.84,56.68
2026-01-16 09:00:00,CP-02,Running,53.48,24.31,6.76,342.99,31.13,69.45
2026-02-07 08:00:00,CP-02,Running,53.77,24.71,6.8,390.8,30.51,74.41
2026-02-17 17:00:00,CP-01,Running,46.99,21.6,6.58,275.06,27.47,60.64
2026-01-29 18:00:00,CP-01,Running,47.33,21.6,6.7,288.37,28.36,57.41
2026-02-03 12:00:00,CP-02,Running,50.79,23.11,6.61,361.73,30.61,69.84
2026-03-17 08:00:00,CP-04,Running,48.7,21.23,6.71,340.7,30.9,64.8
2026-01-10 13:00:00,CP-01,Stopped,28.79,11.5,6.73,8.73,26.62,1.76
2026-02-11 09:00:00,CP-03,Running,56.4,28.01,6.98,419.9,30.63,78.13
2026-02-18 17:00:00,CP-02,Running,47.36,20.88,6.63,286.48,27.96,55.65
2026-01-14 23:00:00,CP-01,Running,50.6,23.84,6.76,377.33,29.42,71.84
2026-03-07 09:00:00,CP-05,Running,57.09,29.54,7.19,413.1,32.82,79.73
2026-03-04 06:00:00,CP-05,Running,54.74,28.24,7.13,402.05,32.18,78.38
2026-02-10 12:00:00,CP-03,Running,58.3,29.11,6.91,422.05,30.9,80.62
2026-03-24 15:00:00,CP-03,Running,50.63,24.59,6.92,308.72,28.28,67.79
2026-03-07 14:00:00,CP-02,Running,47.19,20.95,6.7,314.28,28.26,58.71
2026-03-26 12:00:00,CP-01,Running,49.36,23.09,6.82,354.34,30.13,68.57
2026-02-07 08:00:00,CP-04,Running,49.37,21.82,,378.55,31.79,70.95
2026-03-03 02:00:00,CP-05,Running,54.39,28.32,7.26,465.37,31.21,82.71
2026-02-24 19:00:00,CP-03,Running,52.3,25.46,6.63,322.23,28.16,69.03
2026-01-21 00:00:00,CP-04,Running,50.19,21.44,6.54,294.67,29.88,55.63
2026-01-11 11:00:00,CP-05,Running,53.58,27.39,7.23,407.39,30.96,73.96
2026-02-24 23:00:00,CP-04,Running,47.22,19.85,6.62,236.53,30.16,48.42
2026-02-26 02:00:00,CP-03,Running,59.09,29.83,7.02,417.59,30.91,85.84
2026-03-25 03:00:00,CP-01,Running,53.32,25.45,6.81,358.57,30.17,78.04
2026-01-08 17:00:00,CP-05,Running,49.41,25.0,6.7,371.34,28.35,69.27
2026-01-26 15:00:00,CP-01,Running,49.83,23.18,6.75,322.07,27.88,66.15
2026-01-06 14:00:00,CP-04,Running,45.87,19.64,6.48,319.31,29.82,56.48
2026-01-24 16:00:00,CP-02,Running,53.73,24.13,6.56,297.8,28.29,63.86
2026-01-23 12:00:00,CP-05,Running,49.39,25.09,6.95,369.77,29.29,71.15
2026-01-13 02:00:00,CP-03,Running,53.23,26.4,6.93,411.56,32.2,77.55
2026-03-31 04:00:00,CP-02,Running,53.25,24.33,6.83,367.18,31.2,71.69
2026-01-31 16:00:00,CP-04,Running,42.87,17.95,6.47,233.24,27.47,46.61
2026-02-10 17:00:00,CP-01,Running,54.94,25.2,6.63,283.67,28.35,59.68
2026-02-13 18:00:00,CP-04,Running,43.63,18.5,6.41,258.99,26.22,52.18
2026-03-21 15:00:00,CP-03,Running,54.51,26.87,6.74,369.1,29.01,74.64
2026-01-18 00:00:00,CP-04,Running,47.06,20.22,6.56,275.18,28.86,58.21
2026-01-04 00:00:00,CP-05,Running,57.13,29.72,6.89,418.59,30.44,82.3
2026-02-04 20:00:00,CP-05,Running,53.02,27.06,6.78,387.57,29.83,73.26
2026-01-29 19:00:00,CP-04,Running,42.23,17.48,6.5,213.43,27.26,41.67
2026-03-26 01:00:00,CP-04,Running,49.45,21.4,6.6,299.95,29.47,61.44
2026-03-15 06:00:00,CP-04,Running,54.18,24.08,6.82,384.24,32.32,73.51
2026-02-04 11:00:00,CP-05,Running,56.44,28.91,7.03,397.51,33.19,74.91
2026-03-14 16:00:00,CP-04,Running,44.24,18.93,6.49,303.53,27.46,56.36
2026-02-09 07:00:00,CP-02,Running,53.86,24.85,6.82,362.99,31.2,76.31
2026-02-23 03:00:00,CP-01,Running,53.45,25.13,6.85,351.23,32.19,70.91
2026-01-25 03:00:00,CP-02,Running,50.71,23.01,6.77,343.95,32.01,68.57
2026-03-29 07:00:00,CP-05,Running,58.39,30.59,7.18,418.96,33.02,85.56
2026-02-16 15:00:00,CP-02,Running,48.18,21.5,6.61,307.25,28.03,60.93
2026-03-19 10:00:00,CP-05,Running,56.53,29.81,7.01,449.76,30.4,88.61
2026-03-25 17:00:00,CP-04,Running,50.32,21.71,6.4,286.36,28.94,59.9
2026-01-27 04:00:00,CP-05,Running,56.6,29.72,7.06,439.22,33.15,86.69
2026-02-25 21:00:00,CP-02,Running,48.77,21.94,6.67,323.44,28.95,64.73
2026-01-12 15:00:00,CP-05,Running,55.14,28.02,6.86,387.04,30.37,71.35
2026-02-24 18:00:00,CP-02,Running,46.94,20.92,6.8,297.65,28.24,60.41
2026-01-27 08:00:00,CP-04,Running,54.31,23.94,6.69,344.32,31.21,69.71
2026-02-04 13:00:00,CP-04,Running,44.74,19.12,6.66,295.07,28.43,55.75
2026-01-23 03:00:00,CP-01,Running,53.42,25.06,6.68,338.82,30.36,69.9
2026-01-29 06:00:00,CP-03,Running,56.06,28.08,7.01,426.64,31.44,82.16
2026-03-08 15:00:00,CP-04,Running,48.77,20.71,6.53,269.44,29.75,52.88
2026-03-31 23:00:00,CP-02,Running,49.79,22.42,6.86,315.56,29.68,65.1
2026-01-08 17:00:00,CP-03,Running,52.76,25.5,6.82,348.51,27.3,65.67
2026-03-27 17:00:00,CP-01,Running,49.66,22.61,6.48,283.61,27.82,56.39
2026-03-23 14:00:00,CP-02,Running,47.24,20.73,6.54,265.33,47.120000000000005,53.63
2026-02-22 19:00:00,CP-03,Running,52.13,25.43,6.72,349.29,28.05,69.83
2026-01-06 03:00:00,CP-03,Running,56.57,28.4,7.13,434.08,32.47,83.27
2026-01-09 04:00:00,CP-04,Running,51.44,22.52,6.76,347.04,31.08,66.55
2026-01-28 14:00:00,CP-03,Running,52.92,25.73,6.93,326.37,28.85,68.27
2026-02-06 02:00:00,CP-04,Running,51.5,22.37,6.47,330.3,30.76,62.98
2026-01-28 02:00:00,CP-03,Running,54.57,26.93,6.92,379.39,31.93,75.28
2026-01-13 16:00:00,CP-02,Running,47.18,20.76,6.7,279.33,28.73,54.77
2026-02-20 07:00:00,CP-05,Running,58.39,30.66,7.18,420.3,31.58,86.64
2026-02-25 10:00:00,CP-05,Running,56.37,29.56,6.95,427.99,30.51,86.13
2026-02-27 10:00:00,CP-05,Running,54.44,28.3,7.06,394.53,32.38,81.87
2026-01-04 07:00:00,CP-02,Running,52.45,23.85,6.75,358.94,32.2,69.48
2026-02-26 09:00:00,CP-03,Running,55.68,27.75,6.93,405.66,32.43,79.9
2026-03-27 23:00:00,CP-02,Running,50.65,22.96,6.71,335.43,30.65,68.23
2026-02-12 05:00:00,CP-01,Running,55.8,26.81,6.86,418.84,32.14,80.98
2026-01-25 12:00:00,CP-02,Running,51.9,23.92,6.72,372.99,30.43,75.73
2026-03-30 18:00:00,CP-05,Stopped,29.39,12.87,6.94,38.26,26.11,7.48
2026-01-16 23:00:00,CP-05,Running,53.67,27.42,6.96,355.54,31.03,73.83
2026-02-23 02:00:00,CP-02,Running,50.63,22.97,6.72,331.95,30.42,68.59
2026-03-02 16:00:00,CP-05,Running,52.62,26.65,6.88,346.73,29.04,69.83
2026-01-22 01:00:00,CP-05,Running,58.05,30.36,7.06,431.09,31.84,84.7
2026-03-05 18:00:00,CP-01,Running,48.34,22.34,6.61,311.57,28.94,63.01
2026-02-26 21:00:00,CP-05,Running,52.06,26.44,6.99,350.65,28.34,71.03
2026-01-08 14:00:00,CP-02,Running,49.12,21.63,6.51,282.8,28.59,55.1
2026-01-25 08:00:00,CP-01,Running,54.34,26.1,6.93,415.11,32.25,80.78
2026-01-26 00:00:00,CP-05,Running,54.74,28.13,7.0,373.34,31.59,76.52
2026-01-20 08:00:00,CP-02,Running,54.23,24.66,6.9,352.4,30.93,69.65
2026-03-24 13:00:00,CP-03,Running,51.76,25.49,6.93,379.9,29.39,74.22
2026-02-05 12:00:00,CP-01,Running,49.44,23.12,6.8,360.76,31.43,68.37
2026-02-06 08:00:00,CP-03,Running,58.82,29.54,7.1,481.41,31.01,83.41
2026-02-19 02:00:00,CP-01,Running,52.19,24.55,6.95,342.39,30.19,71.24
2026-01-04 17:00:00,CP-04,Running,46.72,19.71,6.45,260.42,28.2,50.07
2026-03-20 09:00:00,CP-05,Running,57.81,29.98,7.33,388.4,33.84,80.77
2026-03-24 23:00:00,CP-02,Stopped,25.92,10.1,6.68,17.0,28.01,3.59
2026-03-23 18:00:00,CP-03,Running,50.63,24.51,6.76,327.02,29.0,66.29
2026-01-01 20:00:00,CP-02,Running,46.64,20.65,6.65,296.08,28.61,57.41
2026-02-25 03:00:00,CP-01,Running,56.62,27.03,6.81,379.79,33.24,78.0
2026-01-31 05:00:00,CP-02,Running,53.1,24.28,6.94,386.51,31.79,72.11
2026-03-25 12:00:00,CP-04,Running,48.29,20.83,6.57,260.05,30.57,59.8
2026-02-06 22:00:00,CP-04,Running,46.09,19.56,6.48,269.06,28.05,52.7
2026-02-06 12:00:00,CP-01,Running,56.31,26.65,6.84,408.11,29.44,73.95
2026-02-10 06:00:00,CP-04,Stopped,29.19,11.11,6.75,34.23,28.05,6.96
2026-03-13 00:00:00,CP-02,Stopped,31.4,12.13,6.55,2.52,28.26,0.47
2026-03-02 07:00:00,CP-02,Running,52.88,24.27,6.9,399.77,30.62,73.85
2026-01-04 18:00:00,CP-03,Running,52.89,25.54,6.75,345.59,29.55,65.19
2026-01-13 10:00:00,CP-05,Running,50.97,26.15,7.02,377.77,32.34,75.72
2026-02-06 23:00:00,CP-04,Running,52.39,22.72,6.67,361.82,28.61,62.31
2026-01-15 07:00:00,CP-04,Running,51.52,22.7,6.72,351.3,31.42,69.59
2026-01-21 09:00:00,CP-05,Running,55.57,28.91,7.05,410.82,32.34,82.3
2026-01-26 23:00:00,CP-05,Running,44.47,22.34,7.02,332.27,30.61,66.09
2026-01-24 20:00:00,CP-03,Stopped,28.78,11.94,6.73,4.71,25.55,1.02
2026-01-13 09:00:00,CP-02,Running,54.48,25.33,6.82,421.6,31.83,79.81
2026-01-23 21:00:00,CP-05,Running,52.93,27.21,6.93,373.21,30.73,76.64
2026-01-19 17:00:00,CP-04,Running,47.88,20.58,6.47,297.56,28.28,58.27
2026-01-02 09:00:00,CP-02,Running,50.3,23.05,6.75,378.64,31.46,73.16
2026-03-07 13:00:00,CP-05,Running,56.02,29.02,6.99,424.81,31.27,80.2
2026-03-19 12:00:00,CP-04,Running,49.94,21.69,6.84,331.21,28.15,62.97
2026-02-07 09:00:00,CP-02,Running,55.24,25.31,6.77,377.84,31.45,73.0
2026-01-01 06:00:00,CP-03,Stopped,31.09,13.03,7.13,26.44,28.37,5.16
2026-02-25 20:00:00,CP-01,Running,50.59,23.5,6.79,315.36,29.2,65.48
2026-01-28 02:00:00,CP-04,Running,46.39,19.99,6.58,301.4,31.97,59.41
2026-01-03 14:00:00,CP-02,Stopped,28.6,11.04,6.6,0.31,27.33,0.06
2026-02-10 11:00:00,CP-02,Running,56.27,25.74,6.77,389.74,31.13,72.33
2026-01-12 12:00:00,CP-02,Running,49.87,22.31,6.74,338.23,28.25,62.03
2026-01-13 11:00:00,CP-05,Running,58.92,30.87,7.03,436.47,31.39,85.58
2026-01-13 05:00:00,CP-03,Running,56.12,28.09,6.86,430.27,31.63,81.78
2026-03-21 20:00:00,CP-03,Running,52.48,25.62,6.92,324.68,28.39,70.22
2026-02-26 17:00:00,CP-01,Running,46.73,21.54,6.73,309.96,29.12,61.96
2026-01-24 06:00:00,CP-05,Running,49.03,24.99,7.2,361.76,31.35,72.68
2026-02-08 12:00:00,CP-04,Stopped,32.35,12.19,6.53,15.9,27.62,2.92
2026-01-30 21:00:00,CP-04,Running,45.91,19.56,6.54,293.39,28.0,54.33
2026-02-27 00:00:00,CP-04,Stopped,31.96,12.13,6.62,31.5,25.37,5.91
2026-03-13 18:00:00,CP-05,Running,51.39,25.94,7.02,358.6,27.74,68.18
2026-03-26 04:00:00,CP-02,Running,53.3,23.96,6.76,336.77,31.21,64.43
2026-01-03 07:00:00,CP-04,Running,52.31,23.13,6.91,389.85,31.14,71.2
2026-01-19 01:00:00,CP-03,Running,56.48,28.16,7.1,420.31,29.65,80.05
2026-03-05 02:00:00,CP-05,Stopped,28.33,12.2,7.17,4.31,28.13,0.82
2026-01-17 22:00:00,CP-04,Running,44.87,19.0,6.49,267.13,28.78,51.61
2026-01-21 04:00:00,CP-05,Running,61.21,32.28,7.22,417.7,33.73,88.68
2026-02-25 11:00:00,CP-01,Running,52.67,24.89,6.96,366.65,29.91,73.29
2026-03-29 21:00:00,CP-03,Running,54.16,26.8,6.71,413.64,28.85,76.42
2026-02-12 08:00:00,CP-01,Running,54.98,26.1,6.72,386.59,33.42,75.41
2026-02-26 13:00:00,CP-05,Running,58.0,30.08,6.9,408.22,31.19,80.75
2026-01-31 20:00:00,CP-04,Running,45.63,19.63,6.5,287.49,28.05,58.71
2026-02-13 03:00:00,CP-01,Running,51.95,24.83,6.9,381.03,31.95,78.54
2026-02-17 10:00:00,CP-02,Running,54.27,24.95,6.83,387.81,31.59,74.76
2026-01-18 09:00:00,CP-05,Running,54.1,28.43,7.0,444.42,31.91,87.07
2026-03-02 14:00:00,CP-05,Running,51.26,26.27,6.85,393.77,28.01,75.17
2026-01-21 20:00:00,CP-02,Running,48.2,21.25,6.6,277.4,29.19,55.55
2026-01-24 13:00:00,CP-04,Running,49.66,21.36,6.52,282.72,27.46,58.74
2026-02-28 19:00:00,CP-02,Running,43.89,19.28,6.45,278.32,28.05,53.95
2026-02-04 11:00:00,CP-04,Running,53.0,23.15,6.59,360.28,30.62,65.6
2026-03-16 00:00:00,CP-01,Running,50.26,23.55,6.72,354.83,30.11,69.32
2026-02-14 03:00:00,CP-04,Running,48.34,20.8,6.67,301.64,31.82,58.79
2026-02-05 06:00:00,CP-04,Running,49.57,21.84,6.74,366.43,31.42,69.57
2026-02-16 16:00:00,CP-05,Running,51.86,26.33,6.85,364.48,28.09,70.88
2026-01-05 08:00:00,CP-03,Running,56.36,28.45,7.02,472.11,31.83,85.86
2026-03-21 14:00:00,CP-02,Running,51.54,23.19,6.5,314.58,29.42,64.78
2026-03-22 01:00:00,CP-05,Running,52.6,26.92,6.96,364.59,30.59,74.65
2026-01-10 06:00:00,CP-03,Running,56.47,28.28,7.02,476.89,31.29,82.15
2026-01-07 03:00:00,CP-03,Running,53.88,26.89,7.02,416.9,32.23,80.47
2026-01-30 20:00:00,CP-05,Running,52.85,26.92,6.68,366.88,28.7,72.33
2026-01-07 05:00:00,CP-04,Running,51.09,22.24,6.68,344.79,31.52,64.11
2026-01-31 06:00:00,CP-01,Running,51.65,24.4,6.9,369.38,30.3,73.17
2026-02-11 18:00:00,CP-03,Running,51.77,24.87,6.59,342.32,28.96,62.84
2026-01-08 08:00:00,CP-01,Running,52.86,25.26,6.95,417.53,32.03,78.53
2026-03-03 18:00:00,CP-05,Running,52.22,26.46,6.86,375.56,29.2,69.94
2026-01-21 18:00:00,CP-02,Running,44.24,19.4,6.63,261.71,29.08,53.27
2026-03-24 12:00:00,CP-05,Running,53.85,27.89,6.97,379.28,31.49,80.12
2026-03-10 08:00:00,CP-05,Running,52.32,27.19,7.12,441.02,31.14,81.7
2026-02-02 10:00:00,CP-02,Running,54.45,24.99,6.73,359.83,30.9,73.84
2026-01-28 20:00:00,CP-03,Running,47.7,23.1,6.79,326.13,29.24,66.48
2026-02-17 15:00:00,CP-01,Running,54.88,25.63,6.78,320.52,28.8,67.88
2026-01-01 07:00:00,CP-01,Running,52.02,24.83,7.03,415.54,31.21,77.93
2026-01-17 10:00:00,CP-03,Running,55.83,27.44,6.99,352.83,31.91,73.37
2026-02-18 11:00:00,CP-03,Running,48.71,23.97,6.97,356.42,31.55,73.85
2026-03-26 02:00:00,CP-04,Running,49.7,21.74,6.64,328.29,28.98,66.27
2026-01-28 20:00:00,CP-01,Stopped,30.26,12.22,6.8,30.97,24.63,6.1
2026-03-27 08:00:00,CP-01,Running,57.93,27.73,7.02,417.72,32.94,79.23
2026-01-14 10:00:00,CP-02,Running,52.32,23.86,6.9,346.57,30.85,70.92
2026-02-15 11:00:00,CP-04,Running,54.23,23.83,6.62,339.23,31.88,68.34
2026-02-01 13:00:00,CP-01,Running,51.5,23.94,6.77,328.66,29.15,65.81
2026-02-16 00:00:00,CP-02,Running,51.1,23.06,6.72,348.34,29.83,66.08
2026-01-23 06:00:00,CP-03,Running,53.23,26.1,7.07,372.1,32.1,72.28
2026-03-17 19:00:00,CP-01,Running,49.17,22.67,6.81,297.44,27.38,61.99
2026-03-08 21:00:00,CP-02,Running,47.33,21.18,6.5,308.76,28.47,62.29
2026-03-13 04:00:00,CP-04,Running,49.45,21.62,6.82,362.76,32.0,66.02
2026-03-12 03:00:00,CP-02,Running,52.59,23.91,6.8,402.15,31.86,69.56
2026-02-07 03:00:00,CP-04,Running,50.36,22.09,6.56,340.45,31.3,67.45
2026-02-05 03:00:00,CP-03,Running,54.17,27.05,6.91,422.04,34.5,80.66
2026-03-06 23:00:00,CP-02,Running,49.54,22.26,6.62,349.19,29.1,64.17
2026-02-03 20:00:00,CP-04,Running,47.69,20.38,6.53,294.46,28.26,55.76
2026-02-26 06:00:00,CP-05,Running,56.65,29.95,7.04,467.0,32.14,89.87
2026-03-14 00:00:00,CP-02,Running,50.06,22.56,6.72,349.64,30.14,65.51
2026-01-04 04:00:00,CP-04,Running,51.64,22.79,6.77,378.66,30.77,70.35
2026-01-18 02:00:00,CP-02,Running,54.24,24.98,6.91,361.6,31.06,75.43
2026-03-27 09:00:00,CP-03,Running,57.75,28.74,6.92,412.08,31.97,79.12
2026-02-05 21:00:00,CP-01,Running,48.88,22.49,6.68,314.33,29.29,61.15
2026-02-21 06:00:00,CP-04,Running,52.51,23.2,6.74,354.16,32.08,70.85
2026-03-15 04:00:00,CP-03,Running,53.41,26.37,7.07,394.97,29.04,75.38
2026-03-04 19:00:00,CP-04,Running,44.34,18.68,6.47,271.6,24.91,49.44
2026-03-28 12:00:00,CP-02,Stopped,29.02,11.21,6.85,1.86,28.47,0.37
2026-01-16 05:00:00,CP-04,Running,51.92,22.8,6.59,332.77,31.26,67.95
2026-03-27 09:00:00,CP-04,Running,53.28,23.34,6.83,325.8,30.4,66.86
2026-02-17 01:00:00,CP-04,Running,49.19,21.48,6.61,329.15,30.18,65.57
2026-01-01 05:00:00,CP-05,Running,54.47,28.35,7.18,437.92,32.28,82.44
2026-02-24 07:00:00,CP-05,Running,58.49,30.44,7.16,412.59,31.47,82.38
2026-02-13 12:00:00,CP-02,Running,52.94,23.87,6.65,347.31,28.27,65.71
2026-01-08 15:00:00,CP-03,Running,50.58,24.71,6.81,389.42,28.71,70.49
2026-02-12 19:00:00,CP-03,Running,47.08,22.64,6.51,335.82,28.95,63.37
2026-02-17 00:00:00,CP-05,Running,58.36,30.31,7.03,414.12,30.55,81.5
2026-03-31 17:00:00,CP-05,Running,52.34,26.56,6.84,363.93,28.21,70.62
2026-02-02 20:00:00,CP-03,Running,51.68,25.58,6.65,393.56,28.17,76.64
2026-03-26 13:00:00,CP-04,Running,48.53,20.83,6.58,293.45,28.86,57.67
2026-02-14 22:00:00,CP-04,Running,47.41,20.36,6.49,304.8,27.76,57.91
2026-01-03 01:00:00,CP-01,Running,52.66,24.83,6.79,389.25,30.85,72.22
2026-01-14 13:00:00,CP-04,Running,48.24,20.83,6.65,312.16,29.97,60.33
2026-03-15 16:00:00,CP-01,Running,48.18,22.16,6.56,314.2,27.99,60.85
2026-01-20 02:00:00,CP-02,Running,53.44,24.35,6.79,337.15,31.03,70.49
2026-03-08 20:00:00,CP-03,Running,50.86,24.63,6.73,362.64,29.5,66.44
2026-03-27 00:00:00,CP-01,Running,54.28,25.57,6.64,371.4,30.06,71.82
2026-03-02 05:00:00,CP-05,Running,54.84,28.96,7.1,472.92,33.1,89.37
2026-02-26 10:00:00,CP-01,Running,55.57,26.51,6.8,375.48,31.79,77.75
2026-02-18 00:00:00,CP-04,Running,48.41,20.91,6.66,299.99,30.97,60.51
2026-02-02 23:00:00,CP-04,Running,46.79,20.01,6.57,293.22,29.03,56.07
2026-02-03 10:00:00,CP-02,Running,52.28,23.86,6.71,357.59,29.82,71.24
2026-03-29 02:00:00,CP-05,Running,52.95,27.32,7.07,407.28,32.74,78.38
2026-03-22 05:00:00,CP-03,Running,53.98,26.87,7.09,393.05,31.46,79.25
2026-03-12 03:00:00,CP-01,Running,58.66,28.18,6.84,429.66,32.02,80.99
2026-02-07 12:00:00,CP-04,Running,48.21,20.69,6.73,328.94,29.6,57.6
2026-03-10 00:00:00,CP-04,Running,50.97,21.97,6.58,312.69,29.6,59.63
2026-01-20 17:00:00,CP-04,Running,49.07,20.99,6.53,269.49,27.41,56.1
2026-02-14 12:00:00,CP-05,Running,53.91,27.89,7.03,436.65,31.31,79.61
2026-01-15 18:00:00,CP-04,Running,42.49,17.99,6.52,270.43,27.28,51.56
2026-01-22 09:00:00,CP-04,Running,49.42,21.52,6.7,303.84,30.79,64.2
2026-03-20 21:00:00,CP-01,Running,53.72,25.13,6.95,328.76,28.34,68.6
2026-03-14 21:00:00,CP-01,Running,49.82,22.81,,293.9,28.14,58.91
2026-01-09 04:00:00,CP-05,Stopped,31.22,13.42,6.98,1.83,27.7,0.35
2026-01-13 00:00:00,CP-05,Running,53.63,27.81,7.18,420.16,30.85,80.66
2026-01-25 22:00:00,CP-02,Running,46.73,20.49,6.48,251.34,27.85,53.07
2026-01-10 17:00:00,CP-01,Running,49.84,23.16,6.64,357.97,28.21,65.56
2026-03-20 05:00:00,CP-03,Running,53.83,26.82,7.11,385.15,32.69,79.67
2026-03-28 21:00:00,CP-03,Running,53.85,26.53,6.78,391.9,29.74,74.47
2026-03-11 00:00:00,CP-05,Running,53.69,27.75,7.09,406.31,31.91,79.2
2026-01-13 19:00:00,CP-04,Running,46.3,19.47,6.47,250.32,27.98,48.64
2026-02-09 16:00:00,CP-04,Running,46.73,19.9,6.34,271.21,28.51,54.02
2026-02-09 10:00:00,CP-03,Running,57.42,28.53,6.94,402.28,30.38,78.43
2026-02-16 23:00:00,CP-05,Running,54.76,28.19,6.88,367.13,29.94,77.36
2026-02-28 02:00:00,CP-02,Running,49.66,22.47,6.82,334.78,30.45,67.22
2026-03-06 14:00:00,CP-02,Running,48.52,21.61,6.59,323.53,28.57,60.17
2026-01-09 19:00:00,CP-01,Stopped,23.83,9.55,6.66,14.46,26.6,2.73
2026-02-15 20:00:00,CP-03,Running,48.91,23.48,6.79,324.27,27.67,62.61
2026-03-30 06:00:00,CP-03,Running,55.06,27.49,7.04,402.43,31.95,80.58
2026-03-11 05:00:00,CP-02,Running,53.45,24.27,6.84,358.61,30.52,68.87
2026-01-17 23:00:00,CP-05,Running,53.45,27.29,6.99,333.66,28.76,73.47
2026-02-04 08:00:00,CP-05,Stopped,25.69,11.16,7.11,22.26,29.95,4.14
2026-03-03 16:00:00,CP-05,Running,50.12,25.23,6.89,356.07,30.89,67.05
2026-01-15 20:00:00,CP-04,Running,47.31,20.37,6.43,329.04,29.7,59.07
2026-02-16 10:00:00,CP-04,Running,51.4,22.44,6.6,318.36,30.93,65.24
2026-03-31 11:00:00,CP-05,Running,52.98,27.18,6.92,383.88,31.81,75.79
2026-01-09 07:00:00,CP-04,Running,53.31,23.55,6.69,379.61,33.16,70.77
2026-02-25 13:00:00,CP-01,Running,49.56,22.81,6.75,289.05,29.52,61.34
2026-01-28 07:00:00,CP-02,Running,50.58,23.08,6.86,335.33,30.07,71.23
2026-03-29 20:00:00,CP-03,Running,52.83,25.82,6.75,338.91,29.65,70.67
2026-03-23 01:00:00,CP-04,Running,45.57,19.6,6.56,292.45,30.48,58.65
2026-02-09 10:00:00,CP-01,Running,48.94,22.89,6.86,347.27,30.5,68.45
2026-01-16 17:00:00,CP-05,Running,47.93,24.08,6.98,321.81,28.88,66.04
2026-01-18 02:00:00,CP-03,Running,56.31,27.93,7.04,398.21,31.5,77.61
2026-01-07 15:00:00,CP-02,Running,49.61,22.04,6.69,317.72,28.06,59.11
2026-03-05 18:00:00,CP-04,Running,48.48,20.82,6.51,282.96,28.16,57.8
2026-01-26 00:00:00,CP-02,Running,47.19,21.07,6.63,323.39,30.0,61.22
2026-03-19 14:00:00,CP-03,Running,50.49,24.6,6.78,337.25,28.7,69.27
2026-01-17 13:00:00,CP-04,Running,45.62,19.49,6.57,257.64,30.28,55.48
2026-03-21 04:00:00,CP-03,Running,53.99,26.83,7.08,372.98,31.67,78.47
2026-03-08 18:00:00,CP-03,Running,50.25,24.38,6.64,368.01,28.47,67.34
2026-03-22 04:00:00,CP-02,Running,53.34,24.26,6.77,349.69,30.96,69.75
2026-02-12 01:00:00,CP-03,Running,49.74,24.12,6.95,349.37,32.38,67.05
2026-03-04 19:00:00,CP-05,Running,53.35,27.17,6.96,363.29,28.42,72.28
2026-02-03 05:00:00,CP-03,Running,55.84,27.92,7.14,435.51,32.57,81.38
2026-01-30 20:00:00,CP-04,Running,47.11,20.06,6.56,267.73,28.32,54.06
2026-03-04 20:00:00,CP-01,Running,47.01,21.86,6.74,357.23,28.65,65.86
2026-01-31 14:00:00,CP-02,Running,51.69,23.12,6.75,325.8,28.9,62.01
2026-03-14 14:00:00,CP-02,Running,52.4,23.82,6.71,367.02,28.96,69.4
2026-03-29 04:00:00,CP-03,Running,57.85,29.24,7.03,430.91,31.62,86.57
2026-01-16 21:00:00,CP-01,Running,47.98,22.09,6.76,305.53,27.86,61.25
2026-03-24 13:00:00,CP-01,Running,50.91,23.83,6.72,318.96,30.25,68.85
2026-02-27 23:00:00,CP-02,Running,54.8,24.75,6.68,342.77,30.49,66.54
2026-02-15 06:00:00,CP-01,Running,57.04,27.17,6.96,376.47,33.59,77.05
2026-02-11 13:00:00,CP-05,Running,56.16,28.95,6.98,412.79,30.19,77.89
2026-02-10 06:00:00,CP-05,Running,58.17,30.33,7.29,429.69,33.41,83.29
2026-01-19 15:00:00,CP-03,Stopped,29.29,12.17,6.69,8.73,25.18,1.72
2026-03-20 20:00:00,CP-03,Running,46.27,22.03,6.76,279.29,27.57,58.9
2026-03-17 02:00:00,CP-02,Running,53.1,24.4,6.73,403.52,31.06,74.36
2026-01-02 14:00:00,CP-05,Running,51.37,26.3,6.96,396.3,30.92,74.79
2026-03-27 19:00:00,CP-01,Running,45.54,20.99,6.69,318.96,26.7,62.02
2026-01-16 05:00:00,CP-02,Running,53.98,25.02,7.01,376.33,32.46,78.43
2026-03-05 23:00:00,CP-02,Running,48.75,21.79,6.8,333.87,29.07,61.81
2026-02-09 18:00:00,CP-04,Running,46.77,19.81,6.51,273.01,27.02,51.73
2026-03-22 20:00:00,CP-05,Running,52.85,26.79,6.89,350.3,28.57,70.18
2026-03-12 04:00:00,CP-05,Stopped,29.2,12.61,7.17,11.76,28.11,2.19
2026-02-16 05:00:00,CP-02,Running,50.11,23.17,6.75,389.87,32.69,77.43
2026-01-16 21:00:00,CP-05,Running,52.49,26.57,6.93,344.04,30.41,69.46
2026-03-12 13:00:00,CP-01,Running,52.9,24.62,6.74,352.46,31.2,66.25
2026-02-27 22:00:00,CP-05,Running,53.63,27.26,6.95,364.78,29.32,71.35
2026-03-02 21:00:00,CP-03,Running,48.84,23.66,6.78,334.14,29.81,66.7
2026-03-20 09:00:00,CP-02,Running,52.63,23.97,6.94,353.48,31.59,70.33
2026-01-08 16:00:00,CP-02,Running,43.51,18.72,6.62,240.39,28.64,44.74
2026-01-02 22:00:00,CP-04,Running,44.99,19.25,6.42,288.81,27.34,56.16
2026-02-16 12:00:00,CP-02,Running,52.33,23.8,6.57,357.82,29.52,69.68
2026-01-25 09:00:00,CP-01,Running,53.75,25.64,7.0,364.72,31.36,77.57
2026-03-06 16:00:00,CP-02,Running,51.87,23.14,6.62,321.56,29.21,60.94
2026-03-26 23:00:00,CP-01,Running,50.45,23.59,6.65,310.82,29.87,68.42
2026-03-08 07:00:00,CP-03,Running,54.16,27.12,7.05,421.04,31.16,82.06
2026-01-01 03:00:00,CP-04,Running,48.0,21.06,6.7,347.85,30.25,67.69
2026-03-12 21:00:00,CP-05,Running,49.46,25.48,6.99,389.47,30.9,77.61
2026-03-22 04:00:00,CP-03,Running,52.38,26.09,7.05,398.11,33.44,79.56
2026-02-21 21:00:00,CP-03,Running,51.39,25.08,6.73,340.94,28.84,70.01
2026-02-11 02:00:00,CP-01,Running,56.34,27.0,6.86,436.55,30.57,79.92
2026-01-31 04:00:00,CP-01,Running,52.49,25.01,6.92,408.02,31.84,77.06
2026-01-27 22:00:00,CP-05,Running,49.75,25.21,6.87,324.9,29.91,69.99
2026-02-19 08:00:00,CP-05,Running,60.77,32.1,7.03,431.78,31.74,89.42
2026-02-09 22:00:00,CP-04,Running,45.69,19.4,6.42,268.8,26.89,52.8
2026-02-01 21:00:00,CP-04,Running,43.01,18.2,6.42,254.92,28.35,51.31
2026-02-01 07:00:00,CP-05,Running,58.34,30.8,7.13,456.83,31.74,89.24
2026-01-22 04:00:00,CP-04,Stopped,30.03,11.32,6.61,16.64,29.08,3.27
2026-02-26 02:00:00,CP-02,Running,55.74,25.62,6.65,383.65,30.45,74.59
2026-01-20 00:00:00,CP-04,Stopped,33.38,12.56,6.65,11.55,25.9,2.37
2026-01-06 21:00:00,CP-04,Running,45.35,19.26,6.61,296.53,28.13,52.99
2026-01-02 14:00:00,CP-04,Running,47.07,20.24,6.6,306.26,28.93,58.46
2026-03-21 02:00:00,CP-01,Running,56.17,26.99,6.84,402.37,30.38,81.17
2026-03-22 05:00:00,CP-01,Running,55.16,26.35,6.96,399.59,32.05,78.41
2026-01-29 18:00:00,CP-02,Running,48.11,21.18,6.5,275.01,27.83,54.89
2026-03-21 03:00:00,CP-02,Running,53.31,24.66,6.69,359.99,31.23,77.48
2026-02-28 16:00:00,CP-04,Running,44.25,18.88,6.4,272.25,28.4,55.08
2026-01-21 14:00:00,CP-01,Running,53.93,24.97,6.62,306.75,29.6,63.99
2026-03-31 17:00:00,CP-02,Stopped,25.85,9.99,6.59,3.51,26.18,0.68
2026-01-28 07:00:00,CP-03,Running,57.0,28.7,7.01,431.25,34.17,84.69
2026-03-12 06:00:00,CP-01,Running,54.45,25.85,6.97,395.34,31.57,75.5
2026-02-25 23:00:00,CP-03,Running,52.98,25.95,6.9,324.11,30.82,71.77
2026-03-12 17:00:00,CP-03,Running,50.66,24.24,6.74,305.54,28.84,61.15
2026-01-30 14:00:00,CP-03,Running,50.08,24.08,6.89,319.13,27.56,63.25
2026-02-20 05:00:00,CP-01,Running,50.15,23.81,6.81,354.14,31.49,75.4
2026-03-08 11:00:00,CP-01,Running,57.34,27.44,6.71,432.79,29.93,79.08
2026-03-24 00:00:00,CP-03,Running,51.38,25.14,6.79,357.06,30.8,71.27
2026-03-22 11:00:00,CP-01,Running,51.89,24.06,6.85,304.16,30.43,64.46
2026-02-02 14:00:00,CP-01,Running,53.54,25.48,6.67,391.58,29.87,76.65
2026-02-04 15:00:00,CP-05,Running,50.63,25.87,6.94,379.93,29.76,73.76
2026-03-17 01:00:00,CP-02,Running,53.67,24.52,6.51,362.06,30.57,71.77
2026-01-05 07:00:00,CP-02,Running,58.04,26.74,6.89,383.11,33.06,75.59
2026-01-20 10:00:00,CP-03,Running,54.93,27.0,7.01,373.01,30.52,73.43
2026-03-18 15:00:00,CP-01,Running,49.43,22.89,6.73,315.07,29.12,63.88
2026-01-04 02:00:00,CP-02,Running,50.21,22.67,6.77,327.93,32.06,66.25
2026-01-31 01:00:00,CP-05,Stopped,28.8,12.49,7.04,20.37,28.74,3.74
2026-01-23 22:00:00,CP-05,Running,49.59,25.01,6.99,324.97,30.06,67.81
2026-01-28 14:00:00,CP-04,Running,51.98,22.28,6.62,283.11,28.33,56.97
2026-02-24 02:00:00,CP-03,Running,54.69,26.95,7.02,362.61,31.89,74.5
2026-01-22 19:00:00,CP-05,Running,50.17,25.29,6.92,348.64,29.18,67.62
2026-03-28 18:00:00,CP-04,Stopped,29.21,10.94,6.49,3.18,25.65,0.66
2026-03-01 20:00:00,CP-04,Stopped,28.54,10.85,6.43,32.51,24.91,6.38
2026-01-04 03:00:00,CP-04,Stopped,27.97,10.49,6.83,6.62,27.78,1.33
2026-02-10 11:00:00,CP-04,Running,50.42,21.97,6.58,324.1,30.13,64.5
2026-02-23 13:00:00,CP-05,Running,51.96,26.35,6.92,357.02,29.28,70.39
2026-01-31 18:00:00,CP-02,Running,49.13,21.71,6.43,287.88,27.9,56.68
2026-03-18 00:00:00,CP-04,Running,45.4,19.52,6.7,281.66,30.62,58.46
2026-02-03 21:00:00,CP-03,Running,52.45,25.53,6.71,361.67,30.22,68.84
2026-03-30 00:00:00,CP-03,Running,52.52,26.12,,397.3,31.74,78.88
2026-01-22 13:00:00,CP-05,Running,50.07,25.42,7.01,337.76,29.4,70.88
2026-01-17 05:00:00,CP-04,Running,49.1,21.22,6.69,309.1,31.21,60.76
2026-02-10 13:00:00,CP-01,Running,49.31,23.1,6.71,336.99,30.88,69.27
2026-02-11 16:00:00,CP-05,Running,50.86,25.82,6.77,385.39,29.77,70.76
2026-01-15 10:00:00,CP-05,Running,56.12,29.19,7.12,440.98,30.62,82.1
2026-03-28 16:00:00,CP-01,Running,46.58,21.35,6.68,306.72,29.75,59.32
2026-02-10 17:00:00,CP-04,Running,42.28,17.81,6.54,265.31,27.88,49.45
2026-02-18 06:00:00,CP-05,Running,59.91,31.89,7.28,466.35,32.61,93.26
2026-02-23 08:00:00,CP-05,Running,56.88,29.63,7.22,409.56,30.97,82.82
2026-02-26 15:00:00,CP-03,Running,51.34,24.87,6.67,324.19,29.44,66.59
2026-03-08 21:00:00,CP-03,Running,50.28,24.56,6.74,364.51,29.49,70.57
2026-01-13 00:00:00,CP-04,Running,48.85,21.09,6.58,298.26,29.03,60.31
2026-03-24 23:00:00,CP-01,Running,53.17,25.25,6.64,367.08,29.58,75.6
2026-03-31 10:00:00,CP-01,Running,56.82,27.06,6.91,395.5,30.26,76.82
2026-02-03 04:00:00,CP-02,Running,52.23,23.86,6.95,390.92,29.8,71.67
2026-02-10 03:00:00,CP-01,Running,53.71,25.4,6.88,397.14,31.2,73.69
2026-03-22 01:00:00,CP-02,Running,51.81,23.32,6.6,323.06,30.77,64.97
2026-01-25 12:00:00,CP-01,Running,50.95,23.99,6.75,356.88,30.5,71.71
2026-03-03 01:00:00,CP-05,Running,54.18,27.98,7.16,447.13,30.42,78.82
2026-01-14 04:00:00,CP-03,Running,55.3,27.77,6.97,433.38,31.52,83.37
2026-01-15 06:00:00,CP-01,Running,57.33,27.39,7.09,410.78,32.23,78.44
2026-02-21 10:00:00,CP-03,Running,56.27,28.11,7.07,411.09,29.54,80.94
2026-03-21 21:00:00,CP-02,Running,46.74,20.77,6.47,290.35,28.66,59.12
2026-01-13 16:00:00,CP-04,Running,43.92,18.57,6.57,268.06,28.69,51.01
2026-02-25 14:00:00,CP-04,Running,49.87,21.33,6.49,285.78,28.49,56.0
2026-02-15 12:00:00,CP-05,Running,53.37,27.3,6.83,377.19,31.37,74.38
2026-03-09 11:00:00,CP-03,Running,54.01,26.72,6.89,403.4,28.45,76.32
2026-01-09 15:00:00,CP-05,Running,54.52,27.81,6.96,397.28,30.2,72.96
2026-03-23 16:00:00,CP-03,Running,51.88,25.05,6.87,327.27,28.37,65.05
2026-03-11 20:00:00,CP-02,Running,47.69,21.16,6.58,298.49,27.58,58.52
2026-01-09 21:00:00,CP-01,Running,46.95,21.67,6.58,342.37,27.65,62.44
2026-03-09 13:00:00,CP-01,Running,53.77,25.48,6.85,396.07,30.85,74.56
2026-03-18 05:00:00,CP-05,Running,58.23,30.42,7.18,419.96,32.16,84.31
2026-01-13 23:00:00,CP-02,Running,50.11,22.42,6.68,343.04,30.26,62.16
2026-02-04 23:00:00,CP-05,Running,51.86,26.24,7.08,393.76,28.64,69.22
2026-02-20 02:00:00,CP-04,Running,52.52,22.83,6.58,311.37,30.99,63.34
2026-03-01 09:00:00,CP-03,Stopped,28.01,11.65,7.01,11.99,29.2,2.28
2026-02-24 14:00:00,CP-04,Running,46.46,19.69,6.68,264.75,28.42,52.11
2026-02-27 22:00:00,CP-01,Running,53.2,24.97,6.83,346.32,30.56,70.23
2026-02-20 09:00:00,CP-04,Running,52.19,22.79,6.67,314.19,31.07,65.34
2026-03-21 17:00:00,CP-03,Running,47.15,22.66,6.74,314.98,28.2,63.13
2026-01-07 23:00:00,CP-05,Running,55.28,28.32,6.91,411.06,31.08,74.98
2026-03-18 08:00:00,CP-05,Running,52.59,27.48,7.22,448.86,32.83,84.43
2026-03-19 02:00:00,CP-04,Running,50.33,22.11,6.7,316.19,31.21,68.31
2026-02-27 07:00:00,CP-01,Running,52.97,25.07,6.76,357.68,32.59,73.99
2026-02-27 11:00:00,CP-01,Running,53.13,25.34,6.77,396.74,31.34,77.69
2026-02-08 06:00:00,CP-03,Running,54.99,27.27,6.93,412.94,32.57,77.52
2026-01-16 00:00:00,CP-03,Running,56.21,27.68,6.92,369.63,28.87,74.33
2026-01-19 17:00:00,CP-03,Running,50.68,24.55,6.83,334.3,29.23,66.7
2026-03-03 13:00:00,CP-02,Running,53.42,24.37,6.56,347.95,30.73,71.04
2026-02-03 21:00:00,CP-01,Running,44.43,20.34,6.78,304.32,46.29,58.8
2026-03-15 06:00:00,CP-05,Running,55.85,29.22,7.11,434.68,33.37,84.93
2026-02-05 08:00:00,CP-05,Running,58.85,31.04,7.18,469.72,33.3,88.74
2026-03-19 05:00:00,CP-03,Running,54.44,26.83,7.02,380.02,32.21,74.61
2026-03-24 13:00:00,CP-02,Running,49.68,22.06,6.76,290.12,29.36,58.74
2026-03-08 13:00:00,CP-05,Running,52.59,26.87,6.91,376.26,29.74,73.88
2026-02-24 01:00:00,CP-02,Running,52.69,24.06,6.69,357.81,30.22,71.45
2026-01-21 17:00:00,CP-02,Running,48.84,21.47,6.58,269.29,27.78,54.34
2026-02-12 17:00:00,CP-01,Running,49.86,22.98,6.51,327.26,27.79,61.72
2026-03-03 00:00:00,CP-03,Running,52.69,25.87,6.95,391.79,31.23,72.79
2026-01-31 07:00:00,CP-04,Running,50.87,22.38,6.86,334.27,31.59,68.76
2026-02-26 18:00:00,CP-03,Running,48.77,23.5,6.82,312.96,27.81,64.23
2026-02-26 02:00:00,CP-04,Running,51.09,22.34,6.57,339.13,31.37,66.1
2026-03-07 16:00:00,CP-04,Running,48.56,20.95,6.54,307.14,28.15,60.02
2026-01-29 00:00:00,CP-01,Running,53.49,25.29,6.9,359.03,31.4,73.59
2026-01-04 17:00:00,CP-02,Running,50.04,22.48,6.63,351.45,28.73,64.13
2026-01-25 17:00:00,CP-03,Running,50.26,24.47,6.77,349.45,27.93,69.07
2026-01-24 02:00:00,CP-03,Running,55.77,27.96,6.9,405.49,31.58,82.56
2026-02-19 12:00:00,CP-04,Running,52.59,23.14,6.75,354.83,29.98,68.97
2026-03-22 22:00:00,CP-04,Running,50.62,21.88,6.58,297.53,29.05,60.9
2026-02-17 17:00:00,CP-03,Running,54.24,26.4,6.68,343.74,27.38,68.88
2026-01-31 19:00:00,CP-02,Running,47.78,21.03,6.56,294.49,27.8,54.82
2026-02-19 07:00:00,CP-03,Running,53.97,27.05,7.08,396.41,34.05,82.47
2026-02-16 20:00:00,CP-04,Running,47.88,20.34,6.43,251.77,27.88,53.04
2026-01-28 10:00:00,CP-05,Running,52.87,27.52,7.19,415.4,31.99,82.61
2026-03-22 18:00:00,CP-02,Running,54.31,24.68,6.54,322.82,28.56,69.26
2026-01-15 04:00:00,CP-02,Running,54.05,24.75,6.97,375.73,30.86,72.89
2026-01-08 10:00:00,CP-04,Running,46.55,20.06,6.65,317.47,31.81,59.42
2026-02-21 12:00:00,CP-01,Running,53.62,25.45,6.75,366.89,30.09,75.39
2026-02-21 17:00:00,CP-03,Running,52.47,25.45,6.85,319.2,28.95,67.23
2026-01-19 09:00:00,CP-03,Running,56.2,28.38,6.95,418.67,32.15,86.05
2026-01-12 03:00:00,CP-03,Running,55.0,27.21,7.14,371.8,31.35,76.37
2026-02-16 10:00:00,CP-05,Running,55.66,29.1,7.12,433.99,30.38,84.64
2026-02-22 05:00:00,CP-04,Running,52.17,23.25,6.78,374.7,32.92,74.72
2026-01-20 00:00:00,CP-02,Running,52.39,23.84,6.74,331.56,29.96,69.84
2026-03-04 16:00:00,CP-02,Running,46.07,20.58,6.41,312.36,28.42,61.6
2026-03-17 20:00:00,CP-02,Running,46.84,20.8,6.41,291.36,27.5,58.75
2026-01-11 08:00:00,CP-05,Stopped,28.77,12.47,7.24,17.45,29.41,3.43
2026-03-07 09:00:00,CP-02,Running,51.75,23.31,6.92,346.13,31.48,65.2
2026-03-13 09:00:00,CP-04,Running,47.57,20.74,6.6,332.54,30.15,64.72
2026-03-09 18:00:00,CP-01,Running,50.18,22.99,6.58,300.95,29.41,59.19
2026-02-16 21:00:00,CP-01,Running,47.47,21.62,6.63,296.35,28.93,56.46
2026-02-03 09:00:00,CP-03,Stopped,31.56,13.13,7.06,10.82,27.14,2.06
2026-02-15 22:00:00,CP-01,Running,48.63,22.52,6.77,329.83,30.33,64.05
2026-02-12 02:00:00,CP-02,Running,54.78,25.32,6.76,408.34,30.06,77.27
2026-02-18 01:00:00,CP-05,Running,57.7,30.3,7.07,418.02,32.82,86.61
2026-02-06 19:00:00,CP-01,Running,49.58,22.98,6.72,351.05,28.11,64.37
2026-02-22 18:00:00,CP-05,Running,49.03,24.48,6.73,301.21,28.72,63.2
2026-03-26 11:00:00,CP-02,Running,51.5,23.16,6.75,308.94,30.19,64.66
2026-02-05 08:00:00,CP-04,Running,52.62,23.26,6.64,373.88,31.57,71.0
2026-03-27 21:00:00,CP-01,Running,47.42,21.73,6.57,287.63,28.03,59.25
2026-01-27 22:00:00,CP-03,Running,50.76,24.77,6.83,346.33,30.06,70.06
2026-03-04 22:00:00,CP-05,Running,56.84,29.32,6.98,396.72,29.21,78.25
2026-02-25 20:00:00,CP-05,Running,53.04,26.9,6.93,357.38,28.86,70.36
2026-03-30 02:00:00,CP-04,Running,48.57,21.15,6.71,330.89,31.51,64.19
2026-03-07 00:00:00,CP-03,Running,50.24,24.14,6.89,327.69,29.9,62.94
2026-01-24 16:00:00,CP-05,Running,57.17,29.37,6.84,358.35,29.21,76.4
2026-02-21 19:00:00,CP-01,Running,47.66,22.14,6.59,317.61,28.26,65.51
2026-02-20 12:00:00,CP-03,Running,53.25,26.11,6.85,341.99,29.24,72.22
2026-02-19 02:00:00,CP-03,Running,52.05,25.89,6.86,402.56,29.62,78.88
2026-01-01 00:00:00,CP-01,Running,53.05,25.0,6.79,355.78,30.46,71.99
2026-01-27 19:00:00,CP-04,Running,50.5,21.71,6.38,305.34,27.39,58.31
2026-03-30 00:00:00,CP-02,Running,49.54,22.41,6.73,353.78,30.29,67.16
2026-01-22 21:00:00,CP-02,Running,48.71,21.36,6.5,266.27,28.67,53.17
2026-01-17 10:00:00,CP-05,Stopped,29.45,12.84,7.16,28.97,27.63,5.73
2026-02-09 01:00:00,CP-03,Running,52.32,25.68,6.88,395.38,30.4,72.65
2026-01-10 21:00:00,CP-01,Running,47.44,21.82,6.64,315.74,27.78,60.99
2026-03-11 16:00:00,CP-02,Running,49.78,21.95,6.59,291.89,29.1,55.65
2026-03-27 01:00:00,CP-05,Running,53.21,27.23,7.23,369.98,30.75,74.57
2026-02-17 18:00:00,CP-03,Running,53.8,26.31,6.83,363.6,29.61,70.94
2026-01-17 20:00:00,CP-01,Running,49.48,22.83,6.84,318.06,29.49,62.37
2026-03-25 11:00:00,CP-03,Running,59.81,30.01,6.86,420.83,32.17,83.0
2026-03-25 06:00:00,CP-03,Stopped,31.97,13.39,7.1,23.59,26.78,4.78
2026-03-25 14:00:00,CP-05,Running,51.44,26.09,6.95,324.58,29.01,70.36
2026-01-19 16:00:00,CP-05,Running,54.45,28.06,6.86,396.85,28.51,77.86
2026-02-01 08:00:00,CP-01,Stopped,28.37,11.36,7.0,13.81,27.3,2.72
2026-03-09 14:00:00,CP-04,Running,46.15,19.65,6.42,282.28,27.36,54.04
2026-03-05 08:00:00,CP-02,Running,49.35,22.26,6.91,350.74,30.46,65.8
2026-03-02 20:00:00,CP-01,Running,51.92,24.1,6.75,326.47,29.49,65.06
2026-03-28 02:00:00,CP-01,Stopped,32.05,13.0,6.84,37.72,28.83,7.65
2026-03-24 12:00:00,CP-03,Running,53.0,26.04,6.77,353.88,,73.25
2026-02-08 01:00:00,CP-01,Running,48.28,22.53,6.77,365.06,31.05,67.45
2026-02-26 03:00:00,CP-04,Running,49.33,21.39,6.65,309.78,30.24,62.25
2026-03-19 22:00:00,CP-04,Running,46.19,20.01,6.48,317.02,29.16,61.81
2026-03-11 12:00:00,CP-01,Running,49.61,23.08,6.83,366.2,29.88,66.08
2026-02-08 18:00:00,CP-03,Running,50.91,24.45,6.6,341.69,25.96,62.72
2026-01-16 10:00:00,CP-04,Running,50.04,21.68,6.7,298.22,31.06,61.82
2026-01-03 06:00:00,CP-03,Running,54.88,27.5,7.09,427.78,32.91,82.27
2026-02-04 19:00:00,CP-04,Running,47.56,20.24,6.43,300.23,29.22,53.84
2026-03-30 05:00:00,CP-05,Running,54.32,28.51,7.14,434.45,33.07,86.46
2026-02-06 21:00:00,CP-02,Running,49.91,22.28,6.65,312.69,28.06,61.13
2026-02-14 00:00:00,CP-03,Running,56.39,28.28,6.98,360.34,30.78,82.78
2026-02-23 07:00:00,CP-02,Running,52.71,24.14,6.86,376.8,31.98,72.75
2026-03-17 18:00:00,CP-04,Running,49.13,21.22,6.53,316.86,28.58,60.48
2026-03-08 06:00:00,CP-02,Running,51.05,23.3,6.76,393.95,31.07,71.36
2026-01-19 19:00:00,CP-05,Running,51.01,25.87,6.86,339.57,29.17,70.41
2026-03-11 02:00:00,CP-03,Running,55.6,27.21,6.98,391.7,30.45,71.3
2026-03-29 06:00:00,CP-03,Running,56.23,28.06,7.1,396.81,32.27,80.41
2026-02-20 07:00:00,CP-04,Running,52.72,23.4,6.7,364.32,30.48,72.9
2026-02-01 03:00:00,CP-04,Running,50.39,22.23,6.66,355.93,30.91,70.21
2026-01-21 06:00:00,CP-04,Running,51.37,22.8,6.68,355.71,32.29,72.79
2026-02-26 16:00:00,CP-04,Running,50.12,21.41,6.44,275.72,27.47,55.5
2026-01-20 11:00:00,CP-01,Running,52.16,24.26,6.89,318.71,31.94,66.11
2026-01-14 05:00:00,CP-01,Running,53.41,25.26,6.88,388.29,29.75,73.7
2026-02-02 06:00:00,CP-05,Running,54.91,28.83,7.09,455.85,32.72,86.68
2026-03-19 16:00:00,CP-03,Running,45.88,22.2,6.77,312.3,27.92,66.06
2026-03-05 07:00:00,CP-05,Running,58.04,30.23,7.15,454.45,32.11,82.87
2026-01-11 01:00:00,CP-01,Running,54.81,25.78,6.89,392.13,31.66,71.14
2026-03-31 21:00:00,CP-03,Running,51.34,25.11,6.85,343.46,30.32,71.0
2026-01-30 10:00:00,CP-04,Running,53.62,23.52,6.73,360.18,31.28,67.44
2026-01-03 11:00:00,CP-01,Running,51.76,24.56,6.85,419.07,30.23,75.18
2026-01-12 19:00:00,CP-05,Running,51.97,26.42,7.01,378.16,29.59,71.5
2026-03-17 10:00:00,CP-01,Running,56.32,27.14,6.93,431.42,31.22,82.46
2026-02-26 15:00:00,CP-02,Running,49.45,21.93,6.61,292.07,29.27,58.22
2026-02-12 10:00:00,CP-03,Running,55.31,27.5,,401.55,31.35,78.76
2026-01-06 23:00:00,CP-05,Stopped,32.29,13.88,6.92,0.94,26.05,0.17
2026-03-16 16:00:00,CP-02,Running,45.05,20.01,6.53,303.11,29.19,58.96
2026-03-12 23:00:00,CP-03,Stopped,30.34,12.75,6.91,33.96,27.65,6.25
2026-01-30 11:00:00,CP-05,Running,58.47,30.55,7.04,398.23,31.78,84.32
2026-01-26 07:00:00,CP-04,Running,47.8,20.8,6.82,329.21,32.8,63.73
2026-01-23 11:00:00,CP-04,Running,46.25,19.95,6.55,306.12,28.24,60.01
2026-01-27 22:00:00,CP-04,Running,46.25,20.05,6.42,300.35,29.96,62.04
2026-03-25 19:00:00,CP-01,Stopped,25.79,10.33,6.72,12.64,26.16,2.57
2026-02-15 04:00:00,CP-05,Running,57.8,30.31,7.0,408.92,34.05,86.0
2026-01-30 16:00:00,CP-01,Running,48.29,22.27,6.62,311.61,29.72,62.13
2026-03-14 06:00:00,CP-02,Running,51.12,23.19,6.85,362.37,30.85,68.49
2026-02-04 16:00:00,CP-01,Running,52.61,24.43,6.65,344.57,28.79,65.28
2026-02-27 23:00:00,CP-01,Running,49.65,23.24,6.75,345.36,29.71,68.95
2026-03-03 16:00:00,CP-01,Running,45.61,21.1,6.71,333.2,29.18,63.57
2026-02-27 15:00:00,CP-03,Running,53.08,25.82,6.76,336.89,30.06,68.61
2026-01-23 12:00:00,CP-03,Running,56.41,27.78,6.79,340.95,29.92,74.3
2026-03-11 15:00:00,CP-02,Running,46.77,20.95,6.59,323.38,28.84,62.68
2026-01-26 03:00:00,CP-04,Running,49.81,21.78,6.7,335.12,30.23,66.09
2026-01-29 09:00:00,CP-01,Running,49.34,23.2,6.85,341.79,31.44,70.93
2026-02-14 14:00:00,CP-05,Running,53.74,27.6,6.84,395.16,29.33,76.28
2026-02-21 09:00:00,CP-01,Running,55.15,26.53,7.01,403.13,32.76,81.65
2026-02-03 20:00:00,CP-02,Running,49.71,22.3,6.51,335.86,28.78,63.43
2026-01-16 02:00:00,CP-02,Running,52.77,24.3,6.75,365.13,30.26,75.41
2026-01-08 10:00:00,CP-02,Running,49.81,22.72,6.82,400.38,29.46,71.02
2026-02-15 03:00:00,CP-03,Running,56.09,27.86,7.01,368.36,31.49,78.18
2026-03-22 17:00:00,CP-04,Running,46.86,19.72,6.35,240.97,27.98,48.91
2026-01-11 18:00:00,CP-01,Running,49.79,23.32,6.63,342.43,29.1,69.13
2026-01-12 02:00:00,CP-05,Running,55.96,29.12,7.02,417.85,29.93,82.42
2026-02-27 05:00:00,CP-02,Running,56.25,25.98,6.84,376.77,31.76,76.76
2026-02-10 01:00:00,CP-05,Running,56.52,29.0,7.03,371.6,29.7,75.75
2026-02-15 04:00:00,CP-02,Running,51.19,23.34,6.87,349.8,31.8,70.83
2026-02-09 14:00:00,CP-02,Running,46.91,20.98,6.64,322.32,28.64,62.12
2026-02-02 01:00:00,CP-01,Running,52.76,25.03,7.0,395.26,30.53,75.02
2026-02-12 03:00:00,CP-05,Running,58.1,30.58,7.16,425.68,31.82,87.81
2026-03-04 10:00:00,CP-03,Running,58.65,29.11,7.02,402.88,30.51,77.94
2026-01-04 06:00:00,CP-05,Stopped,28.81,12.62,6.95,39.84,28.03,7.78
2026-03-12 19:00:00,CP-05,Running,49.03,24.71,6.76,368.13,28.62,67.48
2026-01-16 14:00:00,CP-03,Running,55.07,27.05,6.78,370.0,30.09,73.01
2026-01-10 07:00:00,CP-01,Running,55.84,26.59,6.95,392.47,32.44,76.82
2026-01-04 20:00:00,CP-04,Running,45.18,19.19,6.52,275.58,28.6,53.02
2026-01-06 23:00:00,CP-01,Running,53.27,24.9,6.61,362.82,29.61,68.27
2026-01-23 20:00:00,CP-04,Running,42.44,17.93,6.57,246.82,27.6,50.68
2026-01-08 13:00:00,CP-01,Running,52.81,24.58,6.63,376.62,28.97,66.33
2026-03-04 16:00:00,CP-05,Running,52.67,26.87,6.95,360.96,29.63,73.17
2026-03-29 13:00:00,CP-01,Running,48.79,22.7,6.75,322.27,30.1,66.08
2026-01-12 01:00:00,CP-03,Running,54.79,27.03,7.05,395.22,31.87,74.94
2026-01-18 10:00:00,CP-05,Running,55.92,29.04,7.12,391.74,30.67,81.44
2026-02-17 18:00:00,CP-02,Running,46.35,20.38,6.58,269.77,29.9,54.49
2026-01-05 11:00:00,CP-03,Running,54.01,26.28,6.91,357.65,30.09,68.59
2026-01-28 11:00:00,CP-04,Running,48.75,21.15,6.6,311.2,29.99,62.61
2026-01-19 19:00:00,CP-03,Running,50.93,24.73,6.78,338.23,28.99,67.79
2026-03-20 02:00:00,CP-04,Running,50.11,21.76,6.82,326.34,31.22,62.99
2026-01-18 07:00:00,CP-03,Running,56.33,28.06,7.07,407.4,32.44,79.58
2026-03-15 20:00:00,CP-01,Running,42.97,19.58,6.68,270.72,28.12,56.66
2026-03-28 09:00:00,CP-02,Running,55.23,25.25,6.99,347.06,31.44,72.0
2026-03-03 08:00:00,CP-05,Running,57.41,29.66,7.05,404.72,32.38,78.98
2026-03-24 10:00:00,CP-04,Running,47.96,21.02,6.7,332.07,29.43,67.1
2026-03-26 00:00:00,CP-03,Running,49.31,24.08,6.88,342.73,30.59,70.3
2026-01-14 18:00:00,CP-03,Running,51.38,24.65,6.77,309.13,29.47,62.3
2026-02-05 09:00:00,CP-05,Running,53.98,28.04,7.24,441.48,33.02,81.58
2026-03-07 12:00:00,CP-02,Running,52.39,23.61,6.76,341.1,30.06,65.53
2026-02-05 09:00:00,CP-03,Running,56.62,28.68,6.88,462.88,32.73,87.46
2026-03-14 11:00:00,CP-04,Running,52.68,23.06,6.59,351.33,31.17,66.59
2026-02-17 02:00:00,CP-03,Running,54.59,26.79,7.01,372.19,30.91,72.63
2026-01-02 05:00:00,CP-02,Stopped,29.61,11.65,6.94,42.18,28.13,7.75
2026-02-27 17:00:00,CP-05,Running,52.74,26.56,6.88,353.42,29.0,67.08
2026-02-27 15:00:00,CP-05,Running,53.62,27.23,6.96,363.77,29.07,71.01
2026-03-31 20:00:00,CP-03,Running,49.62,23.72,6.84,322.56,28.66,60.59
2026-02-08 05:00:00,CP-04,Running,49.91,21.88,6.65,348.71,32.4,67.28
2026-02-27 22:00:00,CP-04,Running,46.8,19.73,6.7,251.73,28.32,49.79
2026-03-09 05:00:00,CP-03,Running,51.72,25.63,7.16,404.3,32.77,77.25
2026-02-25 00:00:00,CP-02,Running,47.7,21.34,6.73,301.59,30.51,62.28
2026-02-17 04:00:00,CP-01,Running,51.77,24.59,6.76,361.06,31.9,75.72
2026-02-01 03:00:00,CP-01,Running,55.07,26.25,6.8,399.79,33.01,77.31
2026-02-25 19:00:00,CP-05,Running,53.91,27.46,6.86,350.1,26.84,72.39
2026-01-27 14:00:00,CP-05,Running,54.24,27.76,6.92,395.78,29.03,74.64
2026-01-06 18:00:00,CP-04,Running,47.37,19.92,6.39,254.48,28.32,48.51
2026-02-03 23:00:00,CP-03,Running,52.8,26.0,6.8,379.99,29.94,74.25
2026-01-22 02:00:00,CP-05,Running,53.98,27.7,7.04,376.9,31.03,75.8
2026-01-06 01:00:00,CP-02,Running,54.7,24.9,6.7,363.77,31.5,70.07
2026-01-15 23:00:00,CP-05,Running,51.67,26.62,6.88,384.34,29.1,77.72
2026-01-28 12:00:00,CP-04,Running,47.93,20.65,6.4,298.37,29.8,59.21
2026-01-31 09:00:00,CP-02,Running,53.4,24.36,6.65,363.38,32.54,71.12
2026-03-09 01:00:00,CP-04,Running,47.39,20.64,6.8,335.23,31.3,64.25
2026-01-17 03:00:00,CP-01,Running,54.69,26.09,6.85,388.41,32.73,77.72
2026-02-14 17:00:00,CP-04,Running,43.1,18.39,6.38,292.44,27.7,54.97
2026-02-03 14:00:00,CP-02,Running,50.5,22.7,6.52,329.99,29.76,64.25
2026-03-06 03:00:00,CP-01,Running,52.92,25.23,6.88,408.23,31.15,77.35
2026-02-11 03:00:00,CP-04,Running,49.39,21.78,6.74,370.18,30.57,69.99
2026-02-12 11:00:00,CP-05,Running,57.73,29.89,7.03,399.2,30.87,80.0
2026-01-25 12:00:00,CP-05,Running,53.36,27.56,7.05,414.32,31.15,78.82
2026-02-01 02:00:00,CP-03,Running,52.38,25.9,6.97,380.33,32.12,76.04
2026-02-01 12:00:00,CP-01,Running,49.38,23.11,6.86,347.45,30.65,68.91
2026-02-15 08:00:00,CP-02,Running,52.55,24.04,6.78,366.3,31.66,72.32
2026-01-15 09:00:00,CP-02,Running,50.77,23.08,6.86,385.65,31.75,69.53
2026-02-01 09:00:00,CP-01,Running,56.38,27.03,6.87,394.75,31.52,80.06
2026-01-02 23:00:00,CP-02,Running,53.42,23.99,6.71,308.32,28.53,63.87
2026-01-29 16:00:00,CP-01,Running,45.2,20.71,6.82,305.27,29.24,59.2
2026-01-04 15:00:00,CP-02,Running,48.23,21.45,6.53,296.77,28.95,59.42
2026-03-14 05:00:00,CP-03,Running,57.52,29.29,6.92,483.89,32.7,89.95
2026-02-22 00:00:00,CP-01,Running,49.66,23.29,6.84,355.13,28.48,69.8
2026-02-05 16:00:00,CP-01,Running,51.17,23.75,6.66,332.21,29.26,65.04
2026-02-05 09:00:00,CP-01,Running,52.87,25.11,6.93,388.71,31.95,75.62
2026-01-24 17:00:00,CP-05,Running,55.75,28.38,6.87,335.32,29.24,72.18
2026-02-11 06:00:00,CP-02,Running,54.53,24.98,6.81,381.29,31.73,73.04
2026-03-17 16:00:00,CP-02,Running,47.02,20.73,6.62,292.26,27.6,55.52
2026-03-10 21:00:00,CP-01,Running,48.91,22.47,6.74,300.54,28.22,60.4
2026-03-01 23:00:00,CP-01,Running,48.04,22.29,6.89,334.41,29.21,64.91
2026-03-22 16:00:00,CP-05,Running,55.84,28.39,6.69,352.48,30.56,71.45
2026-01-03 17:00:00,CP-05,Running,53.35,27.14,6.73,355.05,27.15,71.75
2026-03-10 22:00:00,CP-04,Running,49.7,21.24,6.51,275.41,28.96,55.64
2026-01-28 19:00:00,CP-01,Running,48.62,22.54,6.67,311.62,27.29,64.41
2026-03-30 09:00:00,CP-02,Running,49.09,21.91,6.89,346.4,31.32,61.13
2026-02-22 21:00:00,CP-01,Running,52.78,24.63,6.73,322.41,29.38,67.38
2026-02-10 06:00:00,CP-03,Running,56.45,28.04,7.04,442.71,32.1,78.24
2026-03-03 13:00:00,CP-04,Running,49.55,21.74,6.53,340.61,29.78,67.5
2026-02-10 20:00:00,CP-03,Running,48.3,23.34,6.82,315.42,29.39,65.52
2026-02-07 03:00:00,CP-05,Running,55.65,28.88,7.14,418.01,30.54,81.07
2026-01-18 14:00:00,CP-01,Running,48.6,22.59,6.91,324.52,27.67,65.69
2026-01-17 05:00:00,CP-03,Running,59.04,29.69,7.06,416.08,31.78,84.01
2026-01-08 21:00:00,CP-03,Running,50.59,24.57,6.94,370.21,29.53,67.78
2026-01-20 10:00:00,CP-01,Running,54.47,25.97,6.89,376.3,32.36,77.39
2026-02-28 11:00:00,CP-01,Running,51.6,24.53,6.93,385.51,30.73,76.08
2026-03-19 11:00:00,CP-01,Running,48.37,22.68,6.82,344.99,30.55,69.58
2026-01-26 04:00:00,CP-05,Running,62.26,33.08,7.07,441.35,33.4,92.24
2026-01-24 04:00:00,CP-01,Running,54.35,25.94,7.0,377.57,32.26,77.93
2026-03-10 23:00:00,CP-03,Running,56.1,27.73,6.76,374.63,29.5,75.89
2026-02-15 04:00:00,CP-04,Running,52.69,23.26,6.83,351.6,31.56,70.38
2026-02-13 06:00:00,CP-04,Running,53.65,23.74,6.81,357.88,32.12,71.54
2026-02-23 01:00:00,CP-02,Stopped,27.32,10.63,6.73,16.46,27.63,3.31
2026-01-27 09:00:00,CP-05,Running,58.87,30.78,7.18,424.58,31.8,84.69
2026-02-26 16:00:00,CP-02,Running,50.42,22.41,6.44,296.82,28.74,59.28
2026-02-03 01:00:00,CP-03,Running,50.58,24.74,6.95,366.92,31.37,71.09
2026-02-13 03:00:00,CP-03,Running,55.23,27.06,7.0,372.8,30.86,71.83
2026-02-21 05:00:00,CP-02,Running,50.44,23.04,6.92,360.89,32.57,71.62
2026-03-30 21:00:00,CP-04,Running,41.54,17.76,6.56,275.73,30.02,55.8
2026-01-12 14:00:00,CP-01,Running,47.15,21.76,6.71,326.78,28.91,62.44
2026-03-18 12:00:00,CP-03,Running,54.93,27.21,6.91,394.49,30.67,76.94
2026-02-20 06:00:00,CP-05,Running,54.86,28.58,7.18,388.22,31.03,83.01
2026-03-17 16:00:00,CP-01,Running,49.97,23.24,6.55,336.57,28.67,65.95
2026-02-10 07:00:00,CP-04,Running,55.13,24.17,6.73,363.85,31.45,67.2
2026-01-04 23:00:00,CP-01,Running,50.99,23.93,6.9,388.32,29.64,70.08
2026-03-04 06:00:00,CP-04,Running,50.16,22.03,6.83,337.77,33.48,68.01
2026-02-17 08:00:00,CP-03,Running,55.93,27.71,7.06,387.16,31.67,76.97
2026-02-27 05:00:00,CP-03,Stopped,30.06,12.6,6.96,25.24,29.14,5.1
2026-03-12 07:00:00,CP-04,Running,52.47,23.39,6.74,404.12,31.19,74.92
2026-03-28 04:00:00,CP-04,Running,50.43,22.41,6.74,378.19,31.09,73.53
2026-02-07 13:00:00,CP-03,Running,54.37,26.48,6.75,371.7,30.53,69.13
2026-01-03 05:00:00,CP-01,Running,52.05,24.42,6.91,350.96,30.18,69.98
2026-02-02 09:00:00,CP-02,Running,53.26,24.46,6.84,355.31,31.64,74.16
2026-02-22 23:00:00,CP-01,Stopped,30.36,12.29,6.7,34.89,26.82,6.96
2026-03-15 09:00:00,CP-01,Running,53.25,25.17,6.79,372.32,31.25,73.43
2026-02-11 01:00:00,CP-02,Running,51.26,23.28,6.99,347.49,29.84,68.95
2026-03-23 06:00:00,CP-01,Running,51.67,24.46,7.0,357.49,32.56,74.12
2026-02-15 10:00:00,CP-03,Running,53.76,27.02,7.0,430.52,32.76,83.75
2026-01-12 22:00:00,CP-02,Running,49.15,22.09,6.76,338.07,28.41,64.23
2026-03-23 16:00:00,CP-02,Running,49.94,22.43,6.52,308.94,28.21,63.9
2026-03-10 18:00:00,CP-04,Running,42.39,17.48,6.43,208.54,26.77,40.01
2026-02-08 18:00:00,CP-02,Running,47.15,20.55,6.58,264.68,26.91,50.44
2026-02-03 03:00:00,CP-05,Running,55.86,28.93,7.01,425.97,32.25,80.13
2026-02-06 00:00:00,CP-01,Running,54.61,25.98,6.78,413.24,30.35,76.42
2026-02-16 02:00:00,CP-01,Stopped,30.77,12.47,6.92,36.84,28.52,7.39
2026-01-12 07:00:00,CP-05,Running,56.55,29.71,7.15,445.69,32.02,86.88
2026-01-14 01:00:00,CP-02,Running,49.17,22.3,6.85,359.31,31.35,68.36
2026-03-09 00:00:00,CP-03,Running,49.11,24.07,6.88,375.65,31.66,72.08
2026-03-31 18:00:00,CP-03,Running,48.17,23.25,6.84,345.19,28.96,65.13
2026-01-13 02:00:00,CP-01,Running,56.49,26.66,6.87,391.89,30.25,72.71
2026-02-15 17:00:00,CP-01,Running,47.25,21.36,6.69,284.82,27.88,53.25
2026-01-03 13:00:00,CP-02,Running,53.46,24.32,6.63,362.73,31.04,69.83
2026-03-14 11:00:00,CP-05,Running,54.81,28.04,7.07,387.43,30.36,74.42
2026-02-19 23:00:00,CP-05,Running,53.85,27.47,6.9,354.77,29.86,73.12
2026-03-08 03:00:00,CP-05,Running,59.15,31.12,7.12,443.45,31.58,87.65
2026-03-15 05:00:00,CP-04,Running,49.18,21.52,6.87,326.55,30.36,66.3
2026-01-07 02:00:00,CP-01,Running,54.9,26.06,6.98,391.7,31.16,75.42
2026-02-27 14:00:00,CP-03,Running,55.33,27.25,6.66,390.19,30.23,74.32
2026-02-19 22:00:00,CP-05,Running,49.45,25.23,6.85,344.21,30.51,73.14
2026-01-26 14:00:00,CP-03,Running,54.85,27.11,6.87,377.9,29.3,75.95
2026-01-14 19:00:00,CP-04,Running,45.23,19.36,6.57,276.24,27.25,56.37
2026-01-09 23:00:00,CP-02,Running,50.51,22.97,6.72,370.39,31.37,69.6
2026-01-04 18:00:00,CP-05,Running,53.5,27.44,6.91,399.19,29.19,75.61
2026-02-27 04:00:00,CP-01,Running,55.08,26.58,6.97,432.03,33.59,83.04
2026-03-18 19:00:00,CP-05,Running,53.0,26.85,6.98,349.94,29.0,69.87
2026-01-03 15:00:00,CP-05,Running,53.4,27.35,6.8,392.4,29.14,74.89
2026-02-05 06:00:00,CP-01,Running,54.04,25.46,6.86,383.69,31.31,71.79
2026-03-07 03:00:00,CP-05,Stopped,29.66,12.8,7.19,10.01,28.94,1.88
2026-02-23 15:00:00,CP-04,Running,46.69,20.1,6.39,308.8,28.79,59.04
2026-02-05 04:00:00,CP-04,Stopped,29.19,11.14,6.77,40.13,29.08,7.86
2026-02-12 06:00:00,CP-05,Running,59.46,31.33,7.28,473.8,32.37,88.37
2026-02-22 20:00:00,CP-02,Running,46.83,20.76,6.51,288.77,28.49,58.09
2026-01-13 05:00:00,CP-04,Running,45.85,19.88,6.8,317.3,30.51,62.25
2026-01-09 22:00:00,CP-03,Running,52.52,25.58,6.75,355.07,29.89,69.13
2026-03-18 07:00:00,CP-02,Running,49.88,22.61,6.8,361.56,31.8,68.16
2026-01-13 22:00:00,CP-02,Running,48.32,21.67,6.64,344.29,29.15,63.21
2026-02-05 09:00:00,CP-02,Running,50.62,22.8,6.7,309.11,31.21,65.2
2026-03-15 08:00:00,CP-02,Running,57.16,26.06,6.79,350.86,30.91,70.7
2026-02-23 12:00:00,CP-05,Running,52.27,26.66,6.87,352.85,30.51,72.97
2026-02-25 03:00:00,CP-02,Running,48.86,22.0,6.75,311.6,31.91,65.17
2026-01-23 03:00:00,CP-04,Running,48.01,20.69,6.61,301.22,31.23,59.47
2026-03-24 22:00:00,CP-04,Running,41.17,17.54,6.55,262.66,28.27,54.33
2026-03-20 23:00:00,CP-04,Running,48.23,20.74,6.3,304.56,29.04,58.48
2026-01-24 08:00:00,CP-05,Running,58.58,30.73,6.99,426.59,33.26,86.18
2026-03-06 11:00:00,CP-05,Running,58.19,30.12,7.04,444.02,30.8,79.93
2026-03-29 22:00:00,CP-02,Running,45.61,20.26,6.52,306.8,28.68,58.92
2026-02-01 09:00:00,CP-05,Running,57.59,30.05,7.27,474.37,31.28,83.64
2026-03-23 13:00:00,CP-04,Running,44.79,19.1,6.52,271.76,28.97,54.85
2026-03-15 10:00:00,CP-02,Running,52.34,23.82,6.85,357.78,31.37,70.0
2026-03-03 18:00:00,CP-01,Running,46.56,21.37,6.5,300.47,27.97,59.91
2026-02-09 04:00:00,CP-05,Running,51.38,26.63,7.25,425.68,30.2,80.5
2026-03-20 04:00:00,CP-02,Running,51.68,23.56,6.85,331.69,30.07,70.8
2026-03-05 14:00:00,CP-02,Running,50.32,22.31,6.72,283.2,,58.14
2026-03-02 01:00:00,CP-01,Running,51.52,23.99,6.85,338.56,30.7,66.54
2026-02-01 21:00:00,CP-02,Running,47.21,20.95,6.63,298.88,28.67,58.54
2026-01-25 08:00:00,CP-02,Running,52.21,23.96,6.92,362.56,32.7,73.91
2026-01-23 13:00:00,CP-02,Running,55.08,25.04,6.63,340.86,30.33,69.43
2026-01-13 05:00:00,CP-05,Running,59.9,31.42,7.09,443.16,31.02,86.13
2026-01-17 19:00:00,CP-03,Running,50.84,24.61,6.7,322.81,30.81,66.26
2026-02-28 23:00:00,CP-04,Running,50.46,21.82,6.66,303.15,30.05,61.05
2026-03-30 02:00:00,CP-01,Running,55.08,26.07,6.84,373.4,30.94,74.07
2026-01-14 18:00:00,CP-05,Running,52.63,26.58,6.74,361.15,28.21,68.41
2026-03-30 11:00:00,CP-02,Running,54.04,24.73,6.78,373.43,31.71,72.6
2026-02-04 02:00:00,CP-01,Running,49.3,23.39,6.96,376.15,32.73,75.21
2026-01-28 09:00:00,CP-03,Running,57.6,28.91,7.1,418.32,32.22,83.03
2026-01-09 17:00:00,CP-05,Running,50.16,25.48,6.81,379.89,29.03,71.18
2026-01-25 00:00:00,CP-04,Running,48.75,21.13,6.63,312.57,30.23,62.04
2026-01-05 06:00:00,CP-02,Running,53.55,24.95,6.83,436.24,32.88,80.99
2026-03-26 04:00:00,CP-01,Running,57.19,27.26,6.94,397.41,31.62,77.36
2026-01-01 03:00:00,CP-02,Running,52.45,23.88,6.69,326.93,30.9,70.09
2026-02-16 23:00:00,CP-04,Running,50.28,21.86,6.51,320.44,30.62,63.52
2026-02-18 19:00:00,CP-04,Running,47.36,20.15,6.37,272.5,27.81,53.66
2026-02-05 00:00:00,CP-03,Running,54.59,26.99,7.0,396.95,30.38,76.01
2026-02-04 15:00:00,CP-01,Running,52.55,24.08,6.69,308.51,27.66,59.15
2026-03-03 09:00:00,CP-03,Running,56.27,27.89,6.97,402.67,32.02,77.24
2026-03-14 08:00:00,CP-04,Running,50.35,21.8,6.8,318.0,30.67,61.59
2026-03-24 08:00:00,CP-01,Running,54.95,26.17,7.0,372.8,32.44,76.86
2026-03-13 01:00:00,CP-02,Stopped,27.36,10.7,6.7,26.62,27.21,5.15
2026-03-08 17:00:00,CP-02,Running,44.65,19.46,6.61,268.09,28.47,50.45
2026-01-02 13:00:00,CP-03,Running,53.85,26.51,6.84,411.49,30.29,74.01
2026-03-19 03:00:00,CP-05,Running,54.88,28.67,7.17,417.53,29.43,84.16
2026-01-20 18:00:00,CP-03,Running,54.06,26.15,6.77,333.57,29.19,65.96
2026-02-16 12:00:00,CP-01,Running,52.63,24.91,6.78,375.39,29.88,74.01
2026-03-16 12:00:00,CP-05,Running,53.62,27.71,7.13,405.56,31.68,79.09
2026-01-06 06:00:00,CP-05,Running,56.17,29.54,7.12,472.22,34.42,87.36
2026-03-15 15:00:00,CP-05,Running,55.11,28.15,6.91,390.72,29.21,73.71
2026-03-27 12:00:00,CP-04,Running,49.64,21.56,6.51,323.02,29.67,62.93
2026-01-03 06:00:00,CP-04,Running,50.74,22.15,6.81,326.01,30.35,65.32
2026-01-17 20:00:00,CP-03,Running,50.62,24.83,6.84,361.55,28.91,72.5
2026-02-24 19:00:00,CP-04,Running,48.17,20.35,6.37,234.85,28.01,50.61
2026-03-24 03:00:00,CP-04,Running,51.82,22.76,6.75,327.05,31.19,68.02
2026-01-23 19:00:00,CP-05,Running,52.53,26.55,6.99,354.16,27.7,68.79
2026-02-27 00:00:00,CP-01,Running,48.34,22.55,6.9,340.44,30.81,67.26
2026-03-21 00:00:00,CP-04,Running,48.02,20.93,6.67,328.7,30.68,64.66
2026-03-10 03:00:00,CP-03,Running,54.04,26.85,6.97,414.53,32.74,78.34
2026-01-23 06:00:00,CP-01,Running,56.9,27.63,6.92,428.59,33.13,86.04
2026-03-19 23:00:00,CP-01,Running,54.84,25.47,6.78,312.46,29.48,65.28
2026-01-10 16:00:00,CP-02,Running,48.97,21.61,6.55,279.95,28.15,56.01
2026-03-03 14:00:00,CP-03,Running,52.66,25.62,6.85,336.75,28.12,68.69
2026-02-01 06:00:00,CP-05,Running,58.16,30.76,7.23,500.0,32.71,90.09
2026-02-01 08:00:00,CP-05,Running,56.69,29.96,7.2,474.9,32.11,89.66
2026-03-02 00:00:00,CP-03,Running,56.19,27.79,6.88,410.46,30.7,76.26
2026-03-02 16:00:00,CP-02,Running,49.19,21.8,6.69,311.11,28.56,57.94
2026-03-22 09:00:00,CP-05,Running,53.59,27.75,7.1,417.55,32.71,80.0
2026-03-03 00:00:00,CP-04,Running,51.36,22.28,6.46,329.44,29.81,62.41
2026-02-17 20:00:00,CP-01,Running,51.75,24.13,6.69,332.45,29.93,67.21
2026-03-22 08:00:00,CP-04,Running,51.9,22.64,6.84,303.86,31.55,64.92
2026-03-26 00:00:00,CP-05,Running,56.01,29.39,7.08,408.87,31.06,86.4
2026-01-07 20:00:00,CP-03,Running,50.69,24.84,6.77,358.75,31.14,71.91
2026-03-24 04:00:00,CP-03,Running,53.71,26.8,7.06,404.3,32.44,80.41
2026-02-07 22:00:00,CP-02,Running,49.89,22.2,6.66,312.34,29.44,59.82
2026-01-17 14:00:00,CP-05,Running,48.68,24.46,6.8,326.17,28.72,66.18
2026-02-20 22:00:00,CP-05,Running,46.99,23.81,6.85,346.91,28.68,69.99
2026-01-03 00:00:00,CP-03,Running,54.01,26.86,6.85,404.84,30.77,78.8
2026-02-25 16:00:00,CP-01,Running,52.74,24.78,6.69,356.84,28.41,70.73
2026-01-16 21:00:00,CP-04,Running,47.56,19.96,6.64,231.36,28.07,47.69
2026-03-04 07:00:00,CP-02,Running,54.51,25.38,6.77,415.83,30.87,80.58
2026-02-19 04:00:00,CP-02,Running,55.66,25.58,6.84,370.28,33.31,74.46
2026-03-13 13:00:00,CP-03,Running,53.29,26.08,6.97,364.28,28.94,71.29
2026-01-15 03:00:00,CP-02,Running,53.87,24.33,6.93,332.65,32.67,66.55
2026-03-01 09:00:00,CP-05,Running,58.05,30.64,7.11,483.95,32.09,89.15
2026-02-12 02:00:00,CP-01,Running,49.35,23.02,6.83,374.2,31.67,67.33
2026-03-17 04:00:00,CP-04,Running,50.82,22.04,6.69,314.66,31.35,62.35
2026-03-27 14:00:00,CP-02,Stopped,29.07,11.41,6.54,34.47,27.61,6.83
2026-03-16 20:00:00,CP-04,Running,47.31,20.06,6.41,277.37,29.63,52.22
2026-03-19 09:00:00,CP-02,Running,55.14,25.45,6.71,369.09,32.07,76.51
2026-02-03 10:00:00,CP-04,Running,55.8,24.73,6.7,381.64,31.07,72.16
2026-02-10 15:00:00,CP-01,Running,50.28,23.17,6.56,324.41,29.48,61.8
2026-02-15 06:00:00,CP-04,Running,52.67,23.42,6.73,384.71,31.07,73.69
2026-02-06 20:00:00,CP-05,Running,53.37,27.07,6.93,359.17,28.74,70.37
2026-03-31 06:00:00,CP-02,Running,57.5,26.31,6.83,374.09,31.69,72.36
2026-01-23 15:00:00,CP-04,Running,49.21,21.18,6.37,299.1,27.48,58.84
2026-03-31 11:00:00,CP-04,Running,45.47,19.69,6.59,316.92,30.04,61.73
2026-01-18 16:00:00,CP-04,Stopped,31.76,12.02,6.4,25.45,26.71,4.87
2026-01-06 03:00:00,CP-04,Running,47.97,20.9,6.64,,32.66,64.37
2026-02-08 17:00:00,CP-03,Running,50.77,24.4,6.82,328.66,28.69,63.03
2026-01-08 04:00:00,CP-05,Running,53.78,28.12,7.07,410.28,30.65,84.7
2026-03-12 06:00:00,CP-05,Running,54.63,28.36,6.98,453.09,32.15,81.15
2026-03-27 23:00:00,CP-01,Running,52.2,24.7,6.77,370.32,29.93,73.99
2026-02-10 23:00:00,CP-05,Stopped,30.46,13.17,6.93,13.21,27.2,2.62
2026-03-09 22:00:00,CP-05,Running,57.0,29.33,6.84,409.59,30.39,77.06
2026-01-13 04:00:00,CP-05,Running,56.93,30.01,7.15,459.44,33.44,88.64
2026-01-11 09:00:00,CP-02,Running,50.11,22.77,7.0,364.06,32.0,69.32
2026-03-05 16:00:00,CP-05,Running,52.83,26.53,6.85,353.17,28.77,65.84
2026-02-02 03:00:00,CP-03,Running,53.83,26.76,6.92,445.34,33.3,78.57
2026-03-18 18:00:00,CP-04,Running,49.05,20.7,6.38,225.05,27.14,50.21
2026-01-17 21:00:00,CP-01,Running,50.46,23.32,6.61,320.33,27.72,63.12
2026-02-09 08:00:00,CP-03,Running,54.77,27.6,7.1,464.39,31.7,85.05
2026-03-19 20:00:00,CP-01,Running,48.61,22.3,6.88,297.05,27.37,59.84
2026-01-02 03:00:00,CP-05,Running,58.48,30.55,7.22,439.39,30.66,84.2
2026-03-11 12:00:00,CP-02,Running,45.92,20.49,6.75,336.48,29.17,60.95
2026-03-27 08:00:00,CP-03,Running,58.03,29.05,7.04,407.99,32.0,81.88
2026-03-28 11:00:00,CP-03,Running,52.73,26.02,6.79,366.15,31.63,75.25
2026-03-16 05:00:00,CP-04,Running,53.22,23.41,6.67,347.62,32.44,68.82
2026-03-30 03:00:00,CP-03,Running,56.2,28.43,6.98,422.05,31.86,86.79
2026-01-02 21:00:00,CP-01,Running,51.35,23.72,6.7,326.07,29.15,62.93
2026-03-03 07:00:00,CP-05,Running,55.58,29.1,7.2,427.93,31.27,85.27
2026-01-07 13:00:00,CP-04,Stopped,28.57,10.71,6.55,5.24,27.64,0.96
2026-02-03 21:00:00,CP-02,Running,45.26,19.87,6.63,293.21,28.42,53.84
2026-01-17 12:00:00,CP-03,Running,53.39,26.2,6.97,380.54,29.5,72.6
2026-03-11 04:00:00,CP-04,Running,50.21,21.75,6.65,335.87,30.79,61.76
2026-02-21 20:00:00,CP-01,Running,48.95,22.65,6.59,304.41,28.33,63.63
2026-02-09 13:00:00,CP-03,Running,51.66,25.22,7.0,366.94,29.68,70.27
2026-03-07 21:00:00,CP-04,Running,40.9,17.25,6.44,259.41,27.97,49.96
2026-03-11 02:00:00,CP-05,Running,55.31,29.26,7.2,491.65,31.83,90.28
2026-02-26 09:00:00,CP-04,Running,52.45,23.04,6.76,337.62,30.09,68.04
2026-01-13 19:00:00,CP-05,Running,51.75,26.5,6.87,424.53,28.72,74.86
2026-02-22 03:00:00,CP-05,Running,59.26,31.35,7.12,447.49,32.44,90.23
2026-03-02 02:00:00,CP-02,Running,51.13,23.26,6.75,355.27,30.58,69.73
2026-02-02 08:00:00,CP-04,Running,49.25,21.6,6.65,345.36,30.35,67.41
2026-03-03 03:00:00,CP-02,Running,51.5,23.41,6.74,370.27,30.88,69.33
2026-03-26 20:00:00,CP-03,Running,53.16,25.29,6.69,281.79,27.98,58.39
2026-02-05 10:00:00,CP-03,Running,57.27,28.5,6.96,422.38,29.71,79.14
2026-03-14 13:00:00,CP-03,Running,51.79,25.26,6.92,365.56,30.23,69.76
2026-03-22 21:00:00,CP-02,Running,50.01,22.41,6.65,305.02,29.06,62.96
2026-03-27 00:00:00,CP-05,Stopped,29.58,12.96,6.93,38.89,27.0,7.86
2026-02-21 06:00:00,CP-03,Running,57.65,28.9,7.01,384.8,32.0,82.52
2026-03-23 08:00:00,CP-02,Running,55.72,25.86,6.94,365.15,31.97,79.16
2026-02-13 09:00:00,CP-05,Running,55.01,28.7,7.07,449.6,32.31,83.54
2026-02-10 10:00:00,CP-03,Running,52.8,25.91,7.02,360.83,30.95,72.54
2026-02-21 18:00:00,CP-02,Running,49.39,21.83,6.55,260.66,26.5,56.78
2026-02-10 07:00:00,CP-05,Running,55.97,29.06,7.23,416.18,31.68,81.31
2026-02-25 00:00:00,CP-01,Running,50.88,23.82,6.9,328.14,28.79,68.9
2026-01-06 21:00:00,CP-02,Running,49.89,22.2,6.54,330.98,28.58,59.7
2026-02-15 16:00:00,CP-02,Running,47.07,20.83,6.5,292.76,28.68,57.19
2026-03-10 21:00:00,CP-03,Running,50.1,24.16,6.7,336.8,28.69,64.54
2026-03-30 20:00:00,CP-05,Running,56.23,28.64,6.93,371.08,29.55,72.37
2026-01-15 17:00:00,CP-02,Running,51.23,22.54,6.56,285.78,28.41,54.71
2026-03-11 06:00:00,CP-03,Running,55.59,27.68,6.92,426.02,31.17,79.35
2026-02-12 06:00:00,CP-04,Running,53.31,23.64,6.86,382.77,30.06,72.56
2026-02-01 01:00:00,CP-02,Running,47.46,21.36,6.82,328.21,30.28,64.84
2026-02-21 15:00:00,CP-02,Stopped,27.1,10.51,6.52,9.34,25.09,1.89
2026-02-03 09:00:00,CP-01,Running,54.14,25.63,7.0,398.16,33.28,74.09
2026-02-03 06:00:00,CP-02,Running,53.33,24.19,6.9,368.95,30.75,68.51
2026-02-11 23:00:00,CP-01,Running,48.97,22.72,6.75,336.48,29.56,64.84
2026-01-31 01:00:00,CP-02,Running,52.41,23.64,6.68,305.76,30.96,65.98
2026-02-02 18:00:00,CP-02,Running,47.06,20.84,6.61,298.92,27.87,57.51
2026-02-16 01:00:00,CP-04,Running,48.39,21.25,6.61,326.23,30.23,68.01
2026-02-12 11:00:00,CP-04,Running,46.78,19.84,6.59,264.45,29.98,52.39
2026-02-12 05:00:00,CP-05,Running,56.51,29.74,7.11,479.58,32.08,87.71
2026-01-24 16:00:00,CP-03,Running,50.53,24.42,,313.87,28.96,65.56
2026-03-25 04:00:00,CP-01,Running,53.26,25.32,6.99,395.19,31.66,76.01
2026-01-02 07:00:00,CP-05,Running,60.14,31.55,7.1,452.87,32.28,86.24
2026-03-28 14:00:00,CP-05,Running,47.85,24.1,6.87,338.94,28.76,67.15
2026-01-21 15:00:00,CP-02,Running,45.48,19.86,6.64,248.95,28.97,51.32
2026-01-28 00:00:00,CP-04,Running,49.07,21.22,6.6,313.27,29.43,61.06
2026-03-17 11:00:00,CP-04,Running,49.54,33.325,6.86,305.06,31.12,62.66
2026-03-24 02:00:00,CP-04,Running,46.45,20.12,6.64,297.99,29.93,61.81
2026-01-26 23:00:00,CP-03,Running,53.46,26.3,6.94,365.18,30.77,73.77
2026-02-18 23:00:00,CP-02,Running,47.97,21.55,6.69,302.27,29.28,64.03
2026-02-21 23:00:00,CP-05,Running,54.98,28.22,6.97,370.52,29.93,76.01
2026-01-15 06:00:00,CP-04,Running,48.93,21.44,6.79,329.98,31.63,67.02
2026-02-08 09:00:00,CP-03,Running,56.7,28.38,7.21,427.4,32.06,81.86
2026-02-09 05:00:00,CP-02,Running,52.49,23.9,6.79,347.08,31.82,70.25
2026-01-19 11:00:00,CP-05,Running,53.81,27.72,6.92,397.69,29.96,77.55
2026-01-22 21:00:00,CP-03,Running,52.48,25.47,6.74,338.13,28.7,67.52
2026-03-30 11:00:00,CP-01,Running,50.7,24.05,6.89,402.11,31.08,75.06
2026-03-03 22:00:00,CP-01,Running,51.67,23.87,6.71,318.35,29.54,62.84
2026-03-29 12:00:00,CP-02,Running,49.15,21.77,6.68,294.87,29.79,57.75
2026-01-20 07:00:00,CP-03,Running,57.59,28.55,6.97,381.86,33.01,77.41
2026-02-28 21:00:00,CP-01,Running,49.84,22.97,6.68,302.92,30.48,61.91
2026-03-13 17:00:00,CP-04,Running,44.78,18.87,6.41,250.68,28.14,49.58
2026-02-28 19:00:00,CP-05,Stopped,31.55,13.73,6.9,24.35,26.06,4.99
2026-02-11 18:00:00,CP-04,Running,44.3,18.71,6.4,272.47,27.49,50.58
2026-03-15 22:00:00,CP-03,Running,54.65,27.09,6.83,397.98,28.58,77.28
2026-02-09 14:00:00,CP-05,Running,57.7,30.2,6.96,458.85,31.96,85.06
2026-03-06 00:00:00,CP-03,Running,49.73,24.53,6.75,390.86,30.16,75.07
2026-03-30 02:00:00,CP-02,Stopped,29.57,11.55,6.74,22.51,28.48,4.94
2026-02-05 20:00:00,CP-05,Running,50.62,25.63,6.82,371.63,29.4,69.64
2026-02-17 00:00:00,CP-03,Running,55.1,27.09,7.13,372.57,31.71,73.48
2026-02-27 15:00:00,CP-02,Running,51.47,23.17,6.6,335.25,28.13,64.99
2026-02-01 06:00:00,CP-02,Running,52.33,24.1,6.94,397.76,32.69,75.46
2026-03-21 00:00:00,CP-03,Running,51.29,24.9,6.9,341.37,29.71,67.7
2026-01-16 10:00:00,CP-05,Running,52.74,27.48,7.09,441.02,32.02,83.07
2026-03-16 11:00:00,CP-01,Running,54.85,26.0,6.87,392.59,31.33,74.69
2026-03-29 14:00:00,CP-05,Running,47.63,23.9,6.92,326.79,28.64,65.47
2026-03-18 04:00:00,CP-04,Running,50.5,21.95,6.85,315.12,30.36,63.26
2026-01-05 15:00:00,CP-04,Running,51.7,22.27,6.39,331.08,27.99,59.37
2026-03-17 10:00:00,CP-03,Stopped,29.87,12.41,7.03,8.5,26.82,1.6
2026-02-06 06:00:00,CP-01,Running,51.82,24.38,6.83,389.68,31.22,71.17
2026-03-25 21:00:00,CP-05,Running,53.13,26.78,6.98,323.73,29.61,67.54
2026-01-28 13:00:00,CP-02,Running,49.47,22.23,,325.79,30.19,64.27
2026-03-04 18:00:00,CP-01,Running,50.03,22.96,6.52,308.48,28.02,59.88
2026-01-21 09:00:00,CP-04,Running,52.5,22.94,6.74,308.19,30.53,65.74
2026-01-29 02:00:00,CP-02,Running,48.83,21.98,6.85,322.86,31.88,64.98
2026-03-23 08:00:00,CP-04,Stopped,30.26,11.5,6.8,32.33,28.61,6.39
2026-01-20 00:00:00,CP-01,Running,49.22,22.78,6.82,293.09,48.370000000000005,63.68
2026-02-24 21:00:00,CP-02,Running,50.16,22.66,6.51,323.06,29.05,66.6
2026-02-16 08:00:00,CP-05,Running,55.96,29.06,7.02,410.8,32.81,81.46
2026-01-18 21:00:00,CP-02,Running,47.4,21.18,6.66,318.5,30.58,61.51
2026-01-08 06:00:00,CP-02,Stopped,28.35,11.02,6.83,15.49,27.55,2.82
2026-01-28 09:00:00,CP-04,Stopped,28.68,10.74,6.61,2.88,27.71,0.55
2026-02-03 00:00:00,CP-04,Running,51.5,22.41,6.49,327.21,30.03,63.91
2026-02-25 22:00:00,CP-01,Running,45.87,21.07,6.79,304.24,28.55,60.39
2026-03-30 02:00:00,CP-03,Running,56.41,28.62,6.93,462.74,31.53,88.21
2026-03-05 10:00:00,CP-01,Running,53.29,25.14,6.89,387.82,31.18,72.53
2026-02-18 07:00:00,CP-01,Stopped,25.91,10.31,6.9,0.44,28.83,0.09
2026-02-12 04:00:00,CP-05,Running,54.75,28.02,7.11,403.24,32.61,74.6
2026-03-21 12:00:00,CP-04,Running,49.01,21.13,6.63,302.78,31.76,59.62
2026-03-21 01:00:00,CP-01,Stopped,31.61,12.66,6.84,13.0,27.83,2.59
2026-02-01 19:00:00,CP-05,Running,55.03,28.14,6.82,383.48,29.44,74.18
2026-01-09 15:00:00,CP-03,Stopped,25.12,10.4,6.64,0.99,25.61,0.19
2026-03-13 18:00:00,CP-03,Running,51.18,24.83,6.7,335.8,28.22,67.37
2026-03-24 09:00:00,CP-04,Running,51.18,22.31,6.57,315.75,31.9,64.75
2026-01-27 14:00:00,CP-04,Running,47.6,20.46,6.49,297.87,29.05,58.23
2026-03-30 10:00:00,CP-04,Running,49.27,21.39,6.65,319.72,31.99,62.9
2026-03-30 22:00:00,CP-05,Running,59.36,30.91,6.9,407.42,29.76,82.7
2026-01-23 00:00:00,CP-01,Running,52.89,24.84,6.92,339.39,29.48,70.55
2026-03-11 14:00:00,CP-03,Running,50.73,24.69,6.77,375.96,30.89,68.69
2026-02-18 01:00:00,CP-04,Running,50.59,22.04,6.57,333.23,28.84,64.31
2026-01-25 05:00:00,CP-05,Running,53.01,27.4,7.17,395.86,30.92,79.25
2026-02-18 10:00:00,CP-04,Running,52.68,23.22,6.56,345.43,30.22,69.7
2026-03-15 12:00:00,CP-03,Running,49.21,23.82,6.96,342.35,30.16,66.4
2026-03-08 10:00:00,CP-04,Running,52.84,22.91,6.71,324.14,30.56,62.2
2026-01-19 23:00:00,CP-04,Running,47.7,20.53,6.59,293.36,29.42,58.83
2026-03-20 10:00:00,CP-05,Running,58.96,30.9,6.99,404.64,30.63,85.72
2026-01-05 22:00:00,CP-01,Stopped,31.08,12.52,6.85,25.1,26.23,4.8
2026-01-20 19:00:00,CP-04,Running,50.79,21.78,6.54,299.86,27.67,57.33
2026-01-30 08:00:00,CP-01,Running,53.6,25.65,6.97,417.34,32.33,79.06
2026-02-19 10:00:00,CP-03,Running,54.52,26.94,6.98,381.25,31.66,75.78
2026-03-27 16:00:00,CP-04,Running,47.35,20.26,6.38,274.55,27.53,56.26
2026-02-22 15:00:00,CP-02,Running,46.96,20.86,6.57,302.32,27.93,58.88
2026-02-02 21:00:00,CP-04,Running,48.04,20.71,6.4,308.19,27.46,59.66
2026-01-24 21:00:00,CP-05,Running,53.4,26.91,6.74,314.14,28.99,67.51
2026-02-13 14:00:00,CP-04,Running,46.8,20.21,6.53,301.2,29.5,60.29
2026-03-24 15:00:00,CP-02,Running,49.22,22.0,6.61,296.96,28.87,61.64
2026-03-25 21:00:00,CP-02,Running,43.22,18.87,6.55,252.32,30.27,51.24
2026-02-17 03:00:00,CP-01,Running,53.37,25.31,6.84,380.84,31.61,74.93
2026-01-04 12:00:00,CP-02,Running,51.42,23.28,6.7,353.27,29.75,67.68
2026-01-10 13:00:00,CP-03,Running,54.37,26.82,6.74,397.07,29.6,75.04
2026-02-04 19:00:00,CP-05,Running,51.18,25.99,7.0,369.34,29.72,70.88
2026-01-11 08:00:00,CP-04,Running,48.62,21.16,6.71,331.64,30.62,63.94
2026-01-26 09:00:00,CP-01,Running,55.61,26.36,7.09,371.13,30.55,74.81
2026-02-01 02:00:00,CP-02,Running,51.57,23.22,6.74,333.17,30.7,65.16
2026-01-07 11:00:00,CP-02,Running,51.88,23.47,6.67,342.9,31.5,67.36
2026-03-07 15:00:00,CP-04,Running,49.06,20.95,6.48,292.45,29.17,55.29
2026-03-17 20:00:00,CP-04,Running,46.47,19.88,6.54,275.95,28.45,56.22
2026-03-11 08:00:00,CP-03,Running,54.17,26.89,7.13,418.59,31.81,77.94
2026-01-18 15:00:00,CP-01,Running,50.61,23.58,6.74,346.69,28.51,66.76
2026-02-24 04:00:00,CP-04,Running,49.07,21.69,6.68,364.25,30.52,71.02
2026-03-25 01:00:00,CP-05,Running,56.21,29.0,7.18,367.95,30.75,78.3
2026-01-07 18:00:00,CP-01,Running,50.39,23.33,6.69,344.04,28.44,63.96
2026-03-20 08:00:00,CP-03,Running,58.76,29.47,6.96,406.18,32.5,82.86
2026-01-11 14:00:00,CP-01,Running,49.86,23.17,6.71,356.15,29.74,65.56
2026-01-15 22:00:00,CP-02,Running,50.63,22.46,6.72,299.17,29.94,58.38
2026-03-07 00:00:00,CP-01,Running,56.28,26.69,6.72,374.25,32.6,74.86
2026-01-28 10:00:00,CP-01,Running,54.23,25.79,6.84,403.63,31.67,76.12
2026-03-25 13:00:00,CP-05,Running,51.74,26.28,6.97,354.33,29.93,71.03
2026-03-15 09:00:00,CP-05,Running,58.97,31.01,7.09,471.63,32.68,87.39
2026-03-09 16:00:00,CP-03,Running,51.17,24.76,6.68,384.31,27.77,66.16
2026-01-25 22:00:00,CP-04,Running,51.1,22.04,6.62,297.62,29.67,59.78
2026-01-22 00:00:00,CP-01,Running,51.64,24.45,6.78,374.04,31.13,74.11
2026-02-20 17:00:00,CP-04,Running,44.76,18.72,6.45,227.7,28.7,46.29
2026-01-16 13:00:00,CP-01,Running,47.54,22.13,6.77,347.97,28.95,66.34
2026-03-15 01:00:00,CP-02,Running,51.12,23.17,6.69,348.95,30.58,68.02
2026-02-20 22:00:00,CP-02,Running,48.23,21.49,6.74,298.43,28.95,60.33
2026-01-03 15:00:00,CP-04,Running,46.7,19.75,6.61,268.04,28.54,50.98
2026-03-11 13:00:00,CP-03,Running,50.59,24.5,6.86,353.33,30.16,66.59
2026-02-04 20:00:00,CP-01,Stopped,28.91,11.58,6.67,14.1,25.58,2.68
2026-02-10 11:00:00,CP-05,Running,56.06,29.05,7.08,428.15,31.05,80.48
2026-03-22 06:00:00,CP-05,Running,60.04,31.87,7.1,462.38,32.58,91.86
2026-02-19 08:00:00,CP-04,Running,53.23,23.74,6.77,374.52,31.35,75.1
2026-02-20 06:00:00,CP-04,Running,51.05,22.49,6.68,333.75,33.49,69.5
2026-03-06 04:00:00,CP-05,Running,61.02,32.21,7.07,464.55,33.15,89.13
2026-01-04 15:00:00,CP-05,Running,54.58,28.22,6.84,398.22,29.26,79.32
2026-01-03 17:00:00,CP-02,Running,48.29,21.6,6.68,345.79,28.31,62.13
2026-03-19 20:00:00,CP-04,Running,49.12,21.0,6.47,273.3,28.18,55.97
2026-03-13 18:00:00,CP-01,Running,53.5,24.82,6.67,330.05,28.42,64.8
2026-02-06 13:00:00,CP-02,Running,47.95,21.45,6.62,325.43,28.68,62.18
2026-02-23 01:00:00,CP-05,Running,53.47,27.69,7.15,382.59,30.81,80.14
2026-02-08 08:00:00,CP-01,Running,55.6,26.47,7.03,407.59,32.18,76.71
2026-02-22 02:00:00,CP-02,Running,54.64,25.1,6.84,339.65,30.68,74.36
2026-02-04 15:00:00,CP-04,Running,45.09,19.0,6.41,251.0,28.69,49.54
2026-03-17 16:00:00,CP-03,Running,49.59,24.09,6.76,340.85,28.85,67.97
2026-02-18 07:00:00,CP-02,Running,54.13,24.63,6.85,339.39,31.75,69.89
2026-03-03 00:00:00,CP-01,Running,51.61,24.31,6.85,387.42,30.77,71.67
2026-03-24 00:00:00,CP-02,Running,47.34,21.42,6.62,313.23,30.04,67.37
2026-02-14 09:00:00,CP-05,Running,58.0,30.18,7.09,442.31,31.5,82.35
2026-02-10 21:00:00,CP-01,Running,49.0,22.76,6.67,332.4,28.33,65.46
2026-03-08 18:00:00,CP-01,Running,53.05,24.61,6.78,365.37,28.34,64.82
2026-02-04 17:00:00,CP-04,Running,44.76,18.98,6.49,272.86,27.63,52.34
2026-03-05 13:00:00,CP-05,Running,51.51,26.45,6.88,408.91,30.55,76.23
2026-03-27 23:00:00,CP-04,Running,46.34,19.75,6.62,280.24,28.0,54.59
2026-02-07 09:00:00,CP-05,Running,59.08,30.72,7.15,426.36,31.8,82.01
2026-03-21 09:00:00,CP-01,Stopped,28.41,11.38,6.96,13.44,27.42,2.75
2026-01-28 03:00:00,CP-02,Running,53.78,24.86,6.94,366.96,31.27,77.21
2026-01-23 02:00:00,CP-02,Running,49.97,22.71,6.77,333.36,31.4,69.33
2026-01-14 20:00:00,CP-02,Running,48.44,21.47,6.69,297.64,27.56,57.87
2026-01-27 00:00:00,CP-02,Running,52.11,23.65,6.77,345.19,29.22,68.71
2026-02-14 09:00:00,CP-01,Running,53.05,25.25,7.08,395.05,30.9,76.65
2026-03-07 10:00:00,CP-04,Running,49.25,21.27,6.77,305.27,31.12,60.42
2026-01-21 06:00:00,CP-01,Running,54.97,26.41,6.9,423.44,32.82,81.02
2026-02-17 14:00:00,CP-02,Running,49.67,22.43,6.58,341.19,28.54,66.52
2026-01-23 23:00:00,CP-05,Running,54.1,27.7,6.95,358.48,31.01,74.85
2026-01-05 04:00:00,CP-01,Running,55.94,26.68,6.76,409.21,31.27,77.49
2026-02-22 03:00:00,CP-01,Running,52.97,25.33,6.94,394.58,32.34,78.76
2026-01-10 02:00:00,CP-03,Running,56.4,28.51,6.85,482.03,32.37,86.58
2026-03-25 20:00:00,CP-01,Running,49.79,23.06,6.51,325.33,28.81,64.12
2026-02-03 19:00:00,CP-04,Running,42.43,17.98,6.55,266.98,27.23,51.9
2026-01-10 21:00:00,CP-05,Running,50.11,25.24,6.85,313.04,29.15,67.2
2026-03-29 04:00:00,CP-04,Running,49.2,21.38,6.67,286.02,30.37,63.32
2026-02-17 00:00:00,CP-01,Running,52.82,24.88,6.75,350.69,29.76,71.84
2026-01-06 00:00:00,CP-04,Running,51.18,22.35,6.57,344.36,29.52,65.54
2026-02-21 05:00:00,CP-05,Running,54.63,28.29,7.23,379.19,32.66,80.02
2026-02-28 22:00:00,CP-02,Running,51.4,23.35,6.56,365.05,28.46,69.12
2026-03-14 01:00:00,CP-03,Running,56.49,28.05,6.82,424.27,30.61,78.14
2026-02-20 16:00:00,CP-04,Running,46.67,19.87,6.55,258.31,27.98,54.04
2026-02-15 01:00:00,CP-03,Running,55.56,27.57,6.88,366.96,31.77,77.77
2026-03-29 10:00:00,CP-05,Running,55.47,29.09,7.12,441.76,30.58,85.99
2026-03-30 11:00:00,CP-05,Running,53.04,27.07,7.1,358.37,29.91,73.23
2026-01-19 22:00:00,CP-03,Running,50.71,24.78,6.85,313.06,29.66,70.53
2026-01-03 22:00:00,CP-01,Running,51.12,23.79,6.75,335.42,29.24,66.24
2026-02-28 03:00:00,CP-02,Running,51.52,23.69,6.82,367.73,31.83,74.82
2026-01-18 04:00:00,CP-01,Running,55.86,26.78,6.97,378.15,33.68,80.09
2026-03-12 10:00:00,CP-01,Running,51.92,24.28,6.83,367.57,31.05,68.57
2026-02-28 16:00:00,CP-05,Running,55.04,28.16,6.83,375.76,30.24,74.41
2026-03-27 20:00:00,CP-04,Running,48.53,20.9,6.51,285.11,27.92,59.05
2026-02-09 18:00:00,CP-01,Running,48.07,22.21,6.53,334.2,29.24,63.09
2026-01-12 09:00:00,CP-02,Running,50.46,22.9,6.74,347.16,31.1,68.74
2026-03-26 23:00:00,CP-04,Stopped,30.39,11.5,6.57,23.41,27.25,4.75
2026-02-14 22:00:00,CP-05,Running,53.79,27.77,6.82,398.31,29.85,78.67
2026-02-16 16:00:00,CP-01,Running,50.43,23.56,6.56,330.08,30.45,68.04
2026-01-04 07:00:00,CP-01,Stopped,29.53,11.92,7.04,31.52,29.62,5.83
2026-03-21 20:00:00,CP-02,Running,48.75,21.92,6.65,323.22,28.65,64.39
2026-02-02 15:00:00,CP-05,Running,49.44,24.9,6.86,346.16,29.86,67.14
2026-02-05 10:00:00,CP-04,Running,49.04,21.36,6.67,364.53,31.0,64.25
2026-03-08 20:00:00,CP-01,Running,49.56,23.03,6.75,347.13,28.63,65.6
2026-03-02 12:00:00,CP-03,Running,53.53,26.14,6.82,365.02,30.57,70.3
2026-03-01 23:00:00,CP-02,Running,50.15,22.15,6.53,279.76,31.29,56.42
2026-01-16 12:00:00,CP-04,Running,47.98,20.55,6.58,274.67,28.96,56.65
2026-02-13 14:00:00,CP-02,Running,49.23,22.18,6.79,326.8,29.48,65.47
2026-02-28 16:00:00,CP-01,Running,46.35,21.17,6.59,303.83,28.55,57.78
2026-03-14 19:00:00,CP-05,Running,51.63,26.31,6.67,371.26,27.94,72.64
2026-03-20 02:00:00,CP-02,Running,50.72,23.27,6.73,372.31,30.23,73.77
2026-01-02 19:00:00,CP-03,Running,53.85,26.46,6.8,380.3,28.11,73.18
2026-03-01 01:00:00,CP-01,Running,50.22,23.47,6.67,355.43,28.83,68.2
2026-03-15 23:00:00,CP-02,Running,48.09,21.65,6.69,345.22,29.75,64.96
2026-02-01 17:00:00,CP-04,Running,47.31,20.43,6.55,302.9,26.63,60.38
2026-03-01 02:00:00,CP-02,Running,50.35,23.15,6.84,375.99,30.06,74.7
2026-03-31 13:00:00,CP-01,Running,53.18,24.78,6.74,353.04,30.14,66.77
2026-03-01 19:00:00,CP-01,Running,46.89,21.3,6.52,258.02,28.76,55.24
2026-02-10 23:00:00,CP-01,Running,49.6,23.24,6.67,358.53,30.17,69.34
2026-01-22 06:00:00,CP-03,Running,55.83,28.12,6.99,442.97,32.17,84.8
2026-03-16 06:00:00,CP-05,Running,55.47,29.13,7.23,439.62,32.8,86.72
2026-02-15 20:00:00,CP-02,Running,49.63,22.26,6.54,319.75,27.6,63.39
2026-03-17 17:00:00,CP-04,Running,48.12,20.61,6.42,286.28,28.32,56.65
2026-01-03 08:00:00,CP-04,Running,50.56,22.24,6.88,372.33,32.42,68.73
2026-01-10 15:00:00,CP-03,Running,49.35,23.81,6.91,347.76,29.16,64.81
2026-03-12 12:00:00,CP-05,Running,55.37,28.49,7.07,401.23,31.54,77.16
2026-02-01 10:00:00,CP-04,Running,47.66,20.62,6.56,334.54,31.3,61.33
2026-03-12 21:00:00,CP-04,Running,46.05,19.49,6.51,270.93,28.04,51.33
2026-02-21 22:00:00,CP-04,Running,47.28,20.08,6.49,237.99,28.13,53.01
2026-01-20 05:00:00,CP-04,Running,48.65,21.47,6.83,351.23,32.55,70.29
2026-02-09 08:00:00,CP-05,Running,58.12,30.82,7.09,478.37,33.78,91.47
2026-02-07 16:00:00,CP-05,Running,49.5,24.92,6.75,350.4,28.7,67.08
2026-01-25 07:00:00,CP-04,Stopped,27.22,10.22,6.83,6.8,28.6,1.44
2026-01-17 12:00:00,CP-05,Running,60.73,31.98,7.14,443.14,32.16,88.03
2026-03-21 10:00:00,CP-05,Running,58.68,30.89,7.09,395.2,32.05,87.9
2026-02-23 11:00:00,CP-05,Running,52.78,27.17,6.94,393.79,31.51,77.25
2026-01-20 17:00:00,CP-02,Running,45.92,20.42,6.51,301.34,26.61,59.48
2026-02-23 19:00:00,CP-03,Running,52.23,25.14,6.63,305.5,28.97,63.7
2026-03-08 14:00:00,CP-03,Running,48.26,23.41,6.89,354.42,28.89,67.26
2026-03-25 22:00:00,CP-04,Running,49.02,21.05,6.32,301.73,27.66,57.9
2026-02-24 14:00:00,CP-02,Running,45.97,20.57,6.65,323.81,29.35,62.23
2026-02-08 15:00:00,CP-01,Running,50.48,23.61,6.45,359.59,29.66,68.6
2026-01-21 14:00:00,CP-05,Running,53.29,26.97,6.83,356.47,29.78,69.42
2026-02-04 09:00:00,CP-02,Running,51.77,23.42,6.84,334.22,31.53,67.14
2026-03-11 15:00:00,CP-01,Running,46.89,21.22,6.71,275.95,29.07,53.64
2026-01-08 10:00:00,CP-01,Stopped,29.06,11.74,6.99,30.91,27.1,6.04
2026-02-24 04:00:00,CP-03,Running,54.43,27.21,7.14,412.53,31.27,81.27
2026-01-16 19:00:00,CP-05,Running,54.3,27.86,6.93,397.46,28.32,75.66
2026-03-28 08:00:00,CP-05,Running,57.84,30.21,7.09,420.77,33.45,84.17
2026-01-12 10:00:00,CP-05,Running,53.46,27.68,7.26,390.77,28.84,79.93
2026-02-16 10:00:00,CP-03,Running,56.28,28.01,6.96,390.31,31.33,79.17
2026-01-10 01:00:00,CP-03,Running,55.77,27.49,7.05,395.66,29.66,74.69
2026-03-09 09:00:00,CP-05,Running,56.19,29.49,7.05,444.39,31.5,86.4
2026-03-02 04:00:00,CP-03,Running,54.81,27.36,6.81,414.26,31.26,80.66
2026-01-27 23:00:00,CP-01,Running,52.91,24.44,6.71,312.42,28.48,62.84
2026-02-11 23:00:00,CP-04,Running,49.74,21.58,6.58,317.3,28.98,62.37
2026-01-19 02:00:00,CP-04,Running,52.24,23.06,6.82,352.54,30.49,70.45
2026-02-07 21:00:00,CP-04,Running,47.19,20.41,6.54,301.64,27.23,61.14
2026-03-06 08:00:00,CP-03,Running,51.68,25.92,6.99,454.45,31.42,82.78
2026-02-04 03:00:00,CP-02,Running,53.71,24.79,6.78,421.66,31.09,76.53
2026-03-29 23:00:00,CP-02,Running,44.06,19.57,6.6,299.79,28.71,58.95
2026-01-06 17:00:00,CP-01,Running,50.69,23.68,6.74,379.34,30.62,68.06
2026-03-21 06:00:00,CP-02,Running,53.94,24.67,6.85,365.73,32.52,72.2
2026-03-09 06:00:00,CP-03,Running,57.22,28.91,7.1,458.45,32.03,86.35
2026-03-15 21:00:00,CP-05,Running,50.6,25.71,6.94,377.33,30.53,71.29
2026-02-01 06:00:00,CP-01,Stopped,30.84,12.44,7.03,29.14,27.88,5.41
2026-01-19 12:00:00,CP-02,Running,50.3,22.6,6.86,324.87,29.9,64.25
2026-02-20 17:00:00,CP-02,Running,46.18,20.58,6.59,289.71,29.03,60.42
2026-03-16 14:00:00,CP-02,Running,74.0515,23.13,6.69,358.08,28.87,67.65
2026-01-23 00:00:00,CP-04,Running,44.58,19.1,6.63,276.07,31.86,56.93
2026-01-03 06:00:00,CP-05,Running,57.31,30.17,7.15,445.67,32.11,87.87
2026-01-21 04:00:00,CP-01,Running,57.41,27.37,6.89,383.9,31.93,77.48
2026-01-07 08:00:00,CP-03,Running,51.92,25.82,7.09,421.96,31.67,78.72
2026-01-12 07:00:00,CP-03,Running,55.41,27.38,6.94,403.84,31.79,75.79
2026-01-30 18:00:00,CP-03,Running,47.5,22.83,6.77,325.15,28.2,63.05
2026-02-25 23:00:00,CP-01,Running,53.81,25.18,6.81,340.66,29.02,68.77
2026-03-03 12:00:00,CP-03,Running,54.92,27.07,6.86,375.72,29.84,74.68
2026-02-10 12:00:00,CP-04,Running,45.26,19.59,6.67,320.51,30.29,61.4
2026-01-06 12:00:00,CP-03,Running,50.0,24.4,6.88,361.11,31.1,70.13
2026-02-27 20:00:00,CP-04,Running,47.8,20.37,6.46,284.4,27.66,54.44
2026-02-23 10:00:00,CP-02,Running,51.15,23.46,6.68,353.1,30.25,73.58
2026-02-09 08:00:00,CP-01,Running,55.85,27.05,6.95,465.44,32.08,84.82
2026-02-11 08:00:00,CP-03,Running,55.31,27.93,7.07,501.69,31.67,86.01
2026-01-29 07:00:00,CP-05,Running,56.24,29.31,7.16,398.3,31.96,83.14
2026-02-07 11:00:00,CP-01,Running,51.02,24.16,6.89,382.88,29.59,74.31
2026-03-05 00:00:00,CP-05,Running,50.05,25.59,6.95,391.24,31.33,74.08
2026-02-17 05:00:00,CP-04,Stopped,30.99,11.67,6.78,14.43,27.65,2.81
2026-02-22 19:00:00,CP-01,Running,53.12,24.33,6.7,284.42,27.84,59.15
2026-01-13 03:00:00,CP-03,Running,54.54,26.77,6.98,379.67,30.98,72.71
2026-03-30 14:00:00,CP-05,Running,55.64,28.26,6.86,355.29,29.5,71.04
2026-01-04 11:00:00,CP-03,Running,54.22,26.62,6.83,393.53,29.75,72.82
2026-02-10 16:00:00,CP-03,Running,50.56,24.57,6.72,366.11,28.82,68.11
2026-03-20 09:00:00,CP-04,Running,50.19,22.22,,350.36,31.64,71.7
2026-02-23 16:00:00,CP-04,Running,44.92,19.16,6.53,266.37,29.43,54.85
2026-03-18 02:00:00,CP-01,Running,48.43,22.76,6.83,369.03,30.92,70.81
2026-01-20 17:00:00,CP-01,Running,43.68,19.98,6.67,284.95,28.19,58.37
2026-01-24 22:00:00,CP-05,Running,56.1,28.85,6.83,393.96,28.61,76.84
2026-01-19 00:00:00,CP-03,Running,53.62,26.31,6.81,357.27,29.46,72.67
2026-01-21 16:00:00,CP-01,Running,49.59,22.9,6.68,299.09,29.84,62.76
2026-01-24 19:00:00,CP-04,Running,45.07,19.21,6.4,277.69,28.36,54.59
2026-02-01 18:00:00,CP-03,Running,45.87,21.78,6.76,293.34,28.59,57.59
2026-03-03 10:00:00,CP-03,Running,52.74,25.67,7.02,364.74,30.33,68.79
2026-02-05 03:00:00,CP-01,Running,55.28,26.33,6.94,423.21,32.0,76.92
2026-03-24 01:00:00,CP-01,Running,54.79,26.03,6.78,364.89,31.17,75.83
2026-03-18 03:00:00,CP-01,Running,53.48,25.64,6.82,366.04,31.96,79.92
2026-01-05 12:00:00,CP-03,Running,51.75,25.42,6.96,384.03,30.63,73.03
2026-03-09 17:00:00,CP-04,Running,44.46,18.61,6.4,235.93,27.62,46.55
2026-01-25 05:00:00,CP-01,Stopped,33.06,13.33,6.89,27.79,27.28,5.22
2026-01-29 01:00:00,CP-01,Running,51.81,24.09,6.78,316.29,29.9,65.86
2026-03-03 23:00:00,CP-04,Running,41.77,17.7,6.52,281.33,28.88,52.01
2026-03-27 13:00:00,CP-03,Running,53.57,26.46,6.84,378.0,29.69,75.66
2026-03-16 12:00:00,CP-04,Running,49.76,21.46,6.62,308.78,28.87,59.71
2026-02-27 20:00:00,CP-02,Running,51.05,22.92,6.65,318.23,27.77,63.72
2026-03-08 11:00:00,CP-04,Running,45.09,19.61,6.59,346.58,31.73,63.66
2026-03-07 08:00:00,CP-01,Running,52.73,24.99,6.95,364.72,31.76,74.56
2026-02-06 03:00:00,CP-04,Running,50.48,21.9,6.75,324.15,28.51,62.48
2026-01-05 09:00:00,CP-04,Running,49.58,21.5,6.56,322.76,29.91,62.38
2026-02-16 11:00:00,CP-02,Running,48.92,22.15,6.73,317.23,31.23,67.6
2026-02-20 16:00:00,CP-02,Running,51.94,23.41,6.62,316.66,28.72,65.48
2026-01-26 16:00:00,CP-04,Running,46.14,19.45,6.5,239.13,27.46,49.68
2026-02-24 14:00:00,CP-01,Running,50.5,23.48,6.8,312.34,30.13,65.88
2026-03-16 08:00:00,CP-02,Running,51.82,23.73,6.81,360.49,31.82,72.88
2026-03-10 06:00:00,CP-03,Running,54.76,27.54,7.01,473.84,32.75,84.03
2026-01-22 23:00:00,CP-01,Running,50.23,23.27,6.77,332.65,29.19,64.21
2026-02-13 05:00:00,CP-05,Running,82.56299999999999,30.17,7.24,450.9,33.87,90.97
2026-02-05 10:00:00,CP-02,Running,52.46,24.11,6.92,398.14,31.01,74.43
2026-01-28 03:00:00,CP-04,Running,52.94,23.47,6.75,352.3,31.17,72.45
2026-03-01 13:00:00,CP-01,Running,48.77,22.77,6.66,347.25,29.47,67.82
2026-03-30 08:00:00,CP-03,Running,52.17,25.74,7.0,373.46,32.09,75.05
2026-02-10 17:00:00,CP-02,Running,48.8,21.66,6.43,298.34,29.2,58.63
2026-03-08 03:00:00,CP-02,Running,54.47,25.06,6.74,414.73,30.93,74.9
2026-02-25 19:00:00,CP-01,Running,47.12,21.73,6.9,312.81,29.54,62.18
2026-03-12 11:00:00,CP-01,Running,50.69,24.04,6.76,396.85,30.16,74.99
2026-03-07 11:00:00,CP-04,Running,45.62,19.69,6.56,330.96,29.74,60.09
2026-02-14 00:00:00,CP-04,Running,49.92,21.74,6.65,323.01,29.56,64.2
2026-03-02 10:00:00,CP-02,Running,52.82,23.82,6.68,348.8,30.59,65.84
2026-02-25 21:00:00,CP-01,Running,54.3,25.34,6.66,338.53,28.04,67.61
2026-01-02 01:00:00,CP-05,Running,52.43,26.96,6.96,413.14,32.95,76.88
2026-02-21 19:00:00,CP-05,Running,56.57,28.94,6.87,377.19,27.95,74.43
2026-01-04 00:00:00,CP-03,Running,52.48,25.74,6.94,394.12,30.79,72.41
2026-01-03 12:00:00,CP-04,Running,51.22,22.48,6.66,346.08,29.68,67.84
2026-01-15 04:00:00,CP-04,Running,48.36,20.91,6.78,299.82,31.64,60.89
2026-02-22 22:00:00,CP-01,Running,53.71,25.18,6.79,347.0,29.33,69.56
2026-03-08 16:00:00,CP-05,Running,52.81,27.1,6.77,407.76,29.38,75.94
2026-01-24 22:00:00,CP-03,Running,48.31,23.42,6.92,316.92,29.67,67.09
2026-02-17 13:00:00,CP-05,Running,59.64,30.34,6.82,351.08,28.61,71.81
2026-02-17 19:00:00,CP-05,Running,51.97,26.37,6.86,332.67,28.34,70.69
2026-01-13 10:00:00,CP-01,Running,50.37,23.88,6.91,368.69,31.41,74.82
2026-01-03 10:00:00,CP-04,Running,49.64,21.89,6.6,369.02,31.85,69.9
2026-02-25 19:00:00,CP-04,Running,46.0,19.52,6.4,261.16,28.37,52.5
2026-03-27 20:00:00,CP-02,Running,45.99,20.32,6.62,286.59,27.92,56.45
2026-03-28 05:00:00,CP-03,Running,57.21,29.08,7.03,432.09,32.68,89.19
2026-03-17 00:00:00,CP-05,Running,50.87,25.74,7.04,339.35,31.21,69.45
2026-03-17 23:00:00,CP-04,Running,48.5,21.01,6.78,315.94,29.53,61.8
2026-02-16 08:00:00,CP-03,Running,54.29,27.21,7.06,438.33,31.65,82.48
2026-01-11 16:00:00,CP-04,Running,49.76,21.18,6.29,284.71,27.84,53.85
2026-01-07 08:00:00,CP-01,Running,55.19,26.57,7.01,422.99,31.73,81.95
2026-03-13 13:00:00,CP-04,Running,47.02,20.24,6.33,302.78,30.54,58.96
2026-02-01 01:00:00,CP-05,Running,56.12,29.42,7.09,425.68,30.78,85.92
2026-01-21 08:00:00,CP-02,Running,52.08,23.76,6.83,350.67,32.93,71.04
2026-02-12 15:00:00,CP-03,Running,51.17,25.31,6.93,380.16,30.48,76.25
2026-02-18 21:00:00,CP-05,Running,52.92,26.93,6.83,352.95,30.03,71.97
2026-03-31 15:00:00,CP-05,Running,50.58,25.98,6.83,400.45,29.86,76.21
2026-03-10 18:00:00,CP-03,Running,49.37,24.1,6.86,362.44,28.45,70.08
2026-03-21 10:00:00,CP-02,Running,48.73,22.09,6.74,343.45,31.04,68.21
2026-01-05 04:00:00,CP-05,Running,60.22,31.7,7.14,465.41,31.68,87.9
2026-03-30 06:00:00,CP-05,Running,55.0,28.88,7.26,477.56,32.94,86.65
2026-01-13 19:00:00,CP-02,Stopped,30.41,11.93,6.41,33.88,26.78,6.54
2026-02-13 19:00:00,CP-05,Running,49.97,25.34,6.91,362.69,28.96,70.3
2026-03-22 16:00:00,CP-02,Stopped,30.49,11.95,6.5,29.81,26.57,6.16
2026-01-30 02:00:00,CP-02,Running,57.08,26.16,6.72,388.65,31.57,73.12
2026-02-27 20:00:00,CP-03,Running,50.79,24.61,6.62,319.67,28.0,66.83
2026-01-07 16:00:00,CP-03,Running,53.36,25.8,6.68,340.98,27.98,65.78
2026-03-22 18:00:00,CP-05,Running,53.14,27.29,6.94,386.07,30.39,76.21
2026-02-03 18:00:00,CP-03,Running,47.23,22.74,6.76,331.76,27.99,64.02
2026-01-15 18:00:00,CP-01,Running,50.87,23.77,6.71,344.98,30.44,68.05
2026-01-27 02:00:00,CP-04,Running,46.41,19.78,6.73,274.12,29.14,54.52
2026-02-20 02:00:00,CP-05,Running,57.08,29.91,7.08,401.73,30.31,85.65
2026-01-02 15:00:00,CP-02,Running,47.07,21.08,6.62,337.97,29.23,62.6
2026-01-07 14:00:00,CP-01,Running,49.62,22.96,6.74,338.66,30.19,63.55
2026-02-19 04:00:00,CP-01,Stopped,29.12,11.69,6.85,18.79,27.95,3.71
2026-01-21 20:00:00,CP-04,Running,43.21,18.26,6.38,247.85,27.05,50.74
2026-03-10 00:00:00,CP-03,Running,52.09,25.38,6.89,379.18,29.99,69.38
2026-02-27 11:00:00,CP-02,Stopped,28.1,10.95,6.75,18.43,28.49,3.71
2026-03-27 22:00:00,CP-03,Running,51.27,24.88,6.83,344.9,31.43,67.47
2026-03-15 18:00:00,CP-02,Running,50.63,22.46,6.53,293.01,27.7,58.29
2026-02-11 10:00:00,CP-02,Running,51.74,23.57,6.76,368.17,32.45,70.51
2026-01-01 04:00:00,CP-02,Running,49.97,22.71,6.94,373.69,31.48,69.29
2026-01-30 19:00:00,CP-05,Running,47.18,23.37,6.86,295.83,27.33,59.77
2026-01-23 22:00:00,CP-03,Running,54.59,26.43,6.69,338.16,29.29,66.45
2026-01-05 21:00:00,CP-02,Running,50.17,22.2,6.61,307.8,30.34,57.32
2026-01-01 22:00:00,CP-05,Running,51.11,25.95,6.98,357.12,29.41,70.87
2026-02-16 09:00:00,CP-01,Running,54.87,26.11,6.92,393.22,29.33,76.55
2026-01-15 16:00:00,CP-02,Running,50.03,22.35,6.55,316.57,28.52,61.47
2026-02-26 21:00:00,CP-04,Running,52.75,22.95,6.39,320.62,30.54,63.72
2026-02-16 13:00:00,CP-05,Running,54.47,27.88,6.92,377.31,29.39,74.54
2026-02-06 10:00:00,CP-05,Running,52.99,27.19,7.08,428.63,31.5,75.79
2026-01-30 20:00:00,CP-01,Running,46.97,21.67,6.68,328.09,28.85,62.26
2026-01-18 04:00:00,CP-05,Running,57.25,30.07,7.19,436.01,31.25,86.9
2026-02-19 12:00:00,CP-03,Running,52.09,25.37,6.83,346.61,28.96,69.1
2026-02-19 04:00:00,CP-05,Running,55.34,28.56,7.05,381.84,31.47,78.44
2026-03-09 13:00:00,CP-02,Running,54.26,24.57,6.74,375.19,27.95,67.71
2026-02-16 07:00:00,CP-02,Stopped,28.33,11.13,6.8,36.68,28.92,7.12
2026-01-30 00:00:00,CP-05,Stopped,30.13,13.12,7.0,24.65,26.57,5.1
2026-03-28 07:00:00,CP-02,Running,53.5,24.75,6.95,362.02,32.62,77.56
2026-02-23 05:00:00,CP-05,Running,56.85,29.52,7.1,402.97,31.13,81.33
2026-01-03 20:00:00,CP-04,Running,46.76,19.79,6.55,272.78,28.42,51.34
2026-03-31 00:00:00,CP-04,Running,47.58,20.5,6.5,298.24,28.95,59.41
2026-02-11 17:00:00,CP-01,Running,49.96,23.33,6.68,357.59,27.78,67.9
2026-02-28 12:00:00,CP-05,Running,54.41,28.22,7.1,433.42,31.51,80.76
2026-03-27 15:00:00,CP-03,Running,55.06,26.98,6.67,374.94,29.68,72.0
2026-01-18 13:00:00,CP-04,Running,48.27,20.91,6.61,304.97,29.66,61.89
2026-02-15 18:00:00,CP-03,Running,50.03,24.11,6.71,297.69,28.45,64.33
2026-01-30 05:00:00,CP-02,Running,52.17,23.52,6.75,324.85,30.58,65.65
2026-01-11 02:00:00,CP-01,Running,56.9,27.3,6.97,418.75,31.06,80.42
2026-03-29 08:00:00,CP-03,Running,52.12,25.8,7.02,376.67,30.78,76.52
2026-01-19 06:00:00,CP-03,Running,57.64,29.06,7.12,389.39,32.37,85.31
2026-01-10 15:00:00,CP-02,Running,49.85,21.94,6.47,278.67,29.75,54.82
2026-03-14 21:00:00,CP-03,Running,48.42,23.35,6.74,311.16,29.44,64.51
2026-03-05 02:00:00,CP-01,Running,54.02,25.48,6.75,381.56,30.94,72.37
2026-02-05 07:00:00,CP-04,Running,53.5,23.56,6.75,380.43,31.28,69.22
2026-03-07 22:00:00,CP-02,Running,49.28,21.81,6.6,303.28,30.99,57.2
2026-01-11 22:00:00,CP-02,Running,46.02,20.6,6.64,342.35,28.73,62.36
2026-03-06 21:00:00,CP-03,Running,52.17,25.31,6.65,345.1,29.61,67.44
2026-01-01 00:00:00,CP-03,Running,50.75,25.03,6.75,396.53,30.03,74.97
2026-01-05 00:00:00,CP-01,Running,50.3,23.5,6.78,337.61,29.57,68.04
2026-01-09 18:00:00,CP-05,Running,53.71,27.29,6.81,363.73,27.77,71.21
2026-02-06 01:00:00,CP-03,Stopped,27.96,11.75,6.97,33.1,29.12,6.26
2026-03-10 14:00:00,CP-04,Running,50.12,21.52,6.6,313.93,29.52,57.85
2026-03-10 01:00:00,CP-01,Running,58.26,27.78,6.83,401.81,31.77,77.43
2026-01-16 08:00:00,CP-04,Running,48.8,21.22,6.72,324.1,30.89,63.6
2026-01-30 04:00:00,CP-03,Running,54.06,26.75,6.96,405.51,32.3,76.39
2026-02-14 07:00:00,CP-05,Stopped,28.44,12.3,7.12,13.76,28.63,2.79
2026-03-19 07:00:00,CP-04,Running,47.98,20.9,6.64,330.2,31.02,64.25
2026-03-05 09:00:00,CP-02,Stopped,28.4,11.14,6.84,33.98,27.26,6.26
2026-03-21 19:00:00,CP-01,Running,50.68,23.58,6.59,321.56,30.15,66.16
2026-03-04 17:00:00,CP-03,Running,50.26,24.65,6.71,379.63,27.93,72.41
2026-02-11 22:00:00,CP-01,Running,53.18,24.82,6.8,346.75,29.67,67.57
2026-02-18 18:00:00,CP-03,Running,49.74,24.05,6.66,296.64,28.89,65.81
2026-02-01 11:00:00,CP-02,Stopped,29.89,11.56,6.81,4.42,28.48,0.88
2026-02-28 14:00:00,CP-01,Running,45.95,21.02,6.6,306.86,28.51,58.43
2026-02-12 12:00:00,CP-04,Running,46.45,19.85,6.48,264.91,29.27,55.65
2026-02-10 07:00:00,CP-02,Running,56.51,26.22,6.76,429.69,32.71,79.03
2026-02-09 17:00:00,CP-05,Running,46.33,23.11,6.96,352.6,28.41,62.9
2026-02-13 18:00:00,CP-05,Running,52.0,26.23,7.01,335.29,28.24,67.89
2026-01-07 16:00:00,CP-01,Running,53.82,24.95,6.66,350.68,28.35,64.54
2026-01-17 03:00:00,CP-03,Running,56.43,28.24,7.12,421.38,31.81,81.81
2026-01-26 15:00:00,CP-04,Running,45.68,19.29,6.41,263.64,29.2,50.53
2026-03-20 12:00:00,CP-03,Running,54.64,26.55,6.92,338.87,30.74,68.07
2026-03-16 03:00:00,CP-01,Running,53.11,38.998000000000005,7.01,371.59,32.73,74.45
2026-02-19 03:00:00,CP-05,Running,56.1,29.42,7.17,391.07,32.51,85.97
2026-03-09 01:00:00,CP-03,Running,53.61,26.34,7.01,402.73,32.12,73.16
2026-02-14 11:00:00,CP-01,Running,54.02,25.57,6.76,379.05,30.4,73.96
2026-01-16 01:00:00,CP-05,Running,55.33,28.92,7.07,430.66,31.78,84.56
2026-02-14 19:00:00,CP-03,Running,50.5,24.65,6.71,360.48,27.56,70.18
2026-01-17 03:00:00,CP-05,Running,60.12,31.4,7.21,408.57,31.26,84.05
2026-02-25 04:00:00,CP-05,Running,56.09,29.26,6.91,379.06,32.16,83.48
2026-02-15 21:00:00,CP-01,Running,49.5,22.9,6.6,311.94,27.8,63.51
2026-01-02 14:00:00,CP-03,Running,54.15,26.67,6.81,396.78,29.71,74.29
2026-01-27 23:00:00,CP-03,Running,50.73,24.8,6.81,345.95,30.46,70.8
2026-02-01 20:00:00,CP-03,Running,51.5,24.78,6.74,329.56,28.36,63.58
2026-02-26 17:00:00,CP-03,Running,52.13,25.3,6.83,351.62,27.7,67.47
2026-01-10 23:00:00,CP-05,Running,58.9,30.74,7.11,459.92,30.4,83.75
2026-02-18 01:00:00,CP-01,Running,46.57,21.42,6.93,302.26,28.72,60.97
2026-03-10 15:00:00,CP-02,Running,48.0,21.33,6.65,315.39,28.82,59.2
2026-01-26 03:00:00,CP-05,Running,58.29,30.98,7.14,461.99,31.8,92.53
2026-01-09 20:00:00,CP-03,Running,53.05,25.51,6.89,315.07,28.5,63.35
2026-02-18 11:00:00,CP-05,Running,52.36,26.85,6.88,374.47,30.66,75.39
2026-03-06 11:00:00,CP-02,Running,52.83,23.84,6.82,357.45,30.94,66.07
2026-02-03 05:00:00,CP-05,Running,59.08,31.2,7.08,480.54,32.45,89.36
2026-01-03 17:00:00,CP-01,Running,45.92,21.15,6.61,319.33,27.68,61.63
2026-01-06 08:00:00,CP-02,Running,56.03,26.04,6.94,416.51,31.5,79.74
2026-02-22 23:00:00,CP-05,Running,55.02,27.98,6.92,367.52,29.13,71.71
2026-02-21 23:00:00,CP-02,Running,50.91,22.99,6.66,312.18,30.29,66.34
2026-02-10 13:00:00,CP-03,Running,51.79,25.13,6.88,351.95,29.58,67.38
2026-01-19 12:00:00,CP-01,Running,54.19,25.69,6.91,385.41,30.33,74.75
2026-01-27 08:00:00,CP-02,Running,52.38,24.14,6.78,387.21,32.86,75.76
2026-02-22 15:00:00,CP-03,Running,50.34,24.46,6.63,328.8,29.31,68.03
2026-01-15 13:00:00,CP-02,Running,49.05,21.74,6.73,292.19,28.88,57.91
2026-02-20 20:00:00,CP-03,Running,51.28,24.84,6.7,312.79,28.31,66.71
2026-03-15 01:00:00,CP-03,Running,52.89,26.2,7.1,393.31,30.82,77.08
2026-02-14 16:00:00,CP-02,Running,48.03,21.6,6.58,313.17,29.33,64.48
2026-01-30 11:00:00,CP-03,Running,55.62,27.12,7.1,344.91,29.77,69.62
2026-01-23 00:00:00,CP-02,Running,48.07,21.58,6.79,326.26,29.72,63.67
2026-03-16 16:00:00,CP-01,Running,46.9,21.53,6.64,301.51,28.75,60.05
2026-01-17 07:00:00,CP-01,Running,50.14,23.48,7.1,356.41,31.25,69.04
2026-01-16 17:00:00,CP-01,Running,48.23,22.42,6.61,342.05,28.01,65.75
2026-03-17 08:00:00,CP-02,Running,55.13,25.39,6.94,373.51,30.68,75.53
2026-01-15 22:00:00,CP-01,Stopped,31.22,12.5,6.65,12.82,26.4,2.59
2026-03-26 14:00:00,CP-04,Running,48.48,20.69,6.48,274.44,29.17,55.14
2026-03-29 14:00:00,CP-02,Running,51.48,23.12,6.65,317.1,28.75,63.96
2026-02-23 12:00:00,CP-02,Running,50.06,22.77,6.7,358.09,29.85,69.83
2026-03-08 05:00:00,CP-01,Running,56.98,27.47,6.95,425.71,32.8,82.61
2026-01-15 00:00:00,CP-05,Running,54.7,28.58,7.02,437.52,30.88,84.22
2026-02-18 02:00:00,CP-01,Running,56.96,27.16,6.82,389.71,31.67,77.51
2026-02-07 07:00:00,CP-03,Running,56.19,28.14,7.06,420.77,31.44,82.09
2026-03-10 23:00:00,CP-05,Running,53.07,27.08,6.86,398.61,29.18,73.23
2026-02-17 03:00:00,CP-04,Running,51.73,22.39,6.79,306.85,31.85,61.49
2026-03-12 20:00:00,CP-05,Running,55.0,27.72,6.72,353.35,29.01,67.54
2026-02-23 04:00:00,CP-04,Running,52.33,23.06,6.8,344.64,31.21,69.64
2026-01-30 16:00:00,CP-03,Running,52.0,25.06,6.7,325.51,29.28,64.42
2026-02-24 17:00:00,CP-03,Running,49.56,23.82,6.66,298.11,28.87,63.16
2026-01-22 15:00:00,CP-02,Running,50.57,22.72,6.66,318.78,30.98,63.99
2026-01-31 12:00:00,CP-01,Running,51.77,24.54,6.74,419.64,30.87,74.62
2026-02-22 04:00:00,CP-01,Stopped,29.13,11.6,6.85,1.92,27.35,0.41
2026-03-09 20:00:00,CP-04,Running,47.76,20.41,6.48,283.41,27.34,55.79
2026-03-07 12:00:00,CP-05,Running,55.35,28.79,6.94,439.06,29.86,82.22
2026-02-07 06:00:00,CP-03,Running,57.44,28.84,6.98,477.47,33.3,83.43
2026-01-12 02:00:00,CP-04,Running,50.05,21.78,6.68,363.5,30.67,63.82
2026-02-20 13:00:00,CP-04,Running,47.5,20.66,6.59,301.04,47.629999999999995,63.57
2026-02-26 14:00:00,CP-03,Running,52.5,25.92,6.86,401.13,29.48,75.31
2026-01-31 13:00:00,CP-05,Running,53.81,27.76,6.81,421.35,30.41,78.34
2026-03-23 17:00:00,CP-02,Running,44.13,19.56,6.56,282.67,29.6,58.04
2026-01-25 03:00:00,CP-05,Running,54.44,28.23,7.02,392.49,31.73,80.69
2026-02-06 00:00:00,CP-05,Running,53.29,27.88,7.1,476.96,31.21,85.05
2026-03-04 18:00:00,CP-04,Running,44.52,19.01,6.44,300.63,28.84,55.31
2026-01-07 12:00:00,CP-03,Running,55.29,27.31,6.88,387.66,31.56,75.64
2026-02-02 03:00:00,CP-02,Running,53.24,24.49,6.76,385.04,31.74,74.87
2026-03-15 19:00:00,CP-02,Running,48.35,21.39,6.54,305.64,27.16,57.23
2026-02-20 00:00:00,CP-04,Running,45.81,19.67,6.52,271.01,29.12,57.88
2026-03-25 22:00:00,CP-01,Running,51.15,24.18,6.58,375.0,28.74,73.45
2026-03-24 11:00:00,CP-03,Running,53.23,26.3,6.76,372.49,28.27,75.82
2026-02-02 16:00:00,CP-04,Running,46.31,19.75,6.5,285.22,27.98,54.76
2026-01-15 20:00:00,CP-01,Running,47.18,21.85,6.68,321.31,28.11,64.08
2026-03-15 07:00:00,CP-02,Running,53.67,24.34,6.82,351.41,31.64,68.31
2026-03-25 09:00:00,CP-01,Running,53.77,25.96,6.85,414.86,32.14,83.41
2026-01-02 06:00:00,CP-03,Running,55.65,27.47,7.09,399.1,32.55,75.44
2026-01-27 01:00:00,CP-01,Running,49.62,23.33,6.77,343.44,30.17,70.87
2026-02-19 18:00:00,CP-03,Running,45.86,21.74,6.65,290.42,27.45,56.84
2026-01-01 13:00:00,CP-05,Running,51.78,26.37,6.96,372.53,30.36,72.32
2026-01-07 15:00:00,CP-01,Running,52.08,24.3,6.59,362.76,27.92,67.43
2026-02-21 13:00:00,CP-01,Running,50.1,23.53,6.78,340.56,30.15,70.31
2026-01-10 22:00:00,CP-04,Running,49.29,21.06,6.49,303.99,29.53,55.73
2026-02-16 14:00:00,CP-04,Running,46.68,19.99,6.6,272.89,28.82,56.66
2026-02-09 22:00:00,CP-01,Running,52.37,24.4,6.66,357.12,29.83,66.75
2026-01-21 05:00:00,CP-03,Running,55.35,27.63,7.02,405.87,31.5,80.64
2026-03-23 09:00:00,CP-05,Running,59.26,31.16,7.22,416.92,32.44,87.39
2026-01-29 14:00:00,CP-04,Running,43.9,18.58,6.58,254.73,29.9,51.36
2026-01-29 08:00:00,CP-04,Running,54.4,24.21,6.68,370.78,31.55,74.24
2026-03-31 04:00:00,CP-03,Running,54.45,26.85,6.97,376.51,30.45,74.9
2026-03-09 22:00:00,CP-02,Running,53.24,23.92,6.53,345.22,28.7,64.09
2026-03-18 20:00:00,CP-04,Running,49.54,21.52,6.38,315.4,29.09,63.09
2026-03-26 04:00:00,CP-05,Running,55.95,29.36,7.17,438.05,31.0,86.43
2026-01-28 12:00:00,CP-05,Running,54.6,27.97,6.89,370.84,30.44,74.98
2026-03-20 00:00:00,CP-05,Running,58.13,30.24,6.99,402.19,30.27,82.16
2026-03-11 14:00:00,CP-02,Running,49.94,22.32,6.72,330.1,28.97,61.64
2026-01-01 19:00:00,CP-03,Running,49.47,23.86,6.58,336.34,29.22,64.59
2026-01-21 10:00:00,CP-03,Running,54.01,26.9,7.11,378.8,31.41,79.58
2026-02-24 16:00:00,CP-02,Running,46.9,20.89,6.54,295.91,28.58,60.32
2026-01-05 02:00:00,CP-02,Running,58.11,27.06,6.8,403.42,30.45,80.74
2026-03-06 14:00:00,CP-01,Running,50.48,23.26,6.72,315.87,28.13,61.72
2026-03-10 21:00:00,CP-02,Running,47.81,21.22,6.54,316.51,27.62,58.52
2026-03-14 14:00:00,CP-05,Running,52.94,26.92,6.9,393.95,30.19,71.58
2026-01-24 15:00:00,CP-02,Running,52.84,24.06,6.51,344.91,28.73,70.15
2026-01-12 14:00:00,CP-02,Running,53.42,24.32,6.6,377.25,28.65,70.1
2026-01-31 05:00:00,CP-05,Running,63.81,34.11,7.22,488.2,31.87,95.2
2026-03-26 02:00:00,CP-01,Running,55.43,26.27,6.93,369.97,31.86,74.55
2026-02-14 07:00:00,CP-02,Running,53.75,24.82,6.75,370.57,30.62,76.81
2026-02-04 21:00:00,CP-03,Running,54.45,26.69,6.74,389.82,29.91,71.98
2026-02-05 08:00:00,CP-02,Running,51.67,23.31,6.83,339.77,30.47,66.04
2026-02-27 06:00:00,CP-03,Running,52.77,26.42,7.03,415.98,31.82,81.92
2026-02-23 19:00:00,CP-02,Running,45.05,19.81,6.49,267.28,27.8,54.41
2026-03-10 15:00:00,CP-04,Stopped,28.94,10.93,6.57,19.68,27.44,3.74
2026-01-11 13:00:00,CP-01,Running,52.43,24.81,6.78,389.01,28.41,73.92
2026-01-16 02:00:00,CP-03,Running,55.75,27.86,7.07,427.33,31.13,81.05
2026-01-06 10:00:00,CP-02,Running,49.27,22.1,6.61,334.32,30.34,63.34
2026-02-01 21:00:00,CP-05,Running,51.21,26.24,6.94,388.77,29.72,75.18
2026-02-14 11:00:00,CP-02,Running,50.02,22.74,6.74,333.08,32.34,69.56
2026-02-03 09:00:00,CP-02,Running,51.21,23.29,6.74,380.45,30.54,69.74
2026-01-31 04:00:00,CP-03,Running,56.58,28.62,7.0,436.72,31.86,86.85
2026-03-14 03:00:00,CP-05,Running,57.16,29.52,7.16,398.51,32.65,78.81
2026-02-01 23:00:00,CP-04,Running,49.34,21.21,6.6,302.41,28.63,58.38
2026-02-16 15:00:00,CP-01,Running,46.74,21.39,6.71,297.92,28.3,58.76
2026-02-04 00:00:00,CP-03,Running,56.76,28.14,6.92,409.69,30.93,77.39
2026-01-06 07:00:00,CP-01,Running,53.72,25.69,6.98,422.61,32.25,78.79
2026-03-09 04:00:00,CP-05,Running,54.36,28.45,7.05,463.59,31.91,85.19
2026-03-12 13:00:00,CP-04,Running,46.36,19.67,6.59,279.05,28.07,52.47
2026-02-16 13:00:00,CP-01,Running,48.75,22.78,6.8,341.21,28.54,68.14
2026-03-20 15:00:00,CP-04,Running,48.21,20.52,6.46,268.27,27.67,53.88
2026-02-07 17:00:00,CP-03,Running,48.99,23.73,6.74,342.71,28.76,66.64
2026-03-01 06:00:00,CP-02,Running,48.05,21.66,6.8,317.01,31.86,65.57
2026-03-31 07:00:00,CP-01,Running,54.63,26.23,7.02,436.35,32.0,80.74
2026-01-13 22:00:00,CP-03,Running,49.11,23.65,6.77,,28.2,63.92
2026-01-17 04:00:00,CP-04,Running,49.82,22.02,6.67,365.74,30.62,70.96
2026-03-28 16:00:00,CP-03,Running,52.18,25.38,6.77,340.14,28.87,68.47
2026-01-02 03:00:00,CP-04,Running,52.37,22.84,6.68,324.2,30.77,64.92
2026-01-22 21:00:00,CP-05,Running,53.38,27.23,6.79,380.67,29.6,73.01
2026-01-29 13:00:00,CP-01,Stopped,26.75,10.83,6.64,34.18,28.17,6.92
2026-02-15 07:00:00,CP-03,Running,59.4,30.12,7.1,440.37,30.07,87.98
2026-01-22 03:00:00,CP-01,Running,53.01,25.16,6.89,363.88,31.1,75.27
2026-01-24 05:00:00,CP-05,Running,60.46,32.02,7.03,432.75,32.77,90.77
2026-02-23 02:00:00,CP-03,Running,52.76,25.95,7.0,366.09,31.93,73.59
2026-01-21 02:00:00,CP-03,Running,55.74,27.63,6.96,371.0,31.3,77.27
2026-01-22 08:00:00,CP-02,Running,56.14,25.99,6.8,402.11,32.72,77.87
2026-01-06 19:00:00,CP-03,Stopped,31.04,13.1,6.86,38.48,25.47,7.71
2026-02-01 03:00:00,CP-02,Running,50.79,23.21,6.79,367.8,30.45,71.96
2026-01-22 00:00:00,CP-03,Running,54.17,26.96,6.89,390.58,30.28,79.17
2026-03-13 08:00:00,CP-03,Running,53.53,26.63,7.07,409.8,31.16,78.99
2026-02-02 07:00:00,CP-04,Stopped,26.28,9.85,6.8,5.88,29.29,1.15
2026-01-14 11:00:00,CP-01,Running,54.1,25.45,6.9,367.04,30.43,71.24
2026-03-08 19:00:00,CP-01,Running,48.11,22.11,6.61,330.01,27.42,60.56
2026-03-13 20:00:00,CP-03,Running,50.29,24.21,6.86,359.76,28.51,63.78
2026-03-26 20:00:00,CP-02,Running,48.09,21.08,6.64,264.87,28.65,53.03
2026-01-04 06:00:00,CP-04,Running,52.05,23.14,6.76,401.68,30.49,73.77
2026-01-11 00:00:00,CP-04,Running,49.54,21.6,6.51,353.95,29.52,64.85
2026-02-07 12:00:00,CP-05,Running,55.01,28.27,7.07,432.91,31.26,76.6
2026-01-08 14:00:00,CP-04,Running,46.36,19.92,6.51,298.56,28.08,58.03
2026-01-20 09:00:00,CP-04,Running,49.18,21.46,6.83,325.27,32.39,65.02
2026-01-21 11:00:00,CP-02,Running,49.29,22.21,6.71,310.97,29.97,65.35
2026-02-26 01:00:00,CP-05,Running,54.69,28.7,7.06,417.72,30.37,86.37
2026-01-29 13:00:00,CP-03,Running,48.17,23.22,6.75,308.35,30.97,64.39
2026-03-27 20:00:00,CP-05,Running,50.31,25.21,6.85,319.75,28.73,64.91
2026-03-05 08:00:00,CP-04,Running,55.31,24.69,6.79,424.7,31.91,75.61
2026-01-30 09:00:00,CP-04,Running,46.79,20.45,6.67,340.01,30.96,65.69
2026-02-22 08:00:00,CP-04,Running,52.21,22.7,6.8,307.84,31.55,63.42
2026-01-08 06:00:00,CP-01,Stopped,28.4,11.5,6.93,36.09,29.39,7.11
2026-02-07 13:00:00,CP-02,Running,47.63,21.24,6.67,332.97,29.6,60.64
2026-03-31 00:00:00,CP-02,Running,50.64,22.63,6.77,317.43,30.34,61.68
2026-03-15 15:00:00,CP-04,Stopped,31.53,11.88,6.63,16.23,26.14,3.0
2026-01-21 18:00:00,CP-05,Running,50.42,25.39,6.97,322.38,28.14,67.03
2026-03-04 13:00:00,CP-05,Running,56.13,28.81,6.85,384.28,29.77,75.97
2026-03-28 03:00:00,CP-02,Running,55.15,25.39,6.82,379.62,30.83,75.22
2026-02-18 09:00:00,CP-01,Running,51.86,24.37,6.92,359.88,30.98,70.71
2026-01-25 02:00:00,CP-02,Running,52.75,24.16,6.81,,31.01,72.84
2026-02-03 03:00:00,CP-01,Running,55.67,26.82,7.0,413.1,31.99,82.32
2026-02-24 21:00:00,CP-04,Running,43.85,18.61,6.49,252.08,27.82,52.73
2026-03-19 11:00:00,CP-04,Running,55.72,24.68,6.6,368.47,32.2,72.0
2026-03-29 12:00:00,CP-03,Running,50.91,24.9,6.95,343.8,29.8,71.11
2026-01-09 09:00:00,CP-03,Running,52.33,25.86,6.93,366.43,31.26,75.74
2026-03-29 02:00:00,CP-04,Running,50.47,22.09,6.74,325.2,,66.44
2026-01-04 13:00:00,CP-02,Running,51.07,22.95,6.72,354.06,29.63,64.23
2026-01-27 10:00:00,CP-01,Running,51.69,24.45,6.8,344.09,30.45,73.78
2026-01-20 23:00:00,CP-04,Running,48.07,20.82,6.44,327.79,29.04,61.69
2026-01-20 07:00:00,CP-04,Running,53.77,23.84,6.81,342.22,32.81,72.36
2026-03-27 02:00:00,CP-03,Running,54.4,27.15,7.11,384.77,32.48,80.4
2026-02-27 21:00:00,CP-05,Running,49.34,24.66,6.86,312.26,28.54,63.67
2026-03-28 17:00:00,CP-03,Running,50.54,24.39,6.73,337.24,27.91,64.89
2026-03-03 16:00:00,CP-04,Running,43.89,18.59,6.55,287.79,28.41,51.73
2026-02-21 16:00:00,CP-01,Running,44.3,20.39,6.63,285.15,29.52,61.29
2026-03-30 23:00:00,CP-04,Running,49.37,21.35,6.63,312.63,29.7,61.12
2026-03-21 21:00:00,CP-01,Running,47.93,21.96,6.62,284.16,28.76,59.24
2026-01-22 01:00:00,CP-01,Running,54.17,25.45,6.84,316.32,29.56,70.64
2026-03-01 07:00:00,CP-05,Running,60.26,31.73,7.22,434.73,32.78,87.91
2026-01-29 05:00:00,CP-05,Running,53.55,27.94,7.15,438.96,31.68,83.65
2026-01-26 16:00:00,CP-05,Running,51.88,26.52,6.85,364.51,29.94,74.07
2026-02-07 09:00:00,CP-01,Running,52.24,24.71,7.03,417.2,30.27,73.7
2026-03-07 08:00:00,CP-05,Running,61.31,32.71,7.27,493.28,31.45,94.35
2026-03-15 15:00:00,CP-01,Running,53.34,25.12,6.65,366.16,29.44,71.67
2026-01-15 13:00:00,CP-03,Running,51.86,25.08,6.75,343.72,29.58,65.94
2026-03-21 05:00:00,CP-02,Running,52.29,23.86,6.78,351.88,33.66,71.11
2026-02-01 04:00:00,CP-05,Running,55.85,28.62,7.14,394.1,31.89,75.25
2026-03-02 05:00:00,CP-03,Running,58.91,29.33,7.08,393.96,33.26,79.28
2026-03-30 01:00:00,CP-02,Running,48.49,22.19,6.78,371.48,31.7,72.59
2026-01-19 20:00:00,CP-04,Running,45.11,19.33,6.55,287.76,29.21,56.97
2026-03-06 23:00:00,CP-03,Running,54.21,26.52,6.82,357.22,29.72,71.14
2026-02-09 21:00:00,CP-05,Running,53.53,27.26,6.79,373.42,29.13,72.32
2026-02-20 13:00:00,CP-05,Running,56.53,28.94,7.02,366.3,30.31,74.75
2026-01-18 12:00:00,CP-05,Running,50.92,26.09,7.06,365.93,29.2,75.09
2026-01-02 08:00:00,CP-02,Running,51.83,23.94,6.85,390.59,32.46,76.88
2026-03-14 21:00:00,CP-02,Running,48.22,21.7,6.76,350.95,28.59,64.83
2026-02-13 16:00:00,CP-03,Running,45.58,21.89,6.87,318.35,29.38,62.61
2026-02-26 04:00:00,CP-02,Running,56.25,25.87,6.74,368.3,31.53,74.88
2026-03-15 00:00:00,CP-04,Running,50.28,21.58,6.8,292.69,28.71,57.7
2026-01-17 01:00:00,CP-04,Running,46.97,20.35,6.62,307.29,29.78,61.78
2026-03-20 04:00:00,CP-01,Running,56.94,26.97,6.92,391.98,32.0,74.32
2026-03-05 04:00:00,CP-01,Running,54.04,25.84,6.91,412.14,30.43,78.83
2026-02-09 17:00:00,CP-02,Running,47.89,21.35,6.64,307.53,28.3,60.51
2026-02-11 07:00:00,CP-04,Running,51.49,22.7,6.62,347.86,31.14,69.84
2026-02-03 11:00:00,CP-01,Running,56.28,26.59,6.86,395.44,29.74,73.18
2026-01-11 20:00:00,CP-05,Running,49.37,24.84,6.84,354.2,27.99,66.73
2026-03-11 09:00:00,CP-02,Running,53.64,24.53,6.64,371.98,30.97,72.21
2026-01-31 03:00:00,CP-03,Running,56.4,28.42,6.92,440.63,30.57,84.96
2026-01-31 22:00:00,CP-05,Running,55.96,28.79,6.77,410.13,30.32,77.0
2026-01-12 04:00:00,CP-04,Running,51.27,22.7,6.66,376.08,31.27,71.87
2026-02-18 12:00:00,CP-02,Running,52.82,23.78,6.61,314.36,29.48,65.08
2026-03-18 09:00:00,CP-03,Running,51.64,25.97,7.18,428.96,33.38,84.2
2026-01-26 02:00:00,CP-02,Running,50.91,23.36,6.73,357.69,31.67,73.73
2026-01-24 15:00:00,CP-05,Stopped,28.02,12.06,6.95,2.73,25.42,0.58
2026-03-10 08:00:00,CP-04,Running,48.76,21.23,6.61,336.25,30.52,64.1
2026-01-21 23:00:00,CP-03,Running,49.46,23.92,6.87,327.21,29.97,65.91
2026-03-16 05:00:00,CP-02,Running,51.78,23.85,6.92,393.13,32.45,75.58
2026-02-09 22:00:00,CP-02,Running,51.07,22.66,6.49,310.68,29.43,58.5
2026-02-24 19:00:00,CP-01,Running,44.75,20.54,6.58,282.9,28.57,60.12
2026-01-22 08:00:00,CP-01,Running,51.66,24.62,7.01,369.03,31.4,77.19
2026-03-26 23:00:00,CP-02,Running,51.35,23.23,6.55,341.08,29.62,67.18
2026-01-08 11:00:00,CP-01,Running,49.84,23.18,6.77,361.22,29.95,65.98
2026-01-03 03:00:00,CP-04,Running,47.7,20.63,6.57,331.32,30.95,60.98
2026-02-27 11:00:00,CP-05,Running,53.49,27.5,6.99,412.35,30.45,76.64
2026-03-12 14:00:00,CP-02,Running,48.89,21.67,6.56,290.71,29.52,57.93
2026-01-18 15:00:00,CP-02,Running,49.35,21.88,6.67,277.52,28.3,58.21
2026-01-25 08:00:00,CP-03,Running,53.9,26.78,7.08,345.09,34.04,78.31
2026-01-15 01:00:00,CP-01,Running,55.09,25.96,6.81,377.51,30.69,71.95
2026-01-10 09:00:00,CP-02,Running,52.69,24.21,6.92,412.06,31.97,74.4
2026-01-14 00:00:00,CP-02,Running,50.38,22.94,6.62,360.87,30.91,70.2
2026-02-18 11:00:00,CP-04,Running,52.18,22.8,6.63,321.94,30.38,65.67
2026-02-21 05:00:00,CP-01,Running,53.38,25.68,6.98,425.63,32.35,81.64
2026-02-13 01:00:00,CP-02,Running,50.04,22.59,6.8,341.6,31.23,66.21
2026-02-15 19:00:00,CP-04,Running,45.65,19.25,6.56,261.91,26.82,49.81
2026-03-29 15:00:00,CP-01,Running,52.12,24.39,6.68,357.32,29.52,68.76
2026-02-05 14:00:00,CP-03,Running,48.86,23.48,6.72,316.72,29.07,63.08
2026-03-31 02:00:00,CP-01,Running,51.64,24.26,6.87,355.16,30.5,70.59
2026-01-11 15:00:00,CP-02,Running,50.21,22.41,6.46,322.15,27.27,61.15
2026-03-20 20:00:00,CP-04,Running,41.22,17.11,6.59,213.88,26.97,42.85
2026-03-24 12:00:00,CP-02,Running,52.33,23.79,6.64,321.34,31.12,69.54
2026-02-08 22:00:00,CP-01,Running,52.45,24.52,6.76,377.32,29.19,68.31
2026-01-02 12:00:00,CP-03,Running,53.31,26.35,6.92,398.25,29.1,75.98
2026-02-08 05:00:00,CP-02,Running,49.51,22.33,6.86,329.62,30.71,65.91
2026-03-11 03:00:00,CP-01,Running,52.48,24.57,6.93,363.77,30.67,69.04
2026-02-10 03:00:00,CP-03,Running,58.16,29.28,6.89,454.36,31.38,84.64
2026-01-06 19:00:00,CP-04,Running,47.09,20.04,6.51,299.22,28.74,53.77
2026-01-18 14:00:00,CP-03,Running,50.66,24.59,6.95,357.24,28.23,67.52
2026-01-01 21:00:00,CP-04,Running,46.84,20.03,6.5,278.39,28.51,56.08
2026-03-21 04:00:00,CP-02,Running,56.08,25.74,6.73,352.32,31.79,73.94
2026-02-28 06:00:00,CP-04,Running,52.54,23.01,6.87,320.78,30.26,66.77
2026-01-22 17:00:00,CP-02,Running,49.81,22.33,6.48,325.54,27.07,63.13
2026-02-27 01:00:00,CP-04,Running,46.92,20.12,6.56,303.25,32.13,57.18
2026-02-02 12:00:00,CP-04,Running,47.22,20.18,6.42,301.84,27.97,55.71
2026-03-07 17:00:00,CP-01,Running,49.84,22.88,6.65,306.39,28.43,60.0
2026-03-20 15:00:00,CP-05,Running,49.65,25.29,6.79,348.68,27.84,72.42
2026-01-21 21:00:00,CP-04,Running,50.89,21.89,6.5,272.13,29.0,58.58
2026-02-06 22:00:00,CP-02,Running,48.97,22.01,6.54,369.44,29.49,64.34
2026-01-22 14:00:00,CP-05,Running,52.22,26.56,6.93,356.71,30.82,71.68
2026-03-24 22:00:00,CP-05,Running,55.78,28.61,6.86,356.03,29.73,75.61
2026-01-30 05:00:00,CP-03,Running,53.46,26.33,7.02,370.06,31.96,74.4
2026-01-07 17:00:00,CP-05,Running,52.51,26.76,6.85,392.83,30.06,72.58
2026-02-13 12:00:00,CP-05,Running,54.76,28.05,6.92,383.46,31.48,75.0
2026-03-11 06:00:00,CP-02,Running,52.29,23.96,6.76,388.87,32.16,73.1
2026-03-10 14:00:00,CP-05,Running,59.57,30.91,6.88,434.68,30.13,80.99
2026-03-08 11:00:00,CP-02,Running,48.48,21.82,6.78,346.82,32.25,64.86
2026-03-08 12:00:00,CP-05,Running,55.46,28.31,7.09,368.62,30.94,73.33
2026-02-19 19:00:00,CP-04,Running,47.14,19.87,6.43,255.01,29.1,49.69
2026-01-22 22:00:00,CP-02,Running,47.52,21.24,6.56,315.64,28.77,61.82
2026-01-04 00:00:00,CP-02,Running,49.54,21.9,6.59,283.58,29.3,56.82
2026-01-22 15:00:00,CP-03,Running,52.72,25.61,6.83,340.41,28.28,68.04
2026-03-02 22:00:00,CP-03,Running,53.55,25.91,6.93,333.35,29.51,66.12
2026-02-01 07:00:00,CP-02,Running,48.91,22.53,6.94,385.25,30.03,75.59
2026-03-09 15:00:00,CP-03,Running,48.14,23.15,6.67,334.13,29.58,63.3
2026-03-04 04:00:00,CP-01,Running,54.39,26.29,6.94,405.09,31.53,83.78
2026-02-03 16:00:00,CP-04,Running,47.03,20.18,6.41,311.28,29.27,57.58
2026-02-13 22:00:00,CP-03,Running,53.68,26.01,6.82,361.95,29.19,66.7
2026-03-08 01:00:00,CP-04,Stopped,29.51,11.12,6.68,16.31,26.83,2.99
2026-02-04 11:00:00,CP-01,Running,52.64,24.91,6.94,394.74,30.62,74.03
2026-03-24 10:00:00,CP-01,Running,55.96,26.85,6.91,391.89,31.66,80.44
2026-02-09 09:00:00,CP-01,Running,51.63,24.48,6.82,394.75,30.74,74.88
2026-03-19 05:00:00,CP-05,Running,58.71,30.76,7.16,422.31,31.71,85.69
2026-01-17 03:00:00,CP-04,Running,52.31,23.31,6.74,391.85,30.73,74.63
2026-02-06 10:00:00,CP-02,Running,50.11,22.61,6.77,357.87,30.48,65.94
2026-03-02 04:00:00,CP-04,Running,51.87,22.78,6.75,356.33,32.49,68.09
2026-03-22 09:00:00,CP-01,Running,58.27,28.03,6.93,425.23,32.11,81.57
2026-02-11 08:00:00,CP-05,Running,54.34,28.27,7.08,424.28,32.58,82.32
2026-01-03 07:00:00,CP-05,Running,56.2,29.44,7.09,433.78,31.53,85.49
2026-03-29 17:00:00,CP-02,Running,44.44,19.54,6.61,259.0,28.81,54.49
2026-02-04 16:00:00,CP-04,Running,49.14,21.06,6.43,294.01,29.03,57.04
2026-02-11 09:00:00,CP-01,Running,51.93,24.59,6.83,382.17,32.01,74.22
2026-03-29 05:00:00,CP-01,Running,53.06,25.05,6.89,376.64,30.23,72.73
2026-01-31 17:00:00,CP-05,Stopped,27.91,12.04,6.84,8.7,26.48,1.73
2026-02-18 03:00:00,CP-05,Running,51.2,26.42,7.09,379.67,32.42,78.43
2026-02-06 05:00:00,CP-04,Running,45.81,19.97,6.78,333.01,31.18,64.56
2026-02-15 20:00:00,CP-05,Running,52.26,26.51,6.87,357.96,27.79,70.47
2026-03-13 02:00:00,CP-05,Running,55.02,28.58,7.16,410.23,32.35,81.46
2026-03-24 17:00:00,CP-05,Running,43.97,22.04,6.8,302.09,29.08,64.95
2026-02-22 06:00:00,CP-01,Running,58.73,28.28,7.01,413.45,30.44,82.1
2026-01-06 05:00:00,CP-05,Running,58.03,30.47,7.1,465.14,32.46,86.58
2026-01-28 13:00:00,CP-04,Running,46.13,19.62,6.64,255.0,29.51,53.65
2026-03-26 06:00:00,CP-05,Running,78.445,28.48,7.04,433.74,31.03,87.88
2026-03-15 11:00:00,CP-04,Running,54.61,23.79,6.63,325.7,30.49,64.36
2026-03-02 07:00:00,CP-01,Running,52.48,24.93,7.0,414.19,31.14,75.67
2026-03-01 00:00:00,CP-05,Stopped,29.45,12.82,7.01,27.18,26.53,5.11
2026-01-20 13:00:00,CP-04,Running,47.26,20.32,6.61,276.97,29.71,58.38
2026-01-05 02:00:00,CP-04,Running,51.71,22.47,6.59,336.48,30.19,63.28
2026-02-12 22:00:00,CP-01,Running,49.95,23.24,6.72,329.57,29.55,66.08
2026-02-03 14:00:00,CP-05,Running,53.05,26.94,6.87,377.55,29.08,70.96
2026-02-24 05:00:00,CP-02,Running,51.25,23.38,6.78,344.96,33.21,71.03
2026-02-23 05:00:00,CP-01,Running,57.25,27.81,6.92,424.56,32.82,86.16
2026-03-21 07:00:00,CP-04,Running,52.5,23.01,6.91,324.39,31.26,67.18
2026-02-24 05:00:00,CP-01,Stopped,30.41,12.1,6.74,0.54,28.08,0.11
2026-02-23 08:00:00,CP-03,Running,53.87,26.85,6.92,398.3,31.43,79.87
2026-01-11 10:00:00,CP-04,Running,48.72,21.24,6.61,327.38,31.56,64.74
2026-01-30 13:00:00,CP-01,Running,47.27,21.98,6.86,321.08,29.88,65.85
2026-02-09 04:00:00,CP-02,Running,52.41,23.94,6.81,388.1,31.32,71.75
2026-01-19 20:00:00,CP-02,Running,48.31,21.48,6.75,306.26,28.03,59.39
2026-03-20 13:00:00,CP-01,Running,49.73,23.18,6.72,349.91,29.5,67.01
2026-01-07 22:00:00,CP-04,Running,48.63,20.94,6.46,310.38,29.22,59.12
2026-01-13 23:00:00,CP-01,Running,50.84,23.68,6.8,355.05,29.02,66.56
2026-01-18 21:00:00,CP-01,Running,52.99,24.81,6.66,339.28,29.33,68.96
2026-01-17 15:00:00,CP-04,Running,44.83,19.06,6.56,271.29,27.66,53.38
2026-02-17 02:00:00,CP-02,Running,51.64,23.07,6.64,321.78,31.51,61.59
2026-02-23 05:00:00,CP-02,Running,54.3,24.85,6.75,353.69,31.69,72.58
2026-02-26 23:00:00,CP-03,Running,54.43,26.73,6.9,375.69,31.03,72.86
2026-02-22 05:00:00,CP-01,Running,51.66,24.59,7.06,371.56,31.48,76.54
2026-01-24 17:00:00,CP-02,Running,48.24,21.53,6.49,299.03,29.37,61.03
2026-03-08 02:00:00,CP-01,Running,50.18,23.45,6.72,364.09,30.55,68.06
2026-02-22 02:00:00,CP-03,Running,57.41,28.15,7.02,351.69,31.07,72.23
2026-02-08 01:00:00,CP-04,Running,54.39,24.07,6.68,394.29,30.54,71.48
2026-03-27 11:00:00,CP-02,Running,49.93,22.54,6.73,313.35,30.22,66.32
2026-02-21 13:00:00,CP-02,Running,53.09,24.13,6.61,364.51,28.72,69.38
2026-02-26 02:00:00,CP-05,Stopped,26.0,11.3,7.15,22.44,28.89,4.61
2026-02-10 20:00:00,CP-05,Running,49.74,25.24,6.77,386.91,28.0,70.73
2026-03-19 18:00:00,CP-02,Stopped,30.55,11.89,6.66,16.72,25.69,3.32
2026-03-07 21:00:00,CP-05,Running,50.04,25.33,6.93,367.35,30.2,69.6
2026-01-26 12:00:00,CP-03,Running,52.53,25.73,6.78,356.44,30.53,71.7
2026-01-05 17:00:00,CP-02,Running,43.81,19.06,6.63,249.32,27.56,49.66
2026-01-08 18:00:00,CP-05,Running,52.35,26.75,6.85,371.68,27.77,73.86
2026-03-21 22:00:00,CP-03,Running,49.73,24.08,7.0,338.63,31.11,66.46
2026-01-09 02:00:00,CP-02,Running,52.5,24.17,6.84,374.19,32.39,75.27
2026-01-01 17:00:00,CP-01,Running,54.65,25.41,6.59,338.33,29.32,65.8
2026-03-27 15:00:00,CP-01,Running,52.83,24.95,6.52,343.15,28.8,73.11
2026-01-27 13:00:00,CP-05,Running,56.96,29.31,6.84,385.67,30.06,77.17
2026-02-05 16:00:00,CP-04,Running,46.56,19.77,6.46,279.45,28.1,52.97
2026-03-31 03:00:00,CP-02,Running,50.29,23.06,6.7,376.73,31.04,73.33
2026-02-25 02:00:00,CP-05,Running,57.35,30.04,7.03,429.4,30.47,85.54
2026-01-05 07:00:00,CP-05,Stopped,27.33,11.91,7.02,28.97,29.22,5.54
2026-01-06 11:00:00,CP-04,Stopped,28.25,10.6,6.67,7.73,27.78,1.43
2026-03-10 13:00:00,CP-04,Running,47.84,20.52,6.54,298.71,29.62,57.44
2026-01-14 05:00:00,CP-02,Running,53.82,24.78,6.88,414.31,31.97,75.44
2026-03-14 01:00:00,CP-05,Running,53.07,27.61,7.06,445.47,32.0,82.31
2026-03-14 07:00:00,CP-01,Running,52.75,25.25,6.85,432.22,50.17,79.25
2026-03-08 21:00:00,CP-05,Running,53.42,27.11,6.79,353.51,29.32,70.78
2026-03-21 13:00:00,CP-03,Running,51.74,25.4,6.86,349.65,29.2,72.66
2026-02-09 15:00:00,CP-04,Running,49.25,21.13,6.62,296.2,29.05,57.37
2026-02-20 19:00:00,CP-02,Running,50.56,22.8,6.57,305.34,29.16,65.69
2026-02-25 09:00:00,CP-01,Running,52.4,25.25,6.89,406.5,32.08,82.46
2026-01-21 12:00:00,CP-02,Running,56.59,26.01,6.62,,29.4,74.53
2026-02-21 15:00:00,CP-04,Running,44.92,18.83,6.6,220.27,27.21,47.2
2026-01-22 17:00:00,CP-01,Running,48.81,22.65,6.56,301.5,29.31,65.05
2026-03-13 11:00:00,CP-05,Running,51.94,27.06,7.04,442.51,31.44,83.05
2026-01-01 00:00:00,CP-04,Running,47.85,20.56,6.72,296.06,28.47,58.03
2026-03-25 15:00:00,CP-03,Stopped,32.43,13.66,6.86,34.61,26.18,7.08
2026-01-09 06:00:00,CP-04,Running,49.82,21.9,6.7,354.0,32.06,68.34
2026-01-26 03:00:00,CP-03,Running,56.39,28.45,7.03,395.26,31.92,85.6
2026-01-15 18:00:00,CP-02,Running,48.78,21.8,6.53,307.99,27.84,61.8
2026-02-19 06:00:00,CP-01,Running,51.02,24.17,7.06,371.62,31.74,74.45
2026-02-09 05:00:00,CP-03,Running,58.71,29.57,7.06,454.92,32.31,84.84
2026-01-16 22:00:00,CP-02,Running,50.29,22.91,6.68,351.53,29.2,70.45
2026-02-08 20:00:00,CP-01,Running,49.71,23.15,6.52,320.94,27.92,66.55
2026-03-24 09:00:00,CP-05,Running,57.63,30.22,7.19,428.83,33.8,86.1
2026-03-17 23:00:00,CP-02,Running,45.16,20.03,6.55,289.11,29.31,58.33
2026-01-06 12:00:00,CP-05,Running,55.25,28.36,7.04,397.21,29.53,75.9
2026-03-31 12:00:00,CP-05,Running,56.23,29.24,6.95,417.8,29.75,82.06
2026-03-24 07:00:00,CP-01,Running,53.83,25.92,6.96,396.08,31.74,82.1
2026-02-16 22:00:00,CP-01,Running,51.28,23.85,6.77,312.18,31.0,65.94
2026-03-14 11:00:00,CP-03,Running,57.63,28.74,7.0,409.64,29.5,80.13
2026-03-11 13:00:00,CP-05,Running,55.31,28.58,6.91,407.34,30.02,79.15
2026-01-28 14:00:00,CP-02,Running,45.65,20.24,6.57,304.59,29.68,58.1
2026-03-28 18:00:00,CP-02,Running,46.96,20.47,6.59,260.15,26.8,50.49
2026-02-12 18:00:00,CP-02,Running,48.69,21.99,6.69,328.93,28.27,66.59
2026-03-20 13:00:00,CP-05,Running,54.89,28.48,6.99,420.3,31.3,80.93
2026-03-24 12:00:00,CP-01,Running,51.31,24.4,6.8,368.4,28.42,76.12
2026-03-09 20:00:00,CP-01,Running,50.37,23.12,6.61,332.77,29.02,60.09
2026-03-18 19:00:00,CP-04,Running,49.57,21.1,6.5,270.26,28.98,53.88
2026-01-15 21:00:00,CP-04,Running,48.48,20.78,6.54,277.02,28.96,56.99
2026-03-02 17:00:00,CP-03,Running,51.32,25.19,6.97,360.74,28.43,72.79
2026-03-16 10:00:00,CP-02,Running,54.37,24.92,6.65,391.03,30.26,73.34
2026-02-22 17:00:00,CP-03,Running,47.93,23.02,6.63,320.32,28.16,62.89
2026-01-17 07:00:00,CP-04,Running,51.92,22.89,6.77,364.41,30.57,69.77
2026-02-16 00:00:00,CP-04,Running,51.57,22.4,6.53,324.45,29.04,62.99
2026-01-16 08:00:00,CP-03,Running,58.53,29.31,7.03,414.49,32.34,82.09
2026-01-01 23:00:00,CP-03,Stopped,29.72,12.34,6.94,6.71,25.76,1.25
2026-01-17 22:00:00,CP-01,Running,50.61,23.76,6.74,351.07,28.53,70.31
2026-02-17 04:00:00,CP-05,Running,59.73,31.49,7.14,441.04,32.42,88.64
2026-03-12 18:00:00,CP-04,Running,46.98,19.97,6.52,275.86,27.26,53.24
2026-01-26 20:00:00,CP-05,Running,51.77,26.1,6.93,325.41,29.33,67.67
2026-02-26 11:00:00,CP-02,Running,53.37,24.53,6.75,368.51,31.77,74.56
2026-02-17 11:00:00,CP-04,Running,54.75,24.3,6.6,353.19,29.58,72.86
2026-02-26 03:00:00,CP-05,Running,56.36,29.45,7.11,440.81,32.25,84.28
2026-01-08 04:00:00,CP-04,Stopped,29.83,11.28,6.56,25.87,28.82,4.55
2026-03-31 10:00:00,CP-02,Running,51.58,23.45,6.77,364.12,31.13,69.51
2026-01-25 19:00:00,CP-02,Running,48.57,21.66,6.54,300.71,28.63,60.79
2026-02-03 02:00:00,CP-01,Running,53.58,25.14,6.82,384.03,30.69,70.07
2026-01-07 11:00:00,CP-03,Running,49.65,24.28,7.03,391.73,31.2,71.03
2026-03-11 08:00:00,CP-05,Running,56.58,29.93,7.23,482.93,33.14,90.2
2026-02-11 22:00:00,CP-04,Running,45.81,19.65,6.54,301.36,30.79,57.29
2026-03-21 15:00:00,CP-02,Running,45.51,20.3,6.64,312.88,28.36,60.98
2026-03-14 06:00:00,CP-03,Running,52.94,26.49,7.02,459.82,32.61,81.72
2026-02-18 14:00:00,CP-01,Running,51.81,24.18,6.69,329.2,30.35,67.6
2026-01-31 21:00:00,CP-01,Running,54.82,25.52,6.8,346.04,29.42,66.46
2026-01-31 04:00:00,CP-02,Running,48.32,21.79,6.93,344.77,30.97,65.69
2026-03-28 08:00:00,CP-02,Running,50.26,22.93,6.87,347.14,31.84,71.12
2026-03-07 15:00:00,CP-02,Running,48.18,21.55,6.48,335.71,29.56,62.14
2026-01-17 18:00:00,CP-04,Running,47.99,20.25,6.33,250.34,29.51,49.96
2026-03-01 22:00:00,CP-02,Stopped,29.51,11.4,6.62,1.92,27.57,0.37
2026-03-13 20:00:00,CP-01,Running,50.16,23.26,6.62,325.6,29.22,64.52
2026-01-29 00:00:00,CP-05,Running,54.9,28.31,6.97,435.76,30.79,78.17
2026-01-26 11:00:00,CP-01,Running,54.67,25.83,6.83,370.81,31.4,73.19
2026-01-29 12:00:00,CP-04,Running,52.31,22.78,6.68,329.14,30.19,64.21
2026-02-04 21:00:00,CP-04,Running,44.71,19.05,6.46,281.82,29.07,54.35
2026-01-23 23:00:00,CP-02,Running,52.47,23.58,6.68,330.36,29.62,64.23
2026-03-05 09:00:00,CP-01,Running,53.04,25.23,6.92,411.86,31.59,76.27
2026-01-06 22:00:00,CP-03,Running,54.84,26.78,6.61,380.05,29.72,70.27
2026-01-13 17:00:00,CP-04,Running,44.7,19.24,6.6,299.34,27.6,58.93
2026-03-23 07:00:00,CP-02,Running,51.53,23.36,6.88,340.31,32.63,68.17
2026-02-18 05:00:00,CP-02,Running,53.36,24.4,6.7,365.7,31.53,72.14
2026-02-08 09:00:00,CP-05,Running,56.88,29.8,7.08,491.69,32.11,85.56
2026-02-07 12:00:00,CP-02,Running,50.92,23.17,6.7,381.64,30.89,69.96
2026-01-14 01:00:00,CP-05,Running,57.06,29.65,6.87,416.93,30.95,81.64
2026-01-07 00:00:00,CP-03,Running,50.66,24.99,6.81,388.18,29.74,74.97
2026-01-31 12:00:00,CP-05,Running,57.25,29.55,7.08,378.12,30.7,78.59
2026-03-02 18:00:00,CP-04,Running,44.78,19.0,6.38,285.17,27.09,52.42
2026-02-21 04:00:00,CP-04,Running,53.21,23.7,6.96,370.47,31.38,74.48
2026-01-24 14:00:00,CP-02,Running,50.83,22.93,6.61,329.19,,66.04
2026-03-16 21:00:00,CP-01,Running,49.54,23.11,6.68,336.52,28.92,67.32
2026-02-24 10:00:00,CP-01,Stopped,28.62,11.45,7.0,11.53,28.29,2.32
2026-02-08 18:00:00,CP-05,Running,53.55,27.16,6.82,378.45,27.83,70.32
2026-03-13 03:00:00,CP-02,Running,54.28,25.16,6.85,403.96,31.98,78.54
2026-01-31 02:00:00,CP-05,Running,54.76,28.23,7.11,416.51,30.5,78.06
2026-03-20 20:00:00,CP-01,Running,47.79,21.87,6.63,287.67,29.1,58.75
2026-02-15 02:00:00,CP-04,Running,47.72,20.67,6.67,300.9,29.66,61.83
2026-02-12 02:00:00,CP-04,Running,49.99,21.66,6.65,321.86,30.62,61.93
2026-03-21 09:00:00,CP-03,Running,51.14,25.3,7.05,370.42,31.7,76.43
2026-02-05 02:00:00,CP-05,Stopped,31.63,13.7,6.97,16.56,27.06,3.19
2026-02-11 08:00:00,CP-02,Running,54.25,25.12,6.76,394.18,31.21,77.96
2026-03-29 22:00:00,CP-01,Running,50.93,23.43,6.65,298.08,29.22,61.08
2026-02-23 15:00:00,CP-02,Running,48.69,21.83,6.52,305.77,29.71,63.2
2026-02-09 21:00:00,CP-01,Running,47.31,22.18,6.68,364.3,28.65,69.65
2026-02-13 02:00:00,CP-02,Running,47.64,21.1,6.8,309.83,31.14,57.57
2026-03-08 23:00:00,CP-02,Running,51.64,23.21,6.83,342.87,28.14,64.29
2026-01-18 07:00:00,CP-05,Running,59.9,31.41,7.04,435.38,32.92,85.98
2026-02-19 23:00:00,CP-03,Running,54.12,26.9,6.85,399.79,29.83,78.43
2026-03-14 05:00:00,CP-01,Running,60.22,29.0,7.0,424.85,32.33,82.14
2026-02-12 23:00:00,CP-03,Running,50.0,24.18,6.9,332.05,28.67,65.81
2026-02-03 00:00:00,CP-01,Running,46.42,21.35,6.79,327.91,29.42,61.01
2026-02-12 01:00:00,CP-05,Running,53.27,27.43,7.18,392.51,31.57,77.32
2026-03-24 17:00:00,CP-01,Running,48.97,22.6,6.62,306.82,29.64,62.52
2026-01-15 00:00:00,CP-04,Running,47.42,20.48,6.65,314.05,28.84,60.37
2026-01-17 05:00:00,CP-01,Running,52.18,24.75,6.92,376.56,31.7,74.96
2026-03-12 14:00:00,CP-05,Running,49.77,25.31,6.93,399.27,29.5,71.69
2026-01-14 00:00:00,CP-05,Running,55.55,28.85,7.11,411.46,31.21,81.56
2026-01-24 10:00:00,CP-03,Running,56.17,28.39,6.99,426.73,31.49,86.52
2026-02-17 10:00:00,CP-05,Running,56.8,29.6,7.13,445.93,31.25,83.02
2026-01-28 11:00:00,CP-05,Running,81.345,29.39,7.01,420.1,32.18,85.51
2026-02-15 20:00:00,CP-01,Stopped,32.26,12.94,6.71,16.26,27.65,3.3
2026-01-08 04:00:00,CP-03,Running,56.41,28.11,7.13,446.19,31.89,79.68
2026-01-16 16:00:00,CP-05,Running,54.76,28.16,6.74,385.82,28.56,76.85
2026-01-30 14:00:00,CP-04,Running,48.6,20.74,6.51,290.98,27.41,54.98
2026-01-02 05:00:00,CP-03,Running,60.67,30.48,6.99,422.69,32.96,83.61
2026-03-18 03:00:00,CP-03,Running,56.86,27.94,6.96,382.01,32.41,73.21
2026-02-12 14:00:00,CP-01,Running,50.76,23.94,6.67,372.36,29.49,72.36
2026-03-24 17:00:00,CP-03,Running,45.45,21.71,6.79,300.86,26.57,60.35
2026-02-18 03:00:00,CP-01,Running,52.13,24.8,6.96,402.47,31.33,76.4
2026-03-28 22:00:00,CP-04,Running,48.34,20.62,6.47,260.52,29.25,54.89
2026-02-25 05:00:00,CP-01,Running,52.78,25.37,6.86,410.99,31.86,81.15
2026-01-08 14:00:00,CP-05,Running,51.61,26.32,7.02,383.11,29.39,72.91
2026-01-02 10:00:00,CP-02,Running,48.7,21.77,6.75,319.51,29.95,61.83
2026-03-08 22:00:00,CP-02,Running,47.55,21.08,6.51,315.09,27.58,58.03
2026-01-11 16:00:00,CP-03,Running,50.09,24.49,6.75,388.94,29.98,70.86
2026-02-24 19:00:00,CP-05,Running,52.93,26.71,6.94,341.37,27.67,68.13
2026-02-12 21:00:00,CP-01,Running,51.69,23.93,6.73,333.71,28.94,63.82
2026-03-13 19:00:00,CP-02,Running,49.02,21.76,6.54,304.53,27.67,58.68
2026-02-17 22:00:00,CP-02,Running,48.06,21.39,6.58,289.85,30.21,59.91
2026-01-08 20:00:00,CP-05,Running,49.07,24.62,6.86,345.39,26.89,65.43
2026-02-20 19:00:00,CP-04,Running,44.83,18.73,6.42,222.55,29.02,45.85
2026-03-19 07:00:00,CP-02,Running,59.83,27.65,6.81,372.38,30.81,77.08
2026-02-20 04:00:00,CP-03,Running,52.03,25.6,6.98,369.19,32.18,73.87
2026-03-12 02:00:00,CP-03,Running,53.73,26.47,7.09,380.86,31.19,74.38
2026-02-09 01:00:00,CP-04,Running,47.02,20.37,6.63,312.47,30.53,61.79
2026-03-03 04:00:00,CP-01,Running,57.44,27.18,6.81,385.88,32.19,73.82
2026-01-17 00:00:00,CP-02,Running,51.99,23.5,6.64,,30.63,66.8
2026-02-08 09:00:00,CP-04,Running,53.21,23.33,6.76,358.31,31.46,67.21
2026-02-28 04:00:00,CP-03,Running,58.25,29.09,6.94,396.4,30.86,80.74
2026-02-17 09:00:00,CP-02,Stopped,27.48,10.67,6.81,11.88,27.26,2.33
2026-03-28 12:00:00,CP-01,Running,51.09,23.78,6.93,329.44,29.63,66.39
2026-03-06 13:00:00,CP-05,Running,52.56,26.77,6.91,375.57,30.37,72.31
2026-01-16 01:00:00,CP-03,Running,52.67,25.89,6.88,367.17,30.96,73.41
2026-02-26 18:00:00,CP-01,Running,50.43,23.51,6.52,338.23,28.55,66.97
2026-01-03 09:00:00,CP-03,Running,54.75,27.28,6.92,422.16,32.43,79.68
2026-01-11 02:00:00,CP-03,Stopped,27.46,11.49,6.93,22.67,28.73,4.52
2026-02-13 00:00:00,CP-02,Running,52.24,23.47,6.79,309.85,30.65,64.13
2026-01-29 04:00:00,CP-02,Running,50.63,22.86,6.89,332.71,32.21,66.29
2026-03-02 10:00:00,CP-04,Running,45.74,19.75,6.68,318.94,28.85,60.33
2026-03-03 20:00:00,CP-05,Running,53.64,27.22,6.91,362.77,29.53,70.55
2026-03-30 07:00:00,CP-03,Running,55.37,27.96,7.0,467.38,31.97,86.08
2026-03-18 14:00:00,CP-01,Running,46.88,21.52,6.74,291.32,28.62,60.05
2026-01-30 08:00:00,CP-04,Stopped,31.53,11.86,6.85,11.76,27.95,2.24
2026-01-19 17:00:00,CP-02,Running,51.51,23.01,6.63,305.75,27.83,61.43
2026-01-21 22:00:00,CP-01,Running,48.56,22.39,6.89,301.91,28.84,62.0
2026-02-10 14:00:00,CP-05,Running,54.81,27.73,6.94,345.37,28.26,69.26
2026-02-28 22:00:00,CP-03,Running,51.08,24.71,6.87,330.55,28.92,66.15
2026-01-21 07:00:00,CP-02,Running,52.96,24.16,6.74,349.77,31.37,71.13
2026-01-25 18:00:00,CP-01,Stopped,27.22,11.02,6.68,33.27,26.75,6.97
2026-03-16 01:00:00,CP-04,Running,47.25,20.26,6.73,285.16,30.65,57.11
2026-03-17 15:00:00,CP-01,Stopped,30.15,12.22,6.74,36.5,25.88,7.37
2026-03-18 23:00:00,CP-03,Running,55.27,27.05,6.9,357.84,30.82,71.26
2026-01-02 12:00:00,CP-02,Running,49.56,22.39,6.82,362.5,30.32,66.72
2026-02-13 20:00:00,CP-04,Running,48.43,20.61,6.48,279.99,27.73,53.91
2026-03-20 22:00:00,CP-02,Running,49.36,22.02,6.73,304.52,28.94,60.98
2026-01-01 14:00:00,CP-02,Running,53.97,24.46,6.65,341.35,29.41,68.17
2026-02-05 05:00:00,CP-05,Running,60.05,31.65,7.03,461.59,32.53,88.4
2026-02-09 16:00:00,CP-02,Running,47.56,21.17,6.56,339.52,29.6,59.83
2026-01-17 22:00:00,CP-05,Running,52.98,27.27,6.88,410.17,30.0,77.17
2026-03-10 05:00:00,CP-01,Running,53.36,25.4,7.02,416.04,33.11,76.58
2026-02-01 23:00:00,CP-02,Running,50.75,22.69,6.6,322.79,27.52,61.89
2026-02-02 22:00:00,CP-01,Stopped,29.39,11.8,6.7,18.84,25.47,3.54
2026-03-08 07:00:00,CP-04,Running,52.97,23.51,6.8,390.55,32.0,72.83
2026-03-30 05:00:00,CP-01,Running,58.16,27.82,7.06,399.57,31.77,78.9
2026-01-25 04:00:00,CP-04,Running,48.76,21.33,6.67,331.99,31.13,66.17
2026-03-22 17:00:00,CP-03,Running,52.98,25.52,6.66,319.86,27.27,64.02
2026-01-29 10:00:00,CP-02,Running,47.84,21.39,6.86,321.11,29.26,61.87
2026-03-01 04:00:00,CP-04,Stopped,31.46,11.8,6.75,6.51,28.07,1.33
2026-01-21 19:00:00,CP-05,Running,45.91,22.99,6.86,330.26,28.33,64.64
2026-02-09 11:00:00,CP-04,Running,48.21,20.81,6.64,324.16,30.04,60.18
2026-03-30 14:00:00,CP-01,Running,49.97,22.96,6.74,284.5,29.42,60.47
2026-01-28 05:00:00,CP-02,Running,55.3,25.45,6.9,379.86,30.92,75.24
2026-03-13 13:00:00,CP-05,Running,52.49,26.79,6.89,373.06,31.24,73.3
2026-01-10 10:00:00,CP-02,Running,50.63,22.73,6.75,355.0,31.64,63.83
2026-02-01 16:00:00,CP-02,Running,47.97,21.4,6.64,313.63,27.38,60.92
2026-03-02 23:00:00,CP-02,Stopped,31.89,12.49,6.75,30.07,27.97,5.86
2026-01-02 19:00:00,CP-01,Running,49.81,22.99,6.67,305.84,29.03,62.41
2026-01-03 00:00:00,CP-04,Running,45.22,19.43,6.68,295.59,30.82,58.17
2026-01-05 20:00:00,CP-03,Running,46.62,22.25,6.89,312.9,28.8,59.88
2026-02-03 08:00:00,CP-01,Running,53.54,25.59,6.88,401.12,31.34,78.61
2026-03-01 03:00:00,CP-01,Running,50.6,23.76,6.92,359.56,32.03,70.23
2026-01-23 08:00:00,CP-03,Running,53.39,26.51,7.01,367.35,30.84,78.13
2026-03-06 17:00:00,CP-02,Running,49.44,22.08,6.76,325.99,30.01,61.35
2026-03-17 06:00:00,CP-02,Running,49.78,22.76,6.84,365.7,32.41,72.04
2026-02-04 10:00:00,CP-04,Running,53.71,23.77,6.67,387.66,31.9,71.52
2026-02-03 09:00:00,CP-04,Running,52.34,22.8,6.7,330.14,30.3,64.34
2026-01-21 07:00:00,CP-03,Running,52.67,26.16,7.0,384.24,32.16,78.22
2026-01-31 12:00:00,CP-04,Running,47.56,20.38,6.77,298.83,29.85,56.88
2026-03-19 18:00:00,CP-04,Running,45.24,19.17,6.42,257.45,28.68,51.93
2026-02-07 03:00:00,CP-01,Running,54.52,26.47,6.91,429.5,32.3,86.01
2026-02-07 21:00:00,CP-02,Running,46.86,20.8,6.47,330.2,29.47,58.69
2026-01-30 13:00:00,CP-03,Running,50.77,24.65,6.8,352.53,30.17,67.8
2026-01-27 12:00:00,CP-02,Running,53.09,24.13,6.63,348.63,30.06,69.32
2026-03-02 12:00:00,CP-02,Running,50.62,22.68,6.74,316.39,30.06,62.91
2026-01-02 00:00:00,CP-05,Running,57.12,29.99,7.05,451.64,30.91,86.62
2026-03-17 12:00:00,CP-04,Running,48.14,20.62,6.65,307.13,30.41,56.77
2026-03-20 10:00:00,CP-03,Running,55.2,27.72,7.06,399.96,31.99,83.41
2026-02-11 11:00:00,CP-01,Running,53.33,25.01,6.83,354.86,31.5,69.79
2026-02-06 00:00:00,CP-03,Running,55.98,27.6,6.83,386.76,30.81,74.82
2026-01-14 22:00:00,CP-04,Running,52.63,22.81,6.43,316.33,28.74,61.98
2026-03-08 01:00:00,CP-02,Running,50.12,22.8,6.79,392.12,29.66,69.86
2026-03-07 17:00:00,CP-02,Running,45.88,20.5,6.59,335.56,28.81,61.53
2026-03-23 14:00:00,CP-01,Running,48.56,22.17,6.62,288.39,28.66,57.57
2026-03-25 05:00:00,CP-01,Running,55.44,26.71,6.95,384.64,33.37,82.23
2026-01-06 11:00:00,CP-01,Running,52.0,24.29,6.91,331.89,29.75,68.01
2026-02-20 11:00:00,CP-01,Running,49.34,22.94,6.68,330.97,30.25,65.74
2026-03-18 12:00:00,CP-02,Running,47.67,21.09,6.63,292.43,30.52,57.15
2026-01-23 10:00:00,CP-02,Running,53.73,24.49,6.75,343.31,30.81,70.58
2026-02-14 22:00:00,CP-01,Running,50.78,23.5,6.64,348.5,28.46,63.8
2026-01-08 03:00:00,CP-03,Running,53.57,26.72,7.17,429.18,30.9,80.12
2026-03-23 22:00:00,CP-04,Running,49.28,21.31,6.46,302.55,29.44,61.12
2026-02-05 20:00:00,CP-03,Running,50.59,24.51,6.94,365.93,28.0,66.7
2026-01-21 16:00:00,CP-05,Running,53.12,26.93,6.76,367.65,28.41,70.19
2026-03-15 21:00:00,CP-02,Running,49.68,22.3,6.66,327.0,27.97,63.58
2026-01-01 15:00:00,CP-05,Running,51.01,25.75,6.9,322.7,29.04,68.2
2026-01-02 12:00:00,CP-01,Running,53.06,25.26,6.76,374.99,31.09,76.74
2026-03-31 06:00:00,CP-03,Running,55.52,27.97,7.04,434.86,32.0,84.88
2026-03-27 08:00:00,CP-04,Running,54.15,23.94,6.75,355.64,31.23,71.03
2026-02-27 10:00:00,CP-02,Running,50.01,22.79,6.66,343.1,31.14,70.57
2026-02-23 14:00:00,CP-02,Running,49.09,22.24,6.67,339.85,,67.79
2026-02-16 09:00:00,CP-04,Running,48.56,21.11,6.67,340.94,30.16,63.36
2026-01-13 11:00:00,CP-03,Running,53.73,26.74,6.99,404.86,31.97,79.15
2026-03-13 13:00:00,CP-01,Running,51.37,24.1,6.58,367.5,28.46,69.95
2026-01-25 09:00:00,CP-02,Running,53.58,24.7,6.63,361.88,32.75,75.97
2026-03-11 06:00:00,CP-04,Running,51.57,22.57,6.74,335.27,31.85,66.33
2026-01-30 00:00:00,CP-03,Running,52.03,25.69,6.96,367.77,30.13,75.37
2026-01-31 08:00:00,CP-05,Running,57.35,29.91,7.18,424.77,31.16,83.37
2026-02-08 14:00:00,CP-04,Running,49.52,21.28,6.46,311.38,27.83,58.15
2026-03-17 15:00:00,CP-03,Running,48.13,23.02,6.82,304.57,28.98,60.82
2026-02-06 17:00:00,CP-03,Running,48.95,23.44,6.66,328.43,28.02,61.33
2026-02-21 03:00:00,CP-03,Running,53.29,26.37,6.95,375.21,31.71,76.45
2026-03-07 18:00:00,CP-03,Running,50.15,24.29,6.74,358.31,29.61,66.72
2026-01-18 18:00:00,CP-05,Running,52.7,27.08,6.78,366.18,28.26,76.53
2026-02-19 23:00:00,CP-04,Running,45.25,19.12,6.6,257.56,29.13,50.78
2026-03-16 05:00:00,CP-01,Running,55.33,26.76,7.01,398.65,32.06,84.08
2026-03-15 10:00:00,CP-04,Running,54.71,24.28,6.72,354.81,31.48,72.9
2026-03-10 14:00:00,CP-03,Running,53.51,26.14,6.83,375.58,29.49,70.5
2026-01-13 09:00:00,CP-03,Running,55.78,27.92,7.05,422.62,32.47,81.88
2026-03-05 16:00:00,CP-04,Running,42.61,17.91,6.66,260.07,29.82,48.33
2026-01-26 17:00:00,CP-01,Running,51.28,23.52,6.73,312.22,27.81,59.7
2026-03-04 12:00:00,CP-04,Running,49.47,21.34,6.55,299.92,28.81,59.9
2026-02-18 21:00:00,CP-02,Running,46.4,20.63,6.62,290.43,28.99,59.36
2026-02-06 15:00:00,CP-05,Running,51.79,26.25,6.85,388.94,27.94,70.11
2026-03-22 22:00:00,CP-05,Running,53.93,27.63,6.89,344.48,29.04,75.1
2026-02-27 04:00:00,CP-03,Running,60.07,30.36,6.99,434.09,32.19,86.48
2026-03-24 16:00:00,CP-04,Running,51.51,22.33,6.44,307.81,29.76,62.05
2026-02-01 14:00:00,CP-02,Running,45.57,20.25,6.54,328.47,28.51,59.19
2026-02-08 08:00:00,CP-05,Running,55.47,28.75,7.1,435.97,33.12,80.46
2026-03-20 09:00:00,CP-01,Running,49.6,23.63,7.01,359.79,32.12,77.06
2026-02-01 12:00:00,CP-03,Running,51.34,25.17,7.09,395.64,29.55,72.25
2026-01-30 11:00:00,CP-04,Running,51.44,22.26,6.67,309.81,29.66,61.32
2026-01-11 16:00:00,CP-02,Running,44.74,19.54,6.54,266.82,28.51,51.47
2026-03-22 06:00:00,CP-01,Running,54.53,26.13,6.85,379.2,30.19,79.72
2026-01-28 01:00:00,CP-04,Running,45.8,19.75,6.73,298.05,29.8,59.8
2026-01-21 21:00:00,CP-03,Running,50.46,24.11,6.68,308.01,29.0,60.4
2026-01-21 12:00:00,CP-04,Running,43.73,18.76,6.55,282.82,28.93,57.51
2026-01-20 18:00:00,CP-05,Running,51.25,25.89,6.85,353.54,28.74,68.63
2026-03-09 23:00:00,CP-03,Running,49.51,24.12,6.83,349.08,29.92,69.15
2026-02-07 17:00:00,CP-01,Running,50.17,22.92,6.64,297.2,28.94,57.9
2026-03-24 18:00:00,CP-02,Running,44.86,19.85,6.54,273.14,27.61,57.22
2026-02-12 11:00:00,CP-01,Running,55.57,26.24,6.89,369.86,30.77,72.93
2026-02-10 21:00:00,CP-03,Running,52.35,25.27,6.75,336.18,28.82,64.93
2026-02-13 22:00:00,CP-04,Running,45.71,19.49,6.57,277.59,28.17,54.71
2026-01-18 02:00:00,CP-05,Running,55.06,28.89,7.02,438.46,30.39,86.33
2026-03-23 12:00:00,CP-05,Stopped,30.34,13.17,7.04,20.25,26.34,4.19
2026-03-12 15:00:00,CP-01,Running,49.61,23.12,6.78,339.08,28.18,66.9
2026-03-28 12:00:00,CP-05,Running,53.6,27.39,7.03,376.19,30.14,73.79
2026-03-07 04:00:00,CP-01,Running,61.37,29.71,7.02,445.01,32.81,84.56
2026-01-17 00:00:00,CP-03,Running,56.16,28.09,6.9,399.72,30.59,81.56
2026-01-07 02:00:00,CP-04,Running,47.54,20.58,6.64,332.09,29.52,61.45
2026-01-12 08:00:00,CP-02,Running,52.93,24.45,6.76,391.92,31.69,76.84
2026-01-01 17:00:00,CP-04,Running,43.93,18.6,6.41,259.04,27.9,51.44
2026-01-10 20:00:00,CP-04,Running,47.22,19.81,6.47,252.82,29.08,47.56
2026-01-27 11:00:00,CP-05,Running,55.89,29.26,7.24,426.23,30.31,85.18
2026-03-25 13:00:00,CP-04,Running,51.24,22.15,6.67,282.58,29.62,60.81
2026-03-12 13:00:00,CP-02,Running,53.02,23.73,6.65,316.08,28.73,62.35
2026-02-27 03:00:00,CP-05,Running,53.13,27.4,7.13,380.31,29.06,78.05
2026-01-07 23:00:00,CP-04,Running,43.31,18.44,6.58,294.8,28.79,53.95
2026-03-08 06:00:00,CP-04,Running,48.78,21.32,6.74,347.41,30.69,65.81
2026-02-26 22:00:00,CP-02,Running,52.32,23.69,6.74,330.53,29.33,67.65
2026-02-16 00:00:00,CP-05,Running,51.58,26.43,6.95,404.69,31.18,75.06
2026-01-07 05:00:00,CP-05,Running,58.57,30.61,7.11,452.19,32.6,84.43
2026-03-03 04:00:00,CP-02,Stopped,28.14,10.96,6.86,19.86,28.62,3.7
2026-01-25 04:00:00,CP-01,Running,55.9,26.93,6.92,421.17,32.38,82.25
2026-02-07 19:00:00,CP-03,Running,54.97,26.63,6.73,356.3,28.81,66.74
2026-02-23 07:00:00,CP-01,Running,52.24,24.95,6.94,353.67,32.75,78.24
2026-03-07 07:00:00,CP-04,Running,49.01,21.65,6.75,390.27,31.58,70.67
2026-03-15 00:00:00,CP-02,Running,53.07,24.03,6.77,336.39,30.08,67.6
2026-03-26 05:00:00,CP-05,Running,59.59,31.52,7.15,452.49,32.71,90.12
2026-03-29 23:00:00,CP-04,Running,47.05,20.46,6.51,347.52,28.99,63.46
2026-03-26 18:00:00,CP-01,Running,52.06,24.39,6.71,343.13,27.61,69.26
2026-02-08 02:00:00,CP-03,Running,54.05,26.83,7.0,407.81,30.52,77.84
2026-03-21 23:00:00,CP-02,Running,52.23,23.48,6.67,324.5,30.11,64.28
2026-03-22 13:00:00,CP-04,Running,48.45,20.86,6.46,276.65,29.32,58.94
2026-02-20 15:00:00,CP-04,Running,45.53,19.15,6.36,220.9,28.77,48.63
2026-01-12 11:00:00,CP-04,Running,51.33,22.37,6.56,347.6,29.78,64.44
2026-01-17 08:00:00,CP-03,Running,59.01,29.7,6.97,432.9,33.59,84.54
2026-02-17 09:00:00,CP-05,Running,59.85,31.15,7.03,420.81,30.59,82.52
2026-01-04 21:00:00,CP-05,Running,52.29,26.76,6.94,403.83,29.39,74.59
2026-03-13 02:00:00,CP-03,Running,52.04,25.75,7.02,380.2,31.18,76.55
2026-01-11 23:00:00,CP-03,Running,53.52,26.11,6.84,386.34,30.47,69.8
2026-01-18 08:00:00,CP-03,Stopped,30.56,12.86,7.02,34.18,29.05,6.85
2026-03-25 14:00:00,CP-04,Running,46.92,19.95,6.61,260.79,29.79,53.42
2026-03-23 01:00:00,CP-02,Running,50.57,23.06,6.79,360.39,30.45,70.82
2026-01-27 13:00:00,CP-01,Running,50.79,23.72,6.7,330.59,28.76,67.8
2026-03-15 18:00:00,CP-05,Running,50.64,25.85,6.82,383.12,29.41,73.3
2026-01-29 03:00:00,CP-05,Running,51.86,26.82,7.29,414.84,31.46,79.58
2026-01-31 12:00:00,CP-02,Running,49.72,22.46,6.73,359.16,30.58,66.62
2026-02-23 06:00:00,CP-02,Running,52.68,24.08,6.87,356.35,31.28,71.96
2026-01-14 16:00:00,CP-02,Running,42.84,19.01,6.64,316.8,28.68,58.48
2026-01-23 01:00:00,CP-01,Running,54.94,25.72,6.75,346.99,30.78,68.94
2026-01-21 22:00:00,CP-05,Running,53.96,27.33,7.03,348.42,29.77,69.7
2026-02-13 11:00:00,CP-01,Running,52.6,24.57,6.93,358.77,30.82,67.94
2026-01-29 10:00:00,CP-04,Running,48.28,20.86,6.56,331.59,30.68,60.6
2026-03-15 05:00:00,CP-03,Stopped,31.6,13.26,7.04,28.57,29.3,5.7
2026-02-10 21:00:00,CP-02,Running,49.36,22.06,6.53,329.81,28.37,61.65
2026-03-26 19:00:00,CP-05,Running,49.25,24.69,6.87,315.9,27.81,65.11
2026-02-02 00:00:00,CP-03,Running,54.31,26.43,6.89,374.18,30.89,68.83
2026-03-13 17:00:00,CP-01,Running,54.08,25.17,6.74,338.02,28.64,66.31
2026-02-16 09:00:00,CP-05,Stopped,29.58,12.81,7.22,14.54,28.27,3.02
2026-02-04 01:00:00,CP-04,Running,47.91,20.69,6.64,328.95,29.49,60.49
2026-02-11 22:00:00,CP-05,Running,45.46,22.62,6.87,317.54,28.51,61.7
2026-01-29 22:00:00,CP-04,Running,46.24,19.88,6.62,278.72,28.98,58.38
2026-01-04 05:00:00,CP-03,Running,54.25,27.35,6.99,438.58,32.31,85.3
2026-01-20 16:00:00,CP-02,Running,50.73,22.54,6.5,288.37,27.81,59.0
2026-01-26 01:00:00,CP-05,Running,56.18,28.91,7.05,394.76,30.83,77.05
2026-01-11 22:00:00,CP-04,Running,47.32,20.22,6.4,295.35,30.09,55.67
2026-03-19 20:00:00,CP-05,Running,53.4,27.0,7.01,344.4,28.51,68.97
2026-01-18 17:00:00,CP-01,Running,45.97,20.87,6.67,271.79,26.57,55.16
2026-02-20 07:00:00,CP-01,Running,57.63,27.81,6.89,416.17,32.38,83.17
2026-01-01 12:00:00,CP-02,Running,51.31,23.14,6.73,328.61,31.19,65.81
2026-01-27 19:00:00,CP-02,Running,46.62,20.55,6.63,268.74,27.45,55.6
2026-03-10 01:00:00,CP-02,Running,48.1,21.8,6.79,370.19,29.36,68.12
2026-01-09 11:00:00,CP-02,Running,54.1,24.48,6.51,346.84,30.5,67.37
2026-01-25 22:00:00,CP-01,Running,51.33,23.91,6.68,333.83,29.59,66.62
2026-03-17 10:00:00,CP-04,Running,50.56,22.35,6.71,371.35,29.83,71.02
2026-03-01 08:00:00,CP-04,Running,52.78,22.96,6.73,325.26,29.83,63.67
2026-03-10 20:00:00,CP-01,Running,49.63,22.54,6.74,296.41,27.84,55.23
2026-01-18 10:00:00,CP-01,Running,56.29,26.89,6.83,391.5,31.8,78.45
2026-02-09 19:00:00,CP-04,Stopped,29.8,11.37,6.36,43.33,25.75,7.95
2026-01-18 03:00:00,CP-04,Stopped,31.86,12.14,6.74,39.53,29.41,7.5
2026-02-03 03:00:00,CP-02,Running,54.02,25.1,6.98,417.04,31.01,79.69
2026-02-03 23:00:00,CP-05,Running,53.17,27.51,6.96,428.54,28.76,79.63
2026-01-31 05:00:00,CP-01,Running,56.65,27.36,6.99,442.73,31.6,83.46
2026-02-21 08:00:00,CP-04,Running,52.41,23.34,6.74,359.19,30.65,74.39
2026-01-30 01:00:00,CP-05,Running,52.8,26.78,6.99,353.11,30.14,70.36
2026-03-06 14:00:00,CP-04,Running,47.19,20.13,6.45,289.31,28.17,54.86
2026-01-21 16:00:00,CP-02,Running,46.67,20.9,6.69,289.19,27.36,62.52
2026-02-09 15:00:00,CP-01,Running,51.38,23.84,6.67,324.19,29.03,64.89
2026-03-01 08:00:00,CP-02,Stopped,28.54,11.12,6.9,18.57,28.5,3.76
2026-01-13 22:00:00,CP-01,Running,51.02,23.38,6.64,305.74,28.8,59.21
2026-02-18 17:00:00,CP-03,Running,48.58,23.56,6.68,340.99,28.28,67.16
2026-01-07 10:00:00,CP-01,Running,51.99,24.43,6.92,385.81,30.56,70.62
2026-02-08 04:00:00,CP-03,Running,53.83,26.78,7.11,420.9,31.77,78.94
2026-01-19 10:00:00,CP-01,Running,52.89,24.84,6.94,327.52,31.85,70.38
2026-03-04 13:00:00,CP-02,Running,52.41,23.8,6.52,344.87,30.33,68.92
2026-01-26 13:00:00,CP-03,Running,51.9,25.14,6.9,331.91,30.31,66.58
2026-02-04 06:00:00,CP-05,Stopped,29.9,12.92,7.1,12.59,27.85,2.28
2026-01-01 02:00:00,CP-05,Running,56.87,29.36,7.03,412.16,31.5,78.77
2026-01-18 00:00:00,CP-03,Running,54.24,26.84,6.96,396.58,30.48,76.57
2026-03-27 05:00:00,CP-05,Running,58.38,30.92,7.16,448.79,32.11,90.77
2026-02-21 12:00:00,CP-02,Running,49.68,22.27,6.66,322.26,29.46,63.04
2026-01-03 00:00:00,CP-02,Running,50.36,23.06,6.67,382.93,29.5,72.89
2026-03-28 10:00:00,CP-03,Running,54.36,27.08,7.02,409.63,32.1,79.63
2026-02-18 05:00:00,CP-03,Running,58.28,28.99,6.94,393.6,32.63,78.81
2026-03-14 20:00:00,CP-02,Running,45.93,20.36,6.65,299.91,28.5,57.95
2026-02-19 07:00:00,CP-01,Running,55.25,26.51,6.96,402.08,32.68,80.41
2026-03-14 16:00:00,CP-02,Running,48.94,21.9,6.56,326.88,28.75,62.32
2026-03-05 15:00:00,CP-04,Running,49.65,21.31,6.58,330.1,28.63,57.58
2026-02-07 14:00:00,CP-01,Running,52.54,24.56,6.78,358.38,29.03,68.38
2026-01-12 10:00:00,CP-04,Running,52.29,23.08,6.7,364.7,31.9,70.38
2026-03-16 07:00:00,CP-02,Running,48.3,21.96,6.84,369.0,31.14,69.43
2026-02-22 23:00:00,CP-04,Running,49.75,21.64,6.63,315.59,28.52,63.8
2026-03-23 15:00:00,CP-02,Running,49.47,21.98,6.55,276.94,29.67,59.11
2026-01-23 07:00:00,CP-03,Running,56.44,28.24,7.11,412.54,31.19,81.68
2026-03-03 17:00:00,CP-05,Running,55.83,28.53,6.79,376.25,28.34,73.81
2026-03-12 13:00:00,CP-05,Running,53.53,27.15,6.95,389.03,28.87,70.44
2026-02-03 11:00:00,CP-03,Running,53.76,26.43,6.96,400.78,32.67,73.39
2026-02-02 17:00:00,CP-01,Running,51.36,23.76,6.62,332.4,27.93,63.54
2026-03-11 09:00:00,CP-05,Running,59.1,31.15,7.17,483.95,32.61,88.41
2026-01-20 11:00:00,CP-02,Running,52.31,23.71,6.74,321.8,29.96,68.17
2026-01-20 16:00:00,CP-03,Running,49.07,23.76,6.79,332.6,28.78,66.47
2026-03-18 12:00:00,CP-04,Running,47.38,20.4,6.62,301.89,28.98,59.16
2026-01-07 08:00:00,CP-02,Running,53.35,24.46,6.69,358.67,31.15,73.36
2026-02-16 13:00:00,CP-04,Running,47.93,20.62,6.52,307.13,29.82,58.74
2026-03-12 17:00:00,CP-04,Stopped,33.7,19.8245,6.4,30.0,26.12,5.79
2026-03-08 16:00:00,CP-01,Running,48.33,22.52,6.66,344.33,28.69,66.89
2026-03-31 14:00:00,CP-03,Running,46.56,22.49,6.88,320.87,28.79,65.46
2026-01-03 09:00:00,CP-01,Running,51.42,24.33,6.88,380.54,31.73,73.95
2026-01-10 08:00:00,CP-05,Running,55.49,28.65,7.06,423.75,30.96,78.61
2026-01-08 07:00:00,CP-01,Running,58.94,28.61,6.95,438.7,34.18,85.95
2026-02-16 20:00:00,CP-05,Running,51.07,25.96,,369.3,28.99,71.42
2026-01-01 01:00:00,CP-03,Running,52.33,25.52,6.9,371.89,29.12,69.74
2026-03-15 04:00:00,CP-01,Running,57.23,26.98,6.99,363.41,31.95,72.2
2026-01-15 08:00:00,CP-05,Running,54.81,28.34,7.06,413.06,31.81,79.43
2026-01-22 01:00:00,CP-04,Running,49.47,21.41,6.52,303.41,28.96,61.43
2026-03-23 13:00:00,CP-05,Running,53.34,27.4,6.97,369.0,29.14,76.25
2026-01-25 21:00:00,CP-01,Running,46.93,21.7,6.67,321.03,27.21,63.21
2026-02-24 09:00:00,CP-03,Running,53.75,26.62,6.93,373.89,30.8,76.87
2026-01-13 08:00:00,CP-03,Running,57.37,28.58,7.1,429.27,32.73,79.63
2026-03-12 04:00:00,CP-03,Running,53.19,26.42,6.97,431.09,31.47,78.29
2026-02-23 10:00:00,CP-04,Running,49.83,21.92,6.74,347.28,30.37,68.87
2026-03-20 05:00:00,CP-01,Running,52.51,25.04,7.08,393.2,30.43,77.46
2026-03-19 21:00:00,CP-04,Running,52.71,22.84,6.53,302.73,30.3,61.97
2026-03-17 11:00:00,CP-02,Running,50.32,22.69,6.85,325.97,31.64,65.65
2026-01-08 21:00:00,CP-01,Running,53.38,25.08,6.73,383.25,29.17,70.74
2026-03-24 15:00:00,CP-01,Stopped,31.34,12.66,6.75,31.67,26.38,6.07
2026-02-23 13:00:00,CP-02,Running,53.14,24.2,6.58,339.61,30.65,70.4
2026-03-18 06:00:00,CP-05,Running,58.77,30.76,7.12,392.06,32.48,85.04
2026-01-12 13:00:00,CP-01,Running,50.1,23.56,6.75,351.55,29.1,71.04
2026-03-13 19:00:00,CP-01,Running,47.34,21.89,6.61,317.91,28.43,63.39
2026-02-24 07:00:00,CP-01,Running,58.98,28.36,6.87,420.46,31.65,81.33
2026-01-31 03:00:00,CP-02,Running,50.32,22.91,6.75,354.94,32.01,70.2
2026-02-26 07:00:00,CP-01,Running,52.23,24.86,6.88,376.96,32.59,76.69
2026-01-18 09:00:00,CP-02,Running,54.2,24.52,6.81,338.03,30.39,67.31
2026-01-18 09:00:00,CP-03,Running,56.79,28.3,7.04,393.61,30.61,79.78
2026-02-06 14:00:00,CP-02,Running,48.7,21.93,6.64,364.81,27.86,65.13
2026-01-20 19:00:00,CP-05,Running,53.57,27.22,6.86,328.67,29.55,71.29
2026-03-23 05:00:00,CP-03,Running,55.16,27.61,6.94,404.93,29.94,81.85
2026-03-07 04:00:00,CP-02,Running,52.29,23.9,6.77,371.49,32.06,71.88
2026-03-07 13:00:00,CP-02,Running,51.7,23.32,6.58,356.43,29.26,65.87
2026-01-19 15:00:00,CP-04,Running,48.62,20.81,6.54,262.96,27.47,56.5
2026-02-22 14:00:00,CP-04,Running,44.82,19.22,6.54,278.29,29.5,57.34
2026-03-14 05:00:00,CP-04,Running,53.24,23.65,6.76,371.17,31.64,73.26
2026-03-11 10:00:00,CP-02,Running,52.4,23.87,6.87,353.72,31.16,70.39
2026-01-22 19:00:00,CP-02,Running,50.08,22.74,6.59,328.93,29.25,68.86
2026-03-31 23:00:00,CP-04,Running,49.47,21.38,6.62,294.33,30.49,60.68
2026-01-21 09:00:00,CP-01,Running,57.19,27.23,6.87,364.69,31.08,76.82
2026-02-17 01:00:00,CP-05,Running,58.76,30.84,6.98,428.71,31.73,86.45
2026-03-05 05:00:00,CP-02,Running,51.49,23.45,6.89,367.16,30.99,70.31
2026-03-29 21:00:00,CP-02,Running,50.02,22.33,6.56,301.37,27.96,61.17
2026-03-03 07:00:00,CP-01,Running,54.16,25.58,6.94,383.48,33.01,72.98
2026-03-05 09:00:00,CP-05,Stopped,27.93,12.09,7.23,14.69,27.5,2.84
2026-01-12 22:00:00,CP-01,Running,49.25,23.04,6.75,365.58,29.64,68.62
2026-03-29 08:00:00,CP-04,Running,51.23,22.37,6.62,338.67,30.02,65.34
2026-01-07 11:00:00,CP-04,Running,49.83,21.64,6.59,347.54,31.09,62.86
2026-01-25 23:00:00,CP-01,Stopped,29.41,11.87,6.92,28.25,27.91,5.61
2026-03-10 04:00:00,CP-02,Running,52.15,23.68,6.9,346.88,30.72,68.92
2026-01-29 14:00:00,CP-01,Running,50.58,23.67,6.71,346.57,28.26,68.91
2026-02-26 06:00:00,CP-04,Running,52.92,23.44,6.64,347.74,31.62,72.04
2026-02-07 08:00:00,CP-03,Running,56.77,28.3,7.08,394.92,31.72,79.97
2026-01-13 15:00:00,CP-05,Running,57.82,29.84,6.97,401.41,29.82,78.51
2026-01-02 20:00:00,CP-02,Running,45.57,20.35,6.51,303.41,28.87,61.4
2026-01-01 03:00:00,CP-05,Stopped,30.52,13.28,7.05,25.08,28.07,4.88
2026-01-11 04:00:00,CP-05,Running,56.01,29.42,7.19,449.01,31.82,86.82
2026-03-26 17:00:00,CP-02,Running,45.96,20.42,6.5,267.7,29.62,59.11
2026-03-16 22:00:00,CP-02,Running,46.35,20.4,6.69,283.54,28.0,54.79
2026-01-01 15:00:00,CP-01,Running,49.95,23.16,6.77,336.25,29.49,64.64
2026-02-21 16:00:00,CP-02,Stopped,31.1,12.21,6.57,33.5,26.78,6.85
2026-03-24 19:00:00,CP-01,Running,48.69,22.34,6.56,310.13,27.9,59.88
2026-03-10 15:00:00,CP-01,Running,48.85,22.78,6.76,350.05,29.39,67.09
2026-03-16 20:00:00,CP-03,Running,52.41,25.75,6.7,360.83,29.75,73.2
2026-03-14 09:00:00,CP-02,Stopped,30.93,12.03,6.87,15.42,27.12,2.93
2026-03-02 09:00:00,CP-01,Running,53.13,24.93,7.1,363.4,31.16,70.09
2026-03-06 08:00:00,CP-04,Running,55.49,24.46,6.74,370.87,31.68,69.79
2026-03-03 19:00:00,CP-05,Running,50.87,25.68,6.72,346.06,27.52,68.27
2026-03-09 21:00:00,CP-01,Running,50.23,23.21,6.79,346.4,28.06,63.09
2026-03-01 18:00:00,CP-03,Running,55.73,27.25,6.67,361.51,28.52,70.99
2026-03-08 08:00:00,CP-04,Running,51.39,22.47,6.82,338.05,30.69,65.98
2026-02-01 01:00:00,CP-04,Running,48.98,21.05,6.6,284.87,29.3,58.35
2026-03-09 00:00:00,CP-01,Running,52.71,24.89,6.69,368.04,29.67,72.93
2026-03-08 15:00:00,CP-02,Running,47.78,21.17,6.67,314.26,28.92,57.9
2026-01-28 18:00:00,CP-05,Running,54.57,27.84,6.95,378.64,29.75,73.1
2026-03-10 13:00:00,CP-03,Running,53.38,26.17,6.79,368.59,28.98,72.12
2026-01-26 00:00:00,CP-03,Running,56.66,27.97,6.9,366.59,29.48,75.38
2026-02-16 06:00:00,CP-01,Running,58.09,28.03,7.16,402.63,32.82,83.11
2026-03-19 22:00:00,CP-05,Running,51.62,26.21,6.97,355.55,29.76,70.86
2026-03-17 04:00:00,CP-03,Running,58.85,29.71,6.88,415.27,32.1,85.91
2026-01-02 02:00:00,CP-01,Running,51.1,24.29,6.89,402.14,31.16,75.97
2026-03-09 03:00:00,CP-01,Running,52.41,24.79,6.81,397.48,30.05,73.73
2026-03-26 15:00:00,CP-04,Running,51.87,22.35,6.33,300.08,28.24,59.28
2026-03-07 21:00:00,CP-03,Running,53.02,25.8,6.66,374.89,29.23,68.73
2026-03-31 05:00:00,CP-03,Running,84.9555,29.57,6.96,417.8,33.21,85.73
2026-03-04 09:00:00,CP-04,Running,49.89,21.9,6.73,346.98,31.34,67.87
2026-01-05 08:00:00,CP-05,Running,55.07,28.81,7.09,454.68,32.16,84.82
2026-03-16 09:00:00,CP-04,Running,51.94,22.6,6.77,341.21,29.83,63.78
2026-02-25 06:00:00,CP-03,Running,55.71,27.65,7.16,397.31,31.55,77.97
2026-01-23 08:00:00,CP-02,Running,51.96,23.59,6.84,354.71,30.94,68.86
2026-02-18 00:00:00,CP-01,Running,50.17,23.27,6.94,320.43,30.91,64.74
2026-03-24 23:00:00,CP-05,Running,52.83,26.72,6.91,362.02,30.48,69.13
2026-01-30 15:00:00,CP-05,Running,52.88,26.7,6.86,354.93,28.58,68.24
2026-01-22 04:00:00,CP-01,Running,47.97,22.42,6.86,326.14,31.83,68.25
2026-01-03 20:00:00,CP-01,Running,50.99,23.52,6.76,323.62,30.37,62.29
2026-03-17 10:00:00,CP-02,Running,49.38,22.2,6.84,334.25,30.34,64.35
2026-01-19 03:00:00,CP-05,Running,54.13,27.91,7.23,372.47,31.65,78.04
2026-03-05 00:00:00,CP-02,Running,51.91,23.33,6.72,346.9,30.13,64.18
2026-02-23 10:00:00,CP-05,Running,54.04,27.97,7.16,391.42,31.77,79.79
2026-02-12 14:00:00,CP-05,Running,56.3,28.8,6.86,403.38,29.19,74.33
2026-01-21 08:00:00,CP-04,Running,50.27,22.03,6.82,318.1,31.21,67.02
2026-02-11 23:00:00,CP-02,Running,51.84,23.2,6.74,345.4,28.73,62.23
2026-01-20 09:00:00,CP-02,Running,52.99,24.37,6.73,385.21,31.8,74.73
2026-01-07 12:00:00,CP-01,Running,48.02,22.49,6.86,344.46,30.97,69.12
2026-03-16 01:00:00,CP-02,Running,52.9,23.95,6.8,334.17,31.2,67.66
2026-03-25 20:00:00,CP-02,Running,49.87,22.07,6.53,290.89,28.22,57.35
2026-03-17 15:00:00,CP-04,Running,46.02,19.47,6.3,243.63,28.2,51.29
2026-03-29 03:00:00,CP-05,Running,56.35,29.37,7.11,436.03,32.01,83.07
2026-03-01 18:00:00,CP-02,Running,43.89,19.27,6.49,278.39,27.78,53.76
2026-03-26 01:00:00,CP-02,Running,52.35,23.83,6.67,329.34,31.13,70.01
2026-01-11 05:00:00,CP-03,Running,56.67,28.48,7.08,448.16,30.24,83.79
2026-03-16 02:00:00,CP-01,Running,57.28,26.91,6.71,370.29,31.39,70.54
2026-01-20 06:00:00,CP-04,Running,53.47,23.82,6.6,351.06,31.11,74.61
2026-03-23 09:00:00,CP-02,Running,53.48,24.5,6.71,346.15,31.7,72.96
2026-03-21 08:00:00,CP-03,Running,58.24,29.41,7.21,425.13,32.47,86.08
2026-02-15 23:00:00,CP-05,Running,55.73,28.65,6.91,382.77,30.43,76.67
2026-03-21 01:00:00,CP-02,Running,50.31,22.87,6.69,324.13,30.19,69.41
2026-01-18 18:00:00,CP-01,Running,49.35,22.76,6.67,301.14,28.01,62.17
2026-02-21 01:00:00,CP-01,Running,55.27,26.22,6.93,375.55,30.93,75.14
2026-01-29 17:00:00,CP-01,Running,54.29,25.22,6.66,357.17,28.75,65.41
2026-01-21 10:00:00,CP-01,Running,55.22,25.88,6.93,360.34,31.48,69.51
2026-02-17 07:00:00,CP-03,Running,55.34,27.84,7.05,416.88,32.29,84.17
2026-01-31 13:00:00,CP-01,Running,51.06,24.14,6.89,364.45,29.2,73.55
2026-03-05 04:00:00,CP-05,Running,54.97,28.51,7.05,428.31,32.48,80.86
2026-02-12 07:00:00,CP-01,Running,51.4,24.38,6.93,378.84,32.16,74.96
2026-02-16 03:00:00,CP-04,Running,48.74,21.57,6.65,360.42,32.93,71.6
2026-03-23 07:00:00,CP-05,Running,58.48,30.77,7.04,420.99,32.2,87.73
2026-03-01 16:00:00,CP-03,Running,50.55,24.62,6.71,355.64,28.14,69.03
2026-03-14 00:00:00,CP-04,Running,45.61,19.62,6.66,299.98,29.8,58.63
2026-01-23 17:00:00,CP-02,Running,45.17,19.87,6.7,267.69,28.78,54.54
2026-01-02 19:00:00,CP-04,Running,45.79,19.49,6.34,295.12,29.03,53.95
2026-01-09 18:00:00,CP-03,Running,49.34,24.04,6.68,372.75,28.46,69.29
2026-03-05 11:00:00,CP-01,Running,52.56,24.55,6.8,354.36,31.38,68.04
2026-03-29 09:00:00,CP-02,Stopped,28.62,11.15,6.67,17.72,28.6,3.61
2026-01-03 18:00:00,CP-03,Running,50.09,24.44,6.6,391.05,26.62,69.85
2026-03-29 05:00:00,CP-03,Stopped,28.43,11.91,7.09,26.74,28.64,5.03
2026-02-22 08:00:00,CP-01,Running,56.51,26.96,6.96,388.11,31.3,77.7
2026-03-07 19:00:00,CP-02,Running,47.91,21.34,6.56,318.6,28.85,60.22
2026-01-08 19:00:00,CP-02,Running,46.46,20.48,6.48,302.0,26.97,55.48
2026-02-04 08:00:00,CP-02,Running,53.93,24.45,6.8,379.69,31.57,68.22
2026-03-20 01:00:00,CP-01,Running,53.53,25.49,6.68,362.04,31.06,76.83
2026-03-04 02:00:00,CP-05,Running,57.35,29.79,6.91,,30.65,81.5
2026-03-10 02:00:00,CP-01,Running,52.92,25.08,6.97,403.0,31.6,74.57
2026-01-23 16:00:00,CP-03,Running,49.92,24.23,6.88,329.7,27.81,67.68
2026-01-18 17:00:00,CP-04,Running,43.54,18.42,6.49,259.07,27.24,51.11
2026-02-02 19:00:00,CP-03,Running,53.4,26.06,6.72,349.17,28.97,70.03
2026-03-01 11:00:00,CP-05,Running,56.14,29.29,7.03,449.03,30.76,83.6
2026-03-21 04:00:00,CP-05,Running,54.72,28.62,7.09,431.73,31.8,84.69
2026-02-11 01:00:00,CP-03,Running,51.69,25.36,6.99,367.55,31.45,72.55
2026-03-12 07:00:00,CP-01,Running,53.39,25.61,6.93,430.74,32.72,80.27
2026-02-24 20:00:00,CP-02,Running,47.24,21.3,6.5,314.44,28.76,65.65
2026-01-25 15:00:00,CP-04,Running,42.23,17.82,6.35,244.58,29.08,50.11
2026-01-28 18:00:00,CP-04,Running,47.26,20.15,6.54,279.58,27.59,54.72
2026-03-16 08:00:00,CP-01,Running,57.64,27.64,6.9,406.59,32.7,80.1
2026-03-10 01:00:00,CP-04,Running,48.37,20.78,6.6,313.98,28.63,58.13
2026-01-18 19:00:00,CP-01,Running,49.56,22.72,6.63,291.25,28.76,59.37
2026-03-21 21:00:00,CP-05,Running,49.74,25.27,6.92,372.85,28.38,71.21
2026-01-05 04:00:00,CP-02,Stopped,26.7,10.42,6.93,23.09,28.26,4.41
2026-01-04 11:00:00,CP-05,Running,55.19,28.65,7.12,443.76,31.01,81.18
2026-01-10 20:00:00,CP-05,Stopped,29.43,12.78,6.72,20.9,26.07,4.13
2026-02-12 00:00:00,CP-02,Running,52.55,23.86,6.7,376.3,29.5,68.96
2026-03-06 22:00:00,CP-01,Running,49.45,23.19,6.74,345.7,29.27,69.86
2026-03-30 15:00:00,CP-05,Running,49.11,24.97,6.88,381.39,27.74,71.42
2026-02-25 08:00:00,CP-04,Running,51.36,22.42,6.89,323.91,30.4,65.32
2026-01-12 15:00:00,CP-02,Running,48.2,21.38,6.47,292.64,29.01,58.33
2026-02-01 03:00:00,CP-05,Running,53.11,27.8,7.01,459.7,33.32,85.13
2026-02-20 03:00:00,CP-04,Running,53.78,23.81,6.79,365.48,30.32,71.74
2026-03-12 08:00:00,CP-04,Running,51.89,22.67,6.68,343.05,31.87,65.7
2026-01-04 08:00:00,CP-04,Running,54.19,24.14,6.54,390.88,31.23,74.63
2026-03-30 10:00:00,CP-02,Running,49.73,22.16,6.88,316.05,29.77,60.46
2026-03-14 07:00:00,CP-03,Running,51.34,25.37,7.12,398.88,32.01,75.93
2026-03-04 19:00:00,CP-03,Running,53.39,25.94,6.77,346.12,,68.1
2026-02-28 20:00:00,CP-05,Running,51.97,26.36,6.99,361.11,28.9,70.32
2026-02-24 07:00:00,CP-02,Running,55.54,25.72,6.81,380.52,32.02,78.04
2026-01-13 18:00:00,CP-02,Running,46.66,20.63,6.6,278.46,28.29,56.8
2026-02-21 06:00:00,CP-05,Running,55.66,28.98,7.12,369.57,31.48,82.68
2026-02-18 13:00:00,CP-03,Running,53.78,26.66,6.76,399.09,28.45,77.28
2026-01-10 06:00:00,CP-04,Running,51.3,22.37,6.73,345.78,29.8,64.86
2026-01-21 00:00:00,CP-01,Running,48.25,22.45,6.86,340.69,29.45,66.26
2026-01-22 06:00:00,CP-01,Running,52.71,25.1,6.96,393.58,31.57,76.88
2026-02-09 23:00:00,CP-03,Running,54.33,26.84,6.85,395.73,30.53,75.65
2026-02-18 04:00:00,CP-01,Running,57.64,28.02,6.89,409.07,33.02,86.61
2026-03-08 13:00:00,CP-04,Running,49.03,21.1,6.56,321.41,30.19,58.89
2026-01-10 12:00:00,CP-02,Running,48.52,21.87,6.63,337.69,31.39,65.53
2026-01-29 06:00:00,CP-04,Running,51.06,22.65,6.68,389.89,33.09,72.62
2026-02-15 15:00:00,CP-03,Running,46.9,22.56,6.61,338.86,28.5,63.34
2026-01-06 20:00:00,CP-04,Running,45.71,19.42,6.48,273.04,28.7,53.17
2026-03-05 15:00:00,CP-02,Running,49.99,22.59,6.66,337.45,28.56,66.75
2026-01-18 20:00:00,CP-01,Running,48.48,22.19,6.69,276.78,28.27,58.79
2026-01-05 12:00:00,CP-02,Running,50.64,23.15,6.56,384.35,30.99,71.98
2026-02-03 07:00:00,CP-01,Running,57.26,27.54,6.97,418.36,31.56,81.57
2026-03-19 00:00:00,CP-05,Running,54.27,27.52,7.04,334.95,31.51,70.33
2026-01-09 16:00:00,CP-02,Running,49.04,21.62,6.63,298.51,27.65,55.63
2026-01-23 08:00:00,CP-04,Running,50.24,21.8,6.72,307.04,31.2,62.5
2026-03-23 00:00:00,CP-03,Running,54.58,27.24,6.85,398.05,31.15,80.51
2026-01-15 08:00:00,CP-03,Running,52.16,25.8,7.06,355.36,31.64,76.24
2026-03-01 10:00:00,CP-01,Running,54.63,25.86,6.77,385.35,29.63,73.98
2026-02-26 11:00:00,CP-05,Running,53.87,27.71,7.14,388.36,30.75,76.89
2026-02-01 11:00:00,CP-01,Running,53.13,25.25,6.8,375.8,31.18,75.89
2026-03-12 19:00:00,CP-04,Running,44.68,18.69,6.49,248.19,27.62,46.31
2026-02-22 02:00:00,CP-04,Running,49.06,21.51,6.57,320.65,30.95,67.39
2026-03-01 22:00:00,CP-01,Running,53.71,25.05,6.73,350.43,28.8,67.27
2026-01-29 17:00:00,CP-04,Running,45.61,19.59,6.39,281.11,28.18,57.92
2026-02-04 13:00:00,CP-03,Running,49.8,24.48,6.96,379.03,29.3,73.3
2026-02-15 08:00:00,CP-03,Running,57.21,28.62,7.06,402.09,32.12,81.63
2026-02-15 14:00:00,CP-04,Stopped,33.62,12.74,6.66,24.51,25.78,5.17
2026-01-25 04:00:00,CP-02,Running,50.29,23.19,6.99,381.04,32.39,76.09
2026-01-06 16:00:00,CP-01,Running,47.27,21.87,6.66,332.66,28.97,63.46
2026-01-30 12:00:00,CP-02,Running,50.56,22.95,6.79,353.46,30.68,68.78
2026-03-27 04:00:00,CP-02,Running,52.84,24.04,6.86,340.84,31.43,69.94
2026-01-26 21:00:00,CP-01,Running,54.61,25.25,6.66,310.13,29.65,63.32
2026-02-13 12:00:00,CP-04,Running,51.36,22.19,6.61,294.38,28.24,60.58
2026-01-31 14:00:00,CP-05,Running,47.34,23.99,6.8,359.5,29.22,70.13
2026-03-15 07:00:00,CP-01,Running,53.31,25.14,6.96,392.28,31.73,72.41
2026-02-01 16:00:00,CP-03,Running,51.87,25.26,6.88,347.91,29.01,69.17
2026-01-08 05:00:00,CP-03,Running,58.75,29.41,7.22,423.59,32.44,81.85
2026-02-20 18:00:00,CP-02,Running,45.84,20.29,6.46,283.93,29.89,57.33
2026-03-22 08:00:00,CP-03,Running,55.01,27.44,7.07,394.14,33.73,80.2
2026-01-20 14:00:00,CP-01,Running,47.47,21.95,6.81,294.05,29.07,63.25
2026-01-31 07:00:00,CP-02,Running,52.13,23.88,6.86,379.27,31.28,72.97
2026-02-18 09:00:00,CP-02,Running,52.86,24.15,6.87,369.36,32.99,71.66
2026-03-30 17:00:00,CP-01,Running,45.43,20.92,6.69,314.54,26.34,61.51
2026-02-15 19:00:00,CP-01,Running,48.4,22.45,6.6,320.14,27.6,64.78
2026-01-05 21:00:00,CP-01,Running,49.67,23.05,6.63,337.18,27.94,64.9
2026-01-31 17:00:00,CP-04,Running,43.43,18.48,6.5,283.54,27.75,53.89
2026-01-08 11:00:00,CP-05,Running,57.34,29.1,7.02,363.0,29.71,70.75
2026-03-08 20:00:00,CP-02,Running,50.53,22.68,6.53,341.78,27.97,63.71
2026-02-06 14:00:00,CP-01,Running,50.96,23.74,6.69,348.77,28.93,66.63
2026-03-11 14:00:00,CP-04,Running,46.8,20.18,6.4,324.78,29.8,59.76
2026-02-02 05:00:00,CP-04,Running,48.83,21.35,6.8,348.52,31.72,66.08
2026-01-19 07:00:00,CP-01,Running,51.59,24.52,6.94,373.64,32.5,76.0
2026-03-22 06:00:00,CP-02,Running,55.82,26.07,6.58,420.0,32.83,82.08
2026-02-01 05:00:00,CP-03,Running,56.48,28.34,7.09,442.67,31.98,82.92
2026-03-28 17:00:00,CP-01,Running,50.5,23.23,6.65,320.94,28.33,61.11
2026-02-10 16:00:00,CP-05,Stopped,31.37,13.59,6.9,17.25,26.51,3.31
2026-01-26 20:00:00,CP-03,Running,49.6,24.13,6.88,346.7,28.9,68.51
2026-01-05 18:00:00,CP-05,Running,55.36,28.28,6.73,393.35,28.17,73.66
2026-03-04 10:00:00,CP-01,Running,51.84,24.46,6.99,380.36,31.24,72.52
2026-03-20 10:00:00,CP-02,Running,51.57,23.44,6.86,350.83,29.59,69.53
2026-03-17 12:00:00,CP-01,Running,48.77,23.19,6.81,387.94,30.85,76.12
2026-03-07 14:00:00,CP-05,Running,52.91,27.19,6.8,400.09,28.2,76.43
2026-01-22 06:00:00,CP-02,Running,56.51,25.94,6.91,360.26,31.83,73.98
2026-03-24 04:00:00,CP-05,Running,53.11,27.49,7.05,362.13,32.47,79.92
2026-03-17 04:00:00,CP-01,Running,55.46,26.39,6.9,392.51,31.52,76.58
2026-03-13 18:00:00,CP-02,Running,49.8,22.19,6.72,315.45,28.05,60.24
2026-02-06 17:00:00,CP-01,Running,51.99,24.18,6.68,347.7,28.06,65.98
2026-01-25 10:00:00,CP-03,Running,55.59,27.77,6.93,391.53,31.56,80.93
2026-01-21 19:00:00,CP-03,Running,54.61,26.86,6.73,368.95,29.44,73.65
2026-02-07 22:00:00,CP-05,Running,51.93,26.37,6.97,410.4,28.89,70.88
2026-02-05 17:00:00,CP-03,Running,49.37,23.63,6.79,322.61,28.56,61.23
2026-02-11 12:00:00,CP-04,Running,49.44,21.52,6.6,333.12,29.24,64.01
2026-02-25 22:00:00,CP-03,Running,48.33,23.44,6.8,348.19,31.14,67.09
2026-01-24 23:00:00,CP-02,Running,50.34,22.65,6.76,322.44,28.98,64.75
2026-02-10 13:00:00,CP-05,Running,49.3,25.07,6.87,363.7,29.91,71.66
2026-02-04 10:00:00,CP-05,Running,55.05,28.75,7.12,432.28,31.92,84.2
2026-01-04 21:00:00,CP-03,Running,51.05,24.89,6.81,366.16,30.33,69.67
2026-01-07 21:00:00,CP-04,Running,45.21,19.14,6.59,272.03,27.58,51.58
2026-03-21 17:00:00,CP-05,Running,49.07,24.55,6.85,315.05,28.84,64.13
2026-01-16 14:00:00,CP-02,Running,48.44,21.82,6.77,335.72,29.39,65.25
2026-03-19 12:00:00,CP-03,Running,53.34,26.15,7.02,376.85,29.35,72.2
2026-03-08 18:00:00,CP-04,Running,43.59,18.57,6.39,288.85,27.24,54.27
2026-01-26 10:00:00,CP-03,Running,50.2,24.49,7.08,329.9,31.77,69.94
2026-03-10 05:00:00,CP-04,Running,52.01,22.92,6.82,364.01,31.27,69.67
2026-01-11 22:00:00,CP-03,Running,51.48,24.93,6.7,348.46,30.11,66.5
2026-02-15 09:00:00,CP-02,Running,54.28,25.34,6.81,404.4,30.93,81.84
2026-02-23 06:00:00,CP-01,Running,53.4,25.55,6.81,396.85,31.84,79.09
2026-03-28 04:00:00,CP-05,Running,57.4,30.3,7.11,425.08,31.55,89.26
2026-03-25 23:00:00,CP-03,Running,50.82,25.17,6.78,380.95,28.27,76.82
2026-02-16 00:00:00,CP-03,Running,53.84,26.32,6.83,355.74,29.73,70.86
2026-02-08 15:00:00,CP-05,Running,50.3,25.52,6.89,373.83,27.2,70.57
2026-02-16 15:00:00,CP-04,Running,47.96,20.48,6.61,283.47,27.81,55.32
2026-03-11 21:00:00,CP-01,Running,54.09,25.16,6.63,351.51,30.62,66.14
2026-02-22 10:00:00,CP-02,Running,53.31,24.25,6.68,354.83,30.52,69.83
2026-03-03 03:00:00,CP-05,Running,57.09,29.65,7.14,428.28,32.43,81.53
2026-02-26 14:00:00,CP-04,Running,45.34,19.25,6.54,264.17,28.91,52.93
2026-02-04 20:00:00,CP-04,Running,41.87,17.74,6.33,278.67,27.89,51.89
2026-03-21 12:00:00,CP-02,Running,50.49,22.56,6.75,301.48,30.64,61.56
2026-03-02 06:00:00,CP-05,Running,59.66,31.41,7.2,465.92,31.73,88.01
2026-02-24 02:00:00,CP-01,Running,55.29,26.11,6.8,357.34,32.22,72.94
2026-01-07 06:00:00,CP-03,Running,58.88,29.35,7.09,389.01,32.34,80.0
2026-03-18 23:00:00,CP-01,Running,50.56,23.82,6.83,348.79,29.39,71.88
2026-01-15 20:00:00,CP-05,Running,49.98,25.11,6.79,331.38,28.44,66.01
2026-02-04 20:00:00,CP-03,Running,50.75,24.74,6.82,364.26,28.83,69.6
2026-03-30 18:00:00,CP-02,Running,47.78,21.47,6.52,313.67,27.76,64.26
2026-01-02 11:00:00,CP-03,Running,55.47,27.69,7.08,424.06,31.11,80.59
2026-03-22 21:00:00,CP-04,Running,45.27,19.4,6.56,275.33,29.95,56.96
2026-03-13 22:00:00,CP-04,Running,46.65,19.87,6.48,306.09,28.87,54.2
2026-03-02 02:00:00,CP-03,Running,57.01,28.71,6.84,461.85,30.69,84.77
2026-02-05 14:00:00,CP-02,Running,47.89,21.62,6.71,342.15,28.11,66.34
2026-03-04 15:00:00,CP-04,Running,48.98,21.21,6.37,319.75,28.01,61.6
2026-01-21 09:00:00,CP-02,Running,54.39,24.99,6.89,371.94,30.91,74.36
2026-01-28 10:00:00,CP-03,Running,54.01,26.77,6.89,386.51,31.62,77.27
2026-01-15 05:00:00,CP-04,Running,51.65,22.88,6.67,350.42,32.35,72.03
2026-03-21 12:00:00,CP-01,Running,52.85,24.93,6.8,353.44,29.46,72.55
2026-03-04 21:00:00,CP-05,Running,49.54,25.09,6.91,365.4,30.5,69.76
2026-03-21 08:00:00,CP-05,Running,59.32,30.94,7.16,385.64,32.57,83.43
2026-02-17 23:00:00,CP-02,Running,50.36,22.59,6.65,292.87,29.5,63.32
2026-03-25 11:00:00,CP-04,Running,49.75,21.31,6.67,258.99,29.82,56.74
2026-02-23 23:00:00,CP-03,Running,54.25,26.96,6.83,386.53,29.69,78.44
2026-02-02 13:00:00,CP-01,Running,47.86,22.33,6.73,365.69,29.42,67.56
2026-01-21 21:00:00,CP-02,Running,51.16,22.93,6.66,297.53,29.22,63.01
2026-03-08 00:00:00,CP-02,Running,53.37,24.5,6.68,392.99,29.72,73.92
2026-01-23 02:00:00,CP-01,Running,52.61,24.9,6.8,377.32,30.59,74.03
2026-01-17 11:00:00,CP-04,Running,46.11,19.74,6.84,282.33,29.99,56.52
2026-03-25 09:00:00,CP-03,Running,56.49,28.22,6.93,394.14,31.48,80.89
2026-03-23 05:00:00,CP-04,Running,48.42,21.21,6.67,318.69,32.06,66.95
2026-03-06 07:00:00,CP-01,Running,56.32,26.88,6.92,394.81,31.47,77.87
2026-03-20 21:00:00,CP-05,Running,53.24,27.42,6.89,354.28,28.04,77.51
2026-01-04 13:00:00,CP-03,Running,56.72,28.2,6.92,410.68,32.05,78.78
2026-02-23 17:00:00,CP-03,Running,48.54,23.36,6.7,309.03,28.54,63.64
2026-02-28 02:00:00,CP-03,Running,55.35,27.43,6.91,384.62,32.22,77.12
2026-03-09 02:00:00,CP-01,Stopped,26.35,10.48,6.95,0.09,26.89,0.02
2026-03-18 23:00:00,CP-05,Running,50.15,25.45,7.08,368.8,30.72,70.73
2026-02-03 12:00:00,CP-05,Running,52.33,26.81,7.05,391.58,32.31,75.08
2026-01-19 00:00:00,CP-02,Running,49.72,22.41,6.7,317.98,28.33,65.63
2026-02-27 01:00:00,CP-03,Running,54.48,26.82,6.9,363.1,29.97,74.13
2026-02-20 06:00:00,CP-01,Running,55.53,26.6,7.05,380.7,32.29,79.71
2026-02-23 17:00:00,CP-04,Running,44.88,19.02,6.4,246.03,26.91,52.02
2026-01-20 08:00:00,CP-04,Running,46.32,20.02,6.74,311.41,30.46,60.79
2026-02-12 08:00:00,CP-03,Running,54.77,27.23,7.05,409.1,31.52,78.64
2026-02-13 07:00:00,CP-05,Running,55.81,29.06,7.16,440.99,31.9,82.59
2026-01-09 09:00:00,CP-01,Running,51.99,24.44,6.78,370.58,32.3,70.87
2026-03-23 18:00:00,CP-01,Running,42.75,19.42,6.64,281.95,28.21,55.36
2026-03-07 17:00:00,CP-05,Running,47.68,23.87,6.98,329.12,28.4,64.39
2026-02-27 19:00:00,CP-05,Running,54.09,27.53,6.89,375.33,29.29,72.01
2026-01-24 17:00:00,CP-01,Running,49.01,22.29,6.68,277.05,27.58,55.93
2026-01-14 03:00:00,CP-05,Running,54.43,28.3,7.21,396.97,33.09,82.0
2026-01-14 05:00:00,CP-04,Running,53.4,23.51,6.66,341.39,32.95,69.25
2026-03-07 11:00:00,CP-02,Running,53.45,24.29,6.79,366.92,30.61,69.3
2026-02-13 01:00:00,CP-03,Running,51.8,25.35,6.73,366.04,30.1,71.28
2026-02-05 06:00:00,CP-02,Running,54.53,25.29,6.8,390.39,34.01,78.85
2026-03-30 13:00:00,CP-01,Running,50.75,23.48,6.67,313.84,29.54,63.51
2026-02-19 10:00:00,CP-02,Running,52.09,23.85,6.7,377.52,30.11,72.7
2026-03-16 05:00:00,CP-05,Running,57.38,30.03,7.05,399.52,33.13,85.05
2026-02-06 01:00:00,CP-02,Running,55.25,25.37,6.81,390.6,30.46,74.06
2026-03-16 19:00:00,CP-04,Running,42.92,17.83,6.4,221.42,27.86,43.32
2026-02-23 00:00:00,CP-01,Running,54.26,25.84,6.79,383.22,30.79,76.86
2026-01-17 17:00:00,CP-05,Running,49.37,24.89,6.83,336.23,28.29,67.61
2026-01-12 23:00:00,CP-01,Running,47.72,22.02,6.89,322.01,30.14,62.44
2026-01-23 15:00:00,CP-01,Running,53.29,24.93,6.69,321.1,30.09,68.71
2026-01-15 16:00:00,CP-03,Running,51.41,25.18,6.81,355.64,30.44,71.68
2026-03-04 20:00:00,CP-05,Running,49.87,24.83,6.75,323.91,28.88,62.01
2026-01-11 13:00:00,CP-03,Running,52.78,25.79,6.84,374.63,30.45,70.56
2026-03-24 05:00:00,CP-04,Running,49.22,21.48,6.57,324.84,32.12,65.11
2026-03-26 17:00:00,CP-03,Running,52.76,25.61,6.76,332.33,26.63,67.58
2026-01-11 09:00:00,CP-03,Running,57.54,28.83,6.99,422.11,31.83,82.27
2026-02-09 00:00:00,CP-04,Running,47.72,20.41,6.66,291.51,30.57,56.22
2026-01-27 03:00:00,CP-03,Running,56.12,27.96,6.98,401.16,32.85,79.73
2026-02-09 02:00:00,CP-03,Running,53.5,26.72,6.79,432.15,32.46,80.77
2026-01-14 20:00:00,CP-05,Running,53.92,27.49,6.71,381.79,28.88,72.79
2026-01-06 19:00:00,CP-02,Running,47.68,20.84,6.58,276.13,27.13,51.81
2026-03-16 08:00:00,CP-04,Running,51.41,22.83,6.58,376.53,31.79,73.2
2026-01-01 17:00:00,CP-02,Running,44.72,19.76,6.68,281.69,28.84,56.51
2026-03-09 02:00:00,CP-02,Running,54.74,25.43,6.79,414.92,30.51,79.59
2026-02-10 20:00:00,CP-04,Running,47.9,20.71,6.45,311.39,28.8,61.0
2026-03-04 09:00:00,CP-05,Running,60.68,32.21,7.1,475.64,31.87,91.93
2026-01-14 07:00:00,CP-05,Running,57.54,29.9,7.12,439.88,32.42,81.72
2026-01-17 05:00:00,CP-05,Stopped,29.61,12.84,7.12,19.35,29.11,3.75
2026-03-17 21:00:00,CP-05,Running,52.78,26.45,6.98,324.29,29.87,64.89
2026-02-08 23:00:00,CP-04,Running,47.1,20.22,6.64,319.39,29.11,57.68
2026-01-01 07:00:00,CP-04,Running,49.35,21.56,6.73,337.06,29.97,65.64
2026-02-05 23:00:00,CP-03,Running,52.14,25.2,6.87,335.32,28.11,65.55
2026-02-03 07:00:00,CP-05,Running,55.45,29.03,7.1,464.58,32.0,85.35
2026-02-04 01:00:00,CP-02,Running,50.4,22.94,6.87,368.87,31.24,69.97
2026-03-22 22:00:00,CP-03,Running,52.33,25.73,6.95,369.96,30.48,73.5
2026-02-21 00:00:00,CP-04,Running,49.65,21.58,6.63,317.31,29.43,63.23
2026-02-14 12:00:00,CP-02,Running,50.49,22.62,6.75,311.66,30.01,62.81
2026-03-10 23:00:00,CP-04,Running,46.34,19.91,6.58,288.24,29.67,58.04
2026-02-02 11:00:00,CP-01,Running,55.1,26.18,6.82,406.66,29.86,75.9
2026-02-15 10:00:00,CP-04,Running,53.58,23.35,6.62,344.88,30.96,64.58
2026-03-08 13:00:00,CP-02,Running,46.26,20.72,6.57,339.97,27.8,62.85
2026-02-17 07:00:00,CP-02,Stopped,28.58,11.25,6.73,37.39,28.61,7.94
2026-01-15 19:00:00,CP-03,Running,53.09,25.8,6.82,347.87,28.94,68.19
2026-02-19 07:00:00,CP-04,Running,50.51,22.04,6.87,302.15,30.22,65.11
2026-01-11 15:00:00,CP-01,Running,48.91,22.48,6.69,307.47,28.11,60.65
2026-02-23 01:00:00,CP-01,Running,51.37,24.17,6.86,349.12,30.63,71.2
2026-01-18 22:00:00,CP-01,Running,50.65,23.62,6.73,357.09,29.16,67.17
2026-02-27 13:00:00,CP-04,Running,48.87,21.21,6.47,308.45,29.14,62.6
2026-03-11 04:00:00,CP-01,Running,55.47,26.7,6.9,426.94,32.91,81.92
2026-02-21 00:00:00,CP-01,Running,52.01,24.23,6.85,329.53,31.36,66.7
2026-02-06 14:00:00,CP-04,Running,48.47,21.12,6.55,336.74,29.79,64.37
2026-03-10 00:00:00,CP-02,Running,50.29,22.45,6.75,343.14,28.79,61.14
2026-03-30 08:00:00,CP-01,Running,53.88,25.67,6.85,373.28,32.61,77.1
2026-01-13 18:00:00,CP-05,Running,50.78,25.66,6.96,376.83,27.36,68.77
2026-01-09 16:00:00,CP-01,Stopped,32.45,13.07,6.64,26.32,24.85,4.97
2026-03-04 10:00:00,CP-02,Running,50.59,22.92,6.7,336.27,30.31,67.86
2026-03-18 11:00:00,CP-02,Running,51.22,23.18,6.75,353.6,29.26,67.34
2026-01-18 08:00:00,CP-02,Running,57.69,26.88,6.66,420.03,31.59,80.86
2026-02-22 03:00:00,CP-03,Running,52.7,26.24,6.99,383.66,31.62,79.47
2026-01-14 10:00:00,CP-05,Running,53.0,27.47,7.13,429.85,31.27,80.47
2026-02-04 18:00:00,CP-01,Running,49.44,22.54,6.66,288.6,27.37,57.02
2026-01-02 07:00:00,CP-02,Running,53.22,24.56,7.02,399.2,32.31,76.31
2026-02-15 14:00:00,CP-05,Running,53.11,26.89,6.9,341.88,29.76,69.66
2026-02-09 06:00:00,CP-05,Running,55.14,28.77,7.14,427.48,32.73,83.65
2026-01-10 14:00:00,CP-05,Running,53.3,27.29,7.04,409.4,31.01,74.84
2026-03-20 15:00:00,CP-02,Running,49.44,22.26,6.7,292.97,27.94,65.03
2026-01-31 16:00:00,CP-03,Running,47.38,22.74,6.77,335.43,28.51,62.45
2026-01-03 03:00:00,CP-02,Stopped,28.08,11.0,6.92,30.17,27.97,6.09
2026-02-25 02:00:00,CP-03,Running,55.81,27.77,7.03,386.57,31.12,79.14
2026-01-05 03:00:00,CP-03,Running,55.25,27.47,6.93,405.1,31.45,78.61
2026-02-23 22:00:00,CP-03,Running,51.66,25.15,6.91,335.5,29.25,68.92
2026-03-21 18:00:00,CP-05,Running,48.93,24.73,6.83,338.19,28.38,68.88
2026-01-22 18:00:00,CP-01,Running,50.39,23.23,6.79,313.7,27.73,62.0
2026-02-18 13:00:00,CP-02,Running,44.25,19.73,6.65,296.72,30.49,60.77
2026-03-26 11:00:00,CP-01,Running,56.44,27.25,6.72,400.63,31.02,83.36
2026-02-20 05:00:00,CP-05,Running,60.4,31.94,7.28,473.07,32.19,90.09
2026-02-25 10:00:00,CP-04,Running,49.02,21.2,6.82,321.33,30.11,60.96
2026-02-22 01:00:00,CP-02,Running,50.96,23.17,6.55,334.97,29.15,69.54
2026-01-14 04:00:00,CP-01,Running,55.08,26.14,6.82,372.22,31.1,75.19
2026-01-30 21:00:00,CP-02,Running,49.98,22.21,6.49,299.71,29.05,59.03
2026-01-08 08:00:00,CP-02,Running,51.2,23.25,6.83,347.65,31.82,68.95
2026-03-19 13:00:00,CP-03,Running,53.28,26.01,6.79,344.96,29.8,70.08
2026-03-13 04:00:00,CP-03,Running,51.51,26.03,7.04,446.41,32.21,86.43
2026-03-27 09:00:00,CP-02,Running,53.61,24.48,6.86,371.61,30.27,71.54
2026-03-12 19:00:00,CP-01,Running,48.01,21.85,6.66,302.47,27.98,56.07
2026-02-08 15:00:00,CP-04,Running,49.48,21.06,6.34,280.79,29.14,53.9
2026-01-19 08:00:00,CP-05,Running,56.12,29.15,7.06,431.22,32.49,81.49
2026-02-28 10:00:00,CP-04,Running,53.36,23.19,6.71,311.79,29.13,63.28
2026-03-25 09:00:00,CP-02,Running,54.36,24.9,6.97,352.75,29.76,72.91
2026-01-09 22:00:00,CP-05,Running,48.95,24.66,7.01,356.22,27.83,67.22
2026-01-22 21:00:00,CP-04,Running,48.58,20.74,6.44,263.42,27.7,55.41
2026-01-18 06:00:00,CP-03,Running,55.85,27.87,7.11,400.93,31.78,80.34
2026-01-09 20:00:00,CP-04,Running,43.49,18.39,6.56,274.07,27.99,51.08
2026-03-19 03:00:00,CP-02,Running,50.56,22.9,6.76,346.65,33.36,67.85
2026-01-30 19:00:00,CP-03,Running,51.83,25.0,6.7,327.79,28.68,64.71
2026-03-26 13:00:00,CP-03,Running,53.74,26.33,7.05,355.94,30.08,71.76
2026-03-31 10:00:00,CP-05,Running,52.76,26.83,7.03,352.52,32.11,71.51
2026-02-01 20:00:00,CP-04,Running,44.63,18.97,6.63,276.55,26.79,53.24
2026-02-04 00:00:00,CP-01,Running,54.58,25.36,6.75,328.72,28.86,65.56
2026-01-31 07:00:00,CP-03,Running,53.99,26.91,7.09,436.85,31.47,79.93
2026-03-25 18:00:00,CP-03,Stopped,25.81,10.86,6.68,31.61,26.69,6.65
2026-02-04 05:00:00,CP-02,Running,53.55,24.71,6.89,417.47,29.97,76.33
2026-03-27 03:00:00,CP-03,Stopped,31.65,13.15,6.97,8.18,28.53,1.71
2026-02-18 08:00:00,CP-03,Running,53.77,27.05,7.1,425.88,31.36,84.25
2026-02-10 22:00:00,CP-03,Running,47.28,22.5,6.74,303.51,,58.64
2026-03-03 21:00:00,CP-04,Running,45.49,19.36,6.66,274.4,29.99,53.87
2026-03-23 15:00:00,CP-01,Stopped,28.96,11.67,6.74,25.22,26.41,5.22
2026-01-12 17:00:00,CP-01,Running,49.69,23.21,6.7,362.73,27.83,67.96
2026-03-08 23:00:00,CP-03,Running,53.76,26.44,6.88,397.23,29.36,73.71
2026-02-03 15:00:00,CP-04,Running,46.19,19.66,6.46,283.99,28.0,54.03
2026-03-28 03:00:00,CP-01,Running,54.3,25.7,6.92,397.33,31.61,73.96
2026-01-28 03:00:00,CP-01,Running,55.61,26.31,6.95,348.97,31.76,73.81
2026-02-26 08:00:00,CP-01,Running,53.57,25.49,6.83,379.29,31.89,76.43
2026-02-11 10:00:00,CP-01,Running,50.24,23.63,6.92,361.36,31.77,71.16
2026-03-08 01:00:00,CP-05,Running,57.15,29.92,7.12,460.01,30.88,85.28
2026-03-15 23:00:00,CP-01,Running,52.43,24.62,6.83,366.21,28.2,70.39
2026-01-26 05:00:00,CP-02,Running,52.93,24.43,6.81,401.07,31.79,76.53
2026-01-26 10:00:00,CP-05,Running,53.52,27.8,7.15,402.33,31.71,81.58
2026-01-27 01:00:00,CP-05,Running,49.18,25.03,7.02,386.71,29.91,72.01
2026-02-19 08:00:00,CP-02,Running,49.08,22.42,6.71,319.45,32.4,71.67
2026-02-28 02:00:00,CP-05,Running,56.06,28.98,7.1,398.15,31.5,79.17
2026-02-13 00:00:00,CP-03,Running,52.19,25.6,6.93,386.77,28.81,72.52
2026-02-22 11:00:00,CP-02,Running,49.34,22.44,6.6,356.66,30.51,69.64
2026-03-13 11:00:00,CP-02,Running,47.66,21.44,6.88,344.02,29.83,64.77
2026-01-03 09:00:00,CP-02,Running,55.6,25.85,6.72,419.9,32.07,79.91
2026-02-02 10:00:00,CP-01,Running,55.05,26.27,6.89,411.02,30.56,77.78
2026-03-21 14:00:00,CP-04,Stopped,28.02,10.6,6.63,23.2,26.08,4.71
2026-03-19 08:00:00,CP-02,Running,54.54,24.81,6.87,350.0,31.61,69.71
2026-03-11 02:00:00,CP-01,Running,51.61,24.16,6.88,334.53,30.77,68.91
2026-03-20 11:00:00,CP-03,Running,50.69,24.98,6.99,361.68,30.23,74.55
2026-01-12 07:00:00,CP-01,Running,55.6,26.63,6.97,426.66,32.62,79.6
2026-02-07 13:00:00,CP-04,Stopped,29.79,11.22,6.69,14.55,26.89,2.74
2026-01-20 03:00:00,CP-03,Running,57.29,28.76,6.95,420.9,31.83,83.17
2026-02-14 02:00:00,CP-05,Running,57.06,29.38,7.11,383.38,31.87,77.38
2026-01-22 05:00:00,CP-03,Running,52.78,26.41,7.09,408.42,32.2,81.67
2026-03-27 12:00:00,CP-02,Running,54.7,25.11,6.79,378.43,30.51,73.93
2026-02-24 15:00:00,CP-01,Running,49.77,23.06,6.78,315.44,29.96,64.14
2026-02-11 07:00:00,CP-02,Running,49.91,22.71,6.92,358.26,32.24,69.93
2026-01-02 17:00:00,CP-04,Running,46.43,19.94,6.43,286.88,27.58,57.87
2026-01-13 22:00:00,CP-05,Running,57.09,29.45,6.95,416.06,28.98,78.27
2026-02-01 09:00:00,CP-02,Running,52.15,23.77,6.66,381.07,31.99,70.67
2026-01-22 19:00:00,CP-01,Running,47.36,21.43,6.62,261.86,28.24,53.57
2026-03-08 04:00:00,CP-02,Running,51.08,23.3,6.75,371.39,32.27,71.0
2026-02-13 08:00:00,CP-03,Running,55.95,27.83,7.11,412.51,32.32,78.84
2026-03-14 12:00:00,CP-02,Running,52.87,24.0,6.8,356.39,29.24,68.81
2026-01-19 05:00:00,CP-02,Running,58.79,27.48,6.85,388.27,33.11,82.36
2026-02-06 07:00:00,CP-04,Running,50.76,22.13,6.74,336.39,31.66,64.64
2026-02-08 22:00:00,CP-05,Running,54.06,27.5,6.88,400.66,29.72,71.74
2026-02-21 22:00:00,CP-02,Running,48.98,21.8,6.63,291.08,28.4,59.85
2026-01-13 02:00:00,CP-05,Running,55.2,28.37,7.05,407.37,31.87,76.51
2026-02-08 17:00:00,CP-01,Running,49.57,23.01,6.66,340.47,27.95,65.1
2026-02-15 11:00:00,CP-01,Running,54.65,26.14,6.86,402.37,29.3,78.92
2026-01-10 23:00:00,CP-04,Stopped,30.45,11.6,6.72,38.19,26.79,7.36
2026-03-03 23:00:00,CP-05,Running,50.63,25.72,7.12,344.16,31.04,71.07
2026-02-27 08:00:00,CP-01,Running,53.97,25.65,7.0,371.76,32.34,76.0
2026-01-03 18:00:00,CP-04,Running,49.16,20.83,6.47,279.2,28.74,51.86
2026-01-24 02:00:00,CP-05,Running,54.73,28.29,6.98,402.5,30.35,79.27
2026-02-13 11:00:00,CP-04,Running,50.5,21.98,6.6,332.36,30.51,63.9
2026-01-27 03:00:00,CP-05,Running,55.84,28.88,7.19,392.35,30.37,79.44
2026-01-25 01:00:00,CP-04,Running,54.8,23.65,6.64,288.18,30.55,60.01
2026-02-08 20:00:00,CP-03,Running,49.64,23.85,6.68,341.83,28.89,62.9
2026-03-01 22:00:00,CP-03,Running,54.96,27.25,6.96,407.28,30.67,77.37
2026-01-07 20:00:00,CP-01,Running,48.37,22.45,6.6,345.18,29.15,65.06
2026-01-03 01:00:00,CP-04,Running,50.79,22.02,6.62,309.37,30.43,62.19
2026-03-19 15:00:00,CP-03,Running,48.32,23.37,6.66,322.2,29.07,65.93
2026-02-08 11:00:00,CP-01,Running,54.88,25.81,6.82,364.45,32.1,71.08
2026-01-15 09:00:00,CP-05,Running,53.02,27.6,7.07,404.67,31.22,82.56
2026-01-02 19:00:00,CP-02,Running,48.6,21.17,6.59,267.03,27.61,50.3
2026-03-18 17:00:00,CP-04,Running,43.33,18.22,6.47,238.42,28.62,48.57
2026-03-04 05:00:00,CP-03,Running,53.45,26.56,,416.29,31.54,78.47
2026-03-12 15:00:00,CP-04,Running,42.93,18.28,6.51,281.35,27.55,53.97
2026-03-25 12:00:00,CP-02,Running,48.31,21.95,6.42,330.32,29.67,69.21
2026-02-07 01:00:00,CP-04,Running,49.96,21.53,6.75,321.73,28.78,59.53
2026-01-17 18:00:00,CP-01,Running,47.14,21.4,6.48,265.28,27.45,55.07
2026-02-02 03:00:00,CP-05,Running,58.69,30.95,7.12,455.84,32.32,88.79
2026-02-12 20:00:00,CP-01,Running,52.61,24.31,6.73,316.16,28.26,62.97
2026-02-08 20:00:00,CP-05,Running,51.85,26.12,6.99,357.59,29.7,67.36
2026-01-17 00:00:00,CP-05,Running,53.21,27.31,6.89,400.45,29.89,75.91
2026-02-21 09:00:00,CP-04,Running,53.67,23.68,6.71,339.12,31.52,70.13
2026-02-27 16:00:00,CP-02,Running,51.07,22.8,6.7,318.77,27.6,61.25
2026-02-09 13:00:00,CP-04,Running,45.6,19.39,6.61,283.89,30.7,53.55
2026-01-10 14:00:00,CP-02,Running,47.67,21.16,6.62,318.43,29.84,58.7
2026-03-22 10:00:00,CP-03,Running,53.17,26.24,6.9,386.92,31.74,75.31
2026-03-16 06:00:00,CP-03,Running,56.62,28.51,6.94,434.6,32.69,84.69
2026-02-26 00:00:00,CP-02,Running,50.73,22.67,6.58,311.75,30.71,61.77
2026-02-02 01:00:00,CP-03,Running,53.67,26.51,6.9,383.71,29.5,75.55
2026-01-27 04:00:00,CP-04,Running,49.4,21.78,6.59,353.75,32.85,69.87
2026-03-01 16:00:00,CP-02,Running,47.43,21.19,6.63,311.03,29.74,61.66
2026-01-24 14:00:00,CP-04,Running,45.96,19.5,6.49,262.88,27.51,52.61
2026-03-08 16:00:00,CP-04,Running,45.57,19.47,6.43,283.72,28.55,55.64
2026-03-29 09:00:00,CP-05,Running,56.3,29.15,7.09,399.7,30.58,79.97
2026-03-05 10:00:00,CP-05,Stopped,29.3,12.71,7.16,17.29,27.61,3.59
2026-01-14 23:00:00,CP-04,Running,46.38,19.89,6.52,276.97,29.61,57.24
2026-02-21 07:00:00,CP-03,Running,55.93,28.03,7.06,405.59,31.06,82.42
2026-03-22 22:00:00,CP-02,Running,45.84,20.51,6.48,304.58,28.78,62.15
2026-02-28 00:00:00,CP-05,Running,58.73,30.51,7.09,400.52,31.04,81.52
2026-03-13 08:00:00,CP-01,Running,53.78,25.77,7.01,418.12,32.21,79.68
2026-02-01 17:00:00,CP-02,Running,47.94,21.27,6.51,290.19,29.73,58.33
2026-01-13 20:00:00,CP-01,Running,47.13,21.64,6.66,293.19,28.25,60.15
2026-01-16 06:00:00,CP-04,Running,52.46,23.15,6.6,353.1,32.54,70.21
2026-01-05 02:00:00,CP-03,Running,53.53,26.62,6.89,402.92,31.65,78.87
2026-01-14 17:00:00,CP-05,Running,51.94,26.29,6.94,365.3,29.89,69.39
2026-01-31 14:00:00,CP-03,Running,48.47,23.71,6.8,368.63,31.34,71.2
2026-03-25 01:00:00,CP-03,Running,55.26,27.62,6.91,393.33,30.81,81.11
2026-01-08 02:00:00,CP-02,Running,47.63,21.41,6.95,355.84,31.28,64.4
2026-03-22 03:00:00,CP-02,Running,52.02,23.81,6.71,386.03,31.06,72.61
2026-03-08 02:00:00,CP-02,Running,47.98,21.73,6.82,359.6,31.53,67.88
2026-03-11 13:00:00,CP-01,Running,47.11,21.91,6.73,342.4,29.87,66.02
2026-01-11 03:00:00,CP-02,Running,51.86,23.29,6.86,319.67,31.52,63.94
2026-03-15 17:00:00,CP-05,Running,45.63,22.68,6.83,306.57,29.31,61.16
2026-02-15 00:00:00,CP-01,Running,52.57,24.76,6.92,340.84,30.79,71.69
2026-03-12 08:00:00,CP-05,Running,62.4,32.78,7.21,451.28,33.02,86.82
2026-01-19 04:00:00,CP-01,Running,55.93,26.42,6.79,355.66,30.6,73.09
2026-01-17 23:00:00,CP-04,Running,44.74,19.26,6.56,298.16,29.68,59.0
2026-01-08 23:00:00,CP-03,Running,52.62,25.94,6.83,400.75,30.05,74.69
2026-03-10 11:00:00,CP-03,Running,52.97,26.15,6.83,402.87,31.64,75.28
2026-03-12 03:00:00,CP-04,Running,55.03,23.98,6.66,328.44,31.08,64.54
2026-03-12 05:00:00,CP-04,Running,51.49,22.56,6.72,355.91,32.09,66.94
2026-03-25 00:00:00,CP-02,Running,50.93,23.01,6.8,325.56,28.95,66.65
2026-01-01 08:00:00,CP-05,Running,56.52,29.66,7.26,420.86,33.2,86.44
2026-03-05 03:00:00,CP-03,Running,54.96,26.96,6.98,361.81,31.52,72.33
2026-02-27 15:00:00,CP-01,Running,45.49,21.05,6.63,322.6,29.14,63.64
2026-03-08 17:00:00,CP-03,Running,47.45,22.77,6.8,335.93,27.84,62.41
2026-03-21 22:00:00,CP-04,Running,47.3,20.4,6.46,282.37,28.91,59.91
2026-01-06 09:00:00,CP-04,Running,48.18,21.15,6.71,362.83,31.35,67.95
2026-03-22 18:00:00,CP-04,Running,44.49,18.93,6.33,265.41,27.72,53.87
2026-02-20 11:00:00,CP-05,Running,56.32,28.93,7.12,367.65,30.07,76.39
2026-03-16 13:00:00,CP-03,Running,53.17,26.04,6.83,368.95,29.25,71.64
2026-03-23 19:00:00,CP-03,Running,53.35,25.96,6.74,335.06,28.67,68.74
2026-02-23 09:00:00,CP-03,Running,55.62,27.5,6.98,368.52,32.04,76.13
2026-02-21 12:00:00,CP-03,Running,53.02,26.33,6.94,383.73,30.13,78.06
2026-03-25 07:00:00,CP-03,Running,59.35,30.08,7.01,447.16,32.17,87.75
2026-03-21 22:00:00,CP-05,Running,53.23,26.91,7.01,328.52,29.99,68.92
2026-02-20 10:00:00,CP-01,Running,51.78,24.59,6.8,383.51,31.86,75.71
2026-01-15 04:00:00,CP-05,Running,54.72,28.49,7.06,407.07,33.17,82.66
2026-02-26 05:00:00,CP-02,Stopped,27.71,10.73,6.98,7.76,28.97,1.59
2026-03-24 07:00:00,CP-02,Running,53.95,25.1,6.79,400.56,32.24,80.27
2026-01-20 20:00:00,CP-03,Running,50.08,24.08,6.79,320.69,28.29,63.19
2026-03-26 16:00:00,CP-05,Running,53.8,27.46,6.86,370.48,29.95,73.4
2026-02-15 11:00:00,CP-03,Running,52.12,25.74,6.83,373.63,31.38,75.45
2026-02-18 20:00:00,CP-02,Running,47.57,21.01,6.64,279.59,27.97,56.27
2026-03-20 01:00:00,CP-05,Running,54.19,28.15,7.03,366.16,30.71,81.63
2026-02-09 22:00:00,CP-05,Running,51.6,26.38,7.02,399.9,30.83,74.08
2026-03-29 01:00:00,CP-04,Running,49.08,21.13,6.67,308.9,31.03,58.95
2026-03-18 04:00:00,CP-03,Running,55.34,27.7,6.95,426.12,32.25,81.86
2026-03-13 16:00:00,CP-03,Running,51.16,25.12,6.8,373.45,27.72,72.91
2026-03-27 11:00:00,CP-05,Running,55.41,28.62,7.05,397.47,33.55,78.88
2026-03-02 05:00:00,CP-01,Running,50.98,24.32,6.83,402.51,32.64,77.67
2026-02-03 17:00:00,CP-01,Running,46.94,21.46,6.55,319.28,28.45,58.22
2026-02-05 08:00:00,CP-03,Running,54.35,27.26,7.07,433.86,33.28,82.75
2026-01-23 16:00:00,CP-02,Running,45.14,19.94,6.7,288.48,29.42,56.48
2026-02-16 19:00:00,CP-02,Running,46.75,20.89,6.61,292.44,27.62,61.57
2026-03-08 14:00:00,CP-01,Running,48.21,22.23,6.69,328.26,28.95,62.06
2026-03-24 22:00:00,CP-01,Running,51.59,23.97,6.49,302.05,30.96,65.53
2026-01-17 12:00:00,CP-01,Running,50.38,23.47,6.82,338.64,30.21,66.78
2026-01-30 11:00:00,CP-02,Running,52.04,23.65,6.82,352.38,30.58,69.44
2026-03-10 12:00:00,CP-01,Running,49.76,23.42,6.68,397.7,29.54,71.41
2026-03-26 21:00:00,CP-01,Running,50.49,23.54,6.78,332.1,28.72,67.04
2026-02-20 22:00:00,CP-03,Running,52.38,25.94,6.72,363.62,30.2,76.84
2026-03-25 14:00:00,CP-03,Running,52.37,25.77,6.7,354.24,29.46,73.75
2026-03-22 21:00:00,CP-05,Running,53.75,27.68,6.87,374.95,28.52,77.48
2026-03-25 12:00:00,CP-05,Running,56.11,29.18,7.05,395.2,30.93,82.01
2026-03-05 16:00:00,CP-01,Running,43.35,19.8,6.61,320.29,27.95,57.81
2026-02-12 01:00:00,CP-02,Running,54.89,25.16,6.77,381.89,30.45,73.23
2026-03-16 13:00:00,CP-02,Running,51.38,23.03,6.59,326.35,27.98,63.0
2026-01-07 18:00:00,CP-04,Running,46.09,19.49,6.44,285.74,27.03,51.05
2026-01-27 17:00:00,CP-01,Running,48.43,22.73,6.56,351.23,27.53,70.22
2026-03-24 14:00:00,CP-01,Running,49.36,22.74,6.69,298.31,30.38,61.59
2026-03-28 11:00:00,CP-05,Running,52.12,26.93,7.02,397.75,29.54,79.11
2026-03-12 13:00:00,CP-03,Running,52.18,25.53,6.8,374.53,29.21,71.19
2026-02-14 06:00:00,CP-05,Running,62.0,32.93,7.05,445.47,31.8,92.17
2026-02-11 04:00:00,CP-04,Running,48.68,21.05,6.73,299.48,31.55,61.01
2026-02-09 19:00:00,CP-03,Running,56.11,27.22,6.8,340.83,29.42,67.38
2026-02-27 06:00:00,CP-02,Running,53.48,24.22,6.79,331.09,32.31,67.72
2026-02-05 17:00:00,CP-04,Running,48.47,20.59,6.49,275.25,27.88,53.11
2026-01-23 17:00:00,CP-03,Running,51.48,24.8,6.71,323.69,27.91,64.22
2026-01-20 13:00:00,CP-05,Running,51.43,26.1,7.15,338.54,29.75,70.6
2026-03-15 11:00:00,CP-05,Running,54.73,28.09,6.93,385.27,31.54,75.96
2026-01-06 22:00:00,CP-04,Running,46.43,19.95,6.34,302.8,28.84,58.25
2026-02-19 18:00:00,CP-05,Running,52.86,26.74,6.84,326.55,27.68,69.28
2026-01-07 13:00:00,CP-05,Running,52.97,27.19,7.04,415.34,29.16,75.88
2026-03-12 19:00:00,CP-03,Running,49.24,23.75,6.89,317.47,29.34,64.68
2026-01-24 00:00:00,CP-01,Running,52.15,24.2,6.84,317.93,29.53,64.92
2026-01-24 15:00:00,CP-01,Running,51.12,23.8,6.7,321.07,27.76,66.43
2026-02-08 04:00:00,CP-01,Running,53.77,25.2,6.96,380.49,31.3,69.48
2026-01-30 23:00:00,CP-05,Running,52.84,27.2,7.09,408.55,28.05,77.21
2026-03-30 18:00:00,CP-04,Running,45.55,19.29,6.61,267.87,28.02,51.57
2026-02-07 10:00:00,CP-04,Running,49.21,21.45,6.62,356.12,30.15,64.69
2026-03-14 18:00:00,CP-05,Running,56.12,28.85,6.77,393.27,29.24,76.61
2026-03-18 15:00:00,CP-02,Running,44.14,19.4,6.47,271.97,28.69,54.15
2026-02-25 10:00:00,CP-05,Running,56.37,29.56,6.95,427.99,30.51,86.13
2026-01-06 13:00:00,CP-02,Running,51.27,22.81,6.66,319.5,29.41,59.68
2026-01-06 13:00:00,CP-01,Stopped,28.69,11.56,6.71,24.58,26.62,4.88
2026-01-27 09:00:00,CP-02,Running,50.52,23.05,6.87,363.04,32.33,71.15
2026-01-06 02:00:00,CP-02,Running,49.86,22.43,6.83,332.1,30.53,64.57
2026-01-08 18:00:00,CP-03,Running,49.38,23.74,6.8,342.96,27.56,63.16
2026-01-30 03:00:00,CP-04,Running,50.24,22.26,6.53,360.81,31.54,72.19
2026-03-19 09:00:00,CP-05,Running,56.83,29.87,7.08,444.44,30.86,87.2
2026-02-11 03:00:00,CP-02,Running,52.22,23.98,6.59,385.15,32.67,74.23
2026-02-12 22:00:00,CP-05,Running,50.17,25.27,6.92,351.61,30.7,67.2
2026-02-19 17:00:00,CP-04,Running,45.71,19.25,6.47,236.3,27.4,49.35
2026-01-09 14:00:00,CP-04,Running,43.09,18.36,6.41,282.55,28.26,54.48
2026-01-08 14:00:00,CP-03,Running,50.14,24.49,6.89,382.87,29.64,70.32
2026-01-27 23:00:00,CP-02,Running,46.8,20.66,6.62,293.01,29.18,56.24
2026-01-02 09:00:00,CP-05,Running,56.55,29.61,7.1,433.57,31.58,85.36
2026-03-15 12:00:00,CP-05,Running,52.14,26.41,6.96,349.36,30.11,69.81
2026-02-19 06:00:00,CP-05,Running,56.91,29.7,7.16,384.59,32.6,83.79
2026-02-02 20:00:00,CP-04,Stopped,34.12,12.99,6.38,37.6,25.75,7.18
2026-01-11 08:00:00,CP-03,Running,57.73,29.15,7.08,447.45,31.42,85.98
2026-02-13 11:00:00,CP-02,Running,52.59,23.91,6.62,356.71,30.46,69.53
2026-02-18 23:00:00,CP-04,Running,44.33,18.53,6.58,227.7,28.28,46.04
2026-03-11 14:00:00,CP-01,Stopped,26.5,10.75,6.6,39.66,25.75,7.56
2026-01-03 08:00:00,CP-02,Running,52.43,24.01,6.9,378.98,34.13,72.8
2026-03-31 20:00:00,CP-04,Running,46.2,19.44,6.64,242.22,27.42,48.77
2026-02-15 06:00:00,CP-02,Running,52.79,24.47,6.8,408.87,32.12,78.47
2026-03-11 00:00:00,CP-04,Running,47.03,20.27,6.58,299.09,29.14,59.41
2026-03-20 14:00:00,CP-02,Running,48.15,21.2,6.67,265.52,28.32,55.05
2026-01-30 21:00:00,CP-05,Running,53.27,26.96,6.86,363.4,29.51,69.46
2026-03-08 12:00:00,CP-02,Running,49.7,22.35,6.77,346.45,31.8,64.56
2026-01-22 22:00:00,CP-04,Running,47.4,20.35,6.56,283.29,29.81,57.88
2026-01-02 01:00:00,CP-04,Running,51.19,22.34,6.58,320.68,29.1,65.14
2026-01-19 12:00:00,CP-05,Running,56.74,29.48,7.0,438.29,29.88,81.71
2026-03-26 23:00:00,CP-03,Running,56.33,27.84,6.85,381.18,29.82,75.97
2026-03-22 21:00:00,CP-01,Running,49.83,23.26,6.72,330.43,28.91,67.7
2026-01-31 10:00:00,CP-05,Running,55.62,28.84,7.08,421.39,31.09,80.76
2026-03-16 23:00:00,CP-05,Running,56.74,29.06,6.8,377.52,31.29,74.97
2026-02-07 13:00:00,CP-05,Stopped,28.74,12.37,6.99,3.5,25.88,0.62
2026-02-24 13:00:00,CP-04,Running,46.03,19.63,6.59,270.88,29.01,54.72
2026-03-06 06:00:00,CP-03,Running,56.48,28.13,7.02,425.04,33.12,79.61
2026-01-13 09:00:00,CP-01,Running,51.52,24.44,6.98,393.77,32.54,75.11
2026-02-13 01:00:00,CP-01,Running,52.72,24.83,6.72,379.93,30.64,71.8
2026-01-08 20:00:00,CP-02,Running,43.89,19.57,6.6,318.05,27.4,60.6
2026-02-05 05:00:00,CP-03,Running,56.17,27.89,6.93,414.97,31.59,78.06
2026-01-28 16:00:00,CP-04,Running,45.95,19.55,6.47,268.38,28.66,53.76
2026-02-06 03:00:00,CP-05,Running,57.11,29.55,6.98,394.7,31.57,79.64
2026-01-21 12:00:00,CP-03,Running,52.39,25.94,6.98,371.08,30.41,76.75
2026-01-24 20:00:00,CP-01,Running,50.95,23.6,6.64,304.81,27.91,64.06
2026-03-19 15:00:00,CP-04,Running,44.59,18.87,6.45,256.53,29.34,51.43
2026-02-02 05:00:00,CP-05,Running,56.31,29.62,7.08,430.23,32.51,87.49
2026-01-22 10:00:00,CP-03,Running,57.97,28.88,6.86,404.53,31.58,79.59
2026-02-17 21:00:00,CP-04,Running,45.17,19.22,6.48,261.09,27.83,53.87
2026-02-28 11:00:00,CP-05,Running,54.13,27.87,7.06,374.23,29.87,77.37
2026-03-10 09:00:00,CP-01,Running,53.37,25.59,6.96,431.88,30.44,80.09
2026-03-31 01:00:00,CP-02,Running,50.71,22.94,6.91,328.51,30.72,67.32
2026-01-11 02:00:00,CP-02,Running,50.01,22.38,6.84,322.41,29.34,62.29
2026-02-10 12:00:00,CP-02,Running,50.22,22.59,6.65,338.77,31.0,64.66
2026-03-09 07:00:00,CP-01,Running,50.8,23.99,6.88,390.35,32.09,72.92
2026-01-16 05:00:00,CP-05,Running,52.51,27.43,7.11,403.86,31.35,84.21
2026-03-19 15:00:00,CP-01,Running,51.14,23.9,6.78,352.47,28.66,68.15
2026-02-06 03:00:00,CP-03,Stopped,28.58,11.85,6.9,4.65,27.71,0.91
2026-01-19 11:00:00,CP-02,Running,51.37,23.04,6.69,311.81,30.1,63.37
2026-03-24 00:00:00,CP-05,Running,48.74,24.69,6.97,329.01,30.33,69.92
2026-03-18 22:00:00,CP-04,Running,48.48,21.1,6.54,304.39,29.27,63.87
2026-02-20 19:00:00,CP-05,Running,53.92,27.36,6.8,330.69,29.14,70.62
2026-03-15 00:00:00,CP-05,Running,54.99,28.45,6.95,393.79,29.81,79.6
2026-03-21 15:00:00,CP-01,Running,48.84,22.54,6.57,288.93,28.93,62.43
2026-02-03 08:00:00,CP-02,Running,55.36,25.31,6.81,392.69,32.54,72.09
2026-02-10 02:00:00,CP-05,Running,54.67,28.21,7.03,429.86,30.66,78.41
2026-02-11 15:00:00,CP-03,Running,48.64,23.62,6.84,387.46,29.46,67.74
2026-01-20 01:00:00,CP-02,Running,51.49,23.3,6.83,333.46,29.69,67.34
2026-03-17 09:00:00,CP-02,Running,50.51,22.68,6.77,311.75,29.89,63.69
2026-02-08 01:00:00,CP-02,Running,55.03,25.05,6.9,360.45,31.0,70.19
2026-01-18 06:00:00,CP-02,Running,52.9,24.43,6.86,391.57,32.09,76.73
2026-02-05 04:00:00,CP-03,Running,54.04,26.98,7.02,430.55,32.92,80.68
2026-01-12 09:00:00,CP-01,Running,56.88,27.16,6.92,409.02,30.77,78.24
2026-02-14 21:00:00,CP-02,Running,49.68,21.98,6.62,274.83,28.95,57.17
2026-03-16 06:00:00,CP-02,Running,54.75,25.06,6.81,372.73,31.06,72.62
2026-01-23 13:00:00,CP-01,Running,48.46,22.58,6.84,334.75,29.6,66.88
2026-01-16 15:00:00,CP-05,Running,51.78,26.67,6.95,394.06,29.51,77.58
2026-02-26 20:00:00,CP-02,Running,48.61,21.7,6.54,309.4,28.19,61.05
2026-02-14 01:00:00,CP-01,Running,51.53,24.29,6.85,358.54,29.43,72.06
2026-03-01 04:00:00,CP-02,Running,54.59,24.91,6.9,362.72,31.09,71.24
2026-03-06 00:00:00,CP-05,Running,51.2,26.11,6.94,405.25,29.77,72.88
2026-03-18 21:00:00,CP-03,Stopped,32.14,13.54,6.83,35.65,28.76,7.11
2026-02-07 22:00:00,CP-03,Running,51.27,24.59,6.84,313.54,28.85,62.18
2026-03-02 04:00:00,CP-05,Running,57.81,30.8,7.04,477.5,33.53,93.69
2026-02-25 10:00:00,CP-01,Stopped,29.47,11.87,6.87,26.53,27.49,4.91
2026-01-07 19:00:00,CP-02,Running,50.07,22.6,6.72,364.99,28.34,66.27
2026-01-13 06:00:00,CP-05,Running,59.78,31.6,7.07,452.58,32.31,89.8
2026-01-23 03:00:00,CP-02,Running,47.4,21.78,6.9,361.56,29.79,74.52
2026-01-01 05:00:00,CP-03,Running,56.42,28.29,7.06,437.66,31.19,82.66
2026-03-02 16:00:00,CP-01,Running,53.11,24.79,6.6,345.35,29.96,67.66
2026-03-10 21:00:00,CP-04,Running,46.52,19.98,6.57,304.49,28.98,57.96
2026-03-14 01:00:00,CP-02,Running,51.21,23.15,6.75,337.7,29.59,66.91
2026-02-28 14:00:00,CP-05,Running,55.79,28.72,7.03,364.39,29.33,77.24
2026-03-01 04:00:00,CP-05,Running,56.13,29.52,7.07,465.79,31.64,87.49
2026-01-04 14:00:00,CP-01,Running,49.7,23.01,6.79,326.97,29.76,63.8
2026-01-19 08:00:00,CP-01,Running,50.94,23.67,6.83,339.35,30.06,65.49
2026-02-07 17:00:00,CP-02,Running,49.28,22.03,6.55,350.21,27.24,61.86
2026-01-15 04:00:00,CP-03,Running,53.4,26.6,7.13,429.13,31.07,79.48
2026-03-13 15:00:00,CP-03,Running,51.56,25.12,6.81,371.29,28.19,69.33
2026-03-28 04:00:00,CP-03,Running,54.11,26.93,6.92,385.02,30.25,79.23
2026-03-07 22:00:00,CP-03,Running,56.01,27.35,6.81,379.41,29.57,70.31
2026-01-23 00:00:00,CP-05,Running,57.02,29.46,7.01,391.24,30.2,79.06
2026-03-07 06:00:00,CP-03,Running,56.72,28.58,7.03,438.01,31.71,84.94
2026-03-08 15:00:00,CP-01,Running,49.91,23.32,6.71,381.06,29.76,68.11
2026-02-05 22:00:00,CP-02,Running,50.12,22.49,6.65,343.07,28.06,63.48
2026-02-05 23:00:00,CP-01,Running,50.08,23.21,6.88,343.97,29.7,64.39
2026-02-26 19:00:00,CP-01,Running,48.75,22.38,6.66,283.61,28.16,60.13
2026-02-05 19:00:00,CP-02,Running,49.16,21.72,6.52,298.37,25.84,56.56
2026-01-08 21:00:00,CP-05,Running,49.43,24.85,6.84,342.13,29.61,66.33
2026-03-02 03:00:00,CP-02,Running,54.59,25.15,6.79,404.93,30.17,75.61
2026-03-17 14:00:00,CP-02,Running,50.13,22.33,6.46,299.07,30.28,60.2
2026-01-04 12:00:00,CP-01,Running,50.61,23.43,6.84,334.16,29.57,63.88
2026-03-02 12:00:00,CP-05,Running,48.72,24.56,7.14,363.42,29.85,67.66
2026-01-22 23:00:00,CP-03,Running,55.09,26.88,6.94,355.7,30.1,69.95
2026-02-23 08:00:00,CP-01,Running,55.65,26.64,6.88,385.16,31.86,79.22
2026-01-21 23:00:00,CP-04,Running,49.88,21.62,6.68,297.02,27.68,62.05
2026-03-02 10:00:00,CP-05,Running,53.42,27.45,7.3,390.86,31.15,76.5
2026-02-22 16:00:00,CP-02,Running,46.43,20.73,6.6,290.64,28.67,61.32
2026-03-10 10:00:00,CP-01,Running,53.27,25.18,6.9,377.05,31.01,73.37
2026-01-22 22:00:00,CP-05,Running,51.19,26.02,6.97,346.95,30.06,71.38
2026-01-06 01:00:00,CP-05,Running,54.48,28.14,6.99,400.72,32.59,78.94
2026-02-02 12:00:00,CP-01,Running,54.02,25.6,6.59,397.98,30.71,74.55
2026-03-07 15:00:00,CP-01,Running,53.19,24.59,6.64,334.64,28.74,63.27
2026-03-01 20:00:00,CP-02,Running,45.34,19.96,6.56,273.79,27.75,54.95
2026-01-16 09:00:00,CP-01,Running,51.75,24.37,6.82,359.64,31.52,71.81
2026-01-05 05:00:00,CP-03,Running,57.59,29.18,6.96,441.63,31.75,87.62
2026-01-01 08:00:00,CP-03,Stopped,32.18,13.57,7.02,40.3,27.69,7.7
2026-02-25 09:00:00,CP-02,Running,54.21,24.72,6.85,352.31,32.2,70.96
2026-02-02 23:00:00,CP-05,Running,52.39,26.88,6.94,383.15,28.96,75.83
2026-01-27 04:00:00,CP-03,Running,55.38,27.69,7.01,402.94,32.12,81.3
2026-02-28 05:00:00,CP-02,Running,52.43,23.97,6.87,350.36,31.56,72.12
2026-03-06 22:00:00,CP-03,Running,48.51,23.58,6.91,367.15,29.4,68.18
2026-03-08 05:00:00,CP-04,Running,52.43,23.16,6.74,393.54,32.83,70.8
2026-02-28 01:00:00,CP-01,Running,53.05,25.28,6.92,400.58,31.08,77.16
2026-02-17 03:00:00,CP-02,Running,49.17,22.12,6.68,329.25,30.05,64.82
2026-01-13 06:00:00,CP-02,Running,53.9,24.82,6.82,386.45,30.31,75.38
2026-02-24 23:00:00,CP-03,Stopped,28.23,11.73,7.08,8.32,26.05,1.63
2026-01-18 18:00:00,CP-04,Running,44.96,19.33,6.54,290.51,28.63,58.33
2026-03-24 14:00:00,CP-02,Running,48.58,21.75,6.57,281.04,29.41,62.45
2026-02-06 14:00:00,CP-03,Running,54.77,27.05,6.75,416.99,28.74,75.6
2026-03-01 18:00:00,CP-05,Running,49.61,25.06,6.95,362.51,30.48,68.58
2026-03-17 23:00:00,CP-01,Running,52.19,24.48,6.79,336.14,28.63,69.89
2026-02-23 14:00:00,CP-01,Running,46.86,21.63,6.72,316.57,28.52,62.55
2026-01-09 05:00:00,CP-04,Running,51.29,22.56,6.63,365.75,31.94,68.81
2026-01-11 12:00:00,CP-01,Running,51.81,24.3,6.66,388.34,29.81,69.85
2026-01-11 13:00:00,CP-02,Running,52.0,23.45,6.82,350.14,30.25,65.81
2026-01-18 14:00:00,CP-04,Running,44.3,18.9,6.53,251.27,28.12,55.0
2026-01-23 23:00:00,CP-03,Running,50.27,24.39,6.95,298.73,28.92,67.29
2026-02-09 16:00:00,CP-05,Running,52.39,26.92,6.92,396.91,28.87,76.5
2026-02-03 13:00:00,CP-01,Running,48.33,22.57,6.85,346.52,29.8,67.76
2026-03-20 21:00:00,CP-04,Running,44.89,19.1,6.5,266.52,28.48,53.77
2026-03-26 00:00:00,CP-02,Running,49.6,22.24,6.64,321.33,28.36,63.19
2026-03-05 22:00:00,CP-02,Running,52.97,23.88,6.44,319.44,30.11,65.54
2026-03-12 17:00:00,CP-01,Running,52.24,24.18,6.57,339.76,27.06,63.8
2026-03-13 02:00:00,CP-02,Running,49.67,22.43,6.72,359.66,31.25,66.34
2026-03-01 14:00:00,CP-04,Running,52.65,22.85,6.63,322.95,27.65,62.69
2026-02-26 17:00:00,CP-02,Running,47.59,21.03,6.52,290.74,29.64,56.68
2026-03-23 12:00:00,CP-02,Running,48.26,21.78,6.79,334.08,28.83,66.0
2026-01-05 19:00:00,CP-02,Stopped,31.07,12.07,6.54,12.85,24.89,2.53
2026-01-26 12:00:00,CP-02,Running,52.54,23.77,6.65,359.8,29.86,67.16
2026-01-11 23:00:00,CP-01,Stopped,29.83,11.98,6.82,17.61,26.54,3.61
2026-01-21 00:00:00,CP-02,Stopped,29.1,11.34,6.58,18.25,26.67,3.77
2026-03-06 00:00:00,CP-01,Running,51.95,24.26,6.88,355.34,30.76,67.9
2026-01-19 13:00:00,CP-05,Running,56.18,29.18,6.97,403.76,29.11,81.48
2026-01-07 14:00:00,CP-05,Stopped,32.26,13.98,6.7,17.65,25.69,3.38
2026-01-12 00:00:00,CP-05,Running,55.19,28.85,6.89,465.68,30.86,84.55
2026-01-09 23:00:00,CP-01,Running,50.78,23.94,6.87,,29.6,72.3
2026-02-01 13:00:00,CP-03,Running,52.21,25.72,6.8,386.41,29.75,74.44
2026-02-21 14:00:00,CP-02,Running,46.2,20.6,6.56,314.36,28.74,60.66
2026-03-19 12:00:00,CP-01,Running,46.83,21.7,6.89,335.25,29.03,64.24
2026-03-18 06:00:00,CP-03,Running,55.76,27.81,6.94,394.13,32.12,80.16
2026-03-30 01:00:00,CP-01,Running,54.96,26.14,6.87,398.27,29.84,76.25
2026-03-15 21:00:00,CP-01,Running,49.59,22.93,6.56,326.7,28.49,63.4
2026-02-25 02:00:00,CP-02,Running,55.3,25.17,6.81,335.33,29.78,69.97
2026-03-07 01:00:00,CP-02,Running,51.28,23.18,6.82,363.99,30.53,66.88
2026-03-01 07:00:00,CP-03,Running,53.17,26.44,6.9,382.31,32.08,78.7
2026-02-10 08:00:00,CP-02,Running,55.26,25.38,6.8,386.59,31.75,74.27
2026-01-14 09:00:00,CP-01,Running,50.59,23.99,6.96,379.55,31.26,74.84
2026-03-19 19:00:00,CP-05,Running,51.07,25.83,6.95,336.27,28.86,69.1
2026-01-16 08:00:00,CP-02,Running,51.55,23.58,6.83,381.2,31.96,72.28
2026-03-07 07:00:00,CP-05,Running,57.26,29.85,7.19,445.2,31.97,83.25
2026-01-27 02:00:00,CP-02,Running,49.69,22.46,6.59,333.2,31.58,66.97
2026-03-26 20:00:00,CP-04,Running,46.98,20.08,6.51,277.07,28.76,55.76
2026-02-06 04:00:00,CP-02,Running,51.61,23.48,6.8,371.16,31.63,69.86
2026-01-09 00:00:00,CP-05,Running,55.0,28.57,7.0,434.74,31.36,81.59
2026-03-22 03:00:00,CP-03,Running,58.17,29.1,6.97,385.46,32.67,81.64
2026-02-14 19:00:00,CP-04,Running,44.38,18.67,6.52,259.27,27.05,48.88
2026-02-27 14:00:00,CP-02,Running,50.74,22.73,6.51,313.06,28.75,62.79
2026-02-04 12:00:00,CP-03,Running,53.26,26.44,7.03,401.84,29.81,78.03
2026-01-18 15:00:00,CP-05,Stopped,29.58,12.97,6.92,38.81,25.15,7.97
2026-03-26 22:00:00,CP-03,Running,50.74,24.94,6.88,379.65,29.53,73.4
2026-02-21 11:00:00,CP-05,Running,54.15,27.71,7.2,368.86,31.39,74.57
2026-03-22 03:00:00,CP-01,Running,51.15,24.33,6.96,358.4,32.16,76.4
2026-03-21 02:00:00,CP-04,Running,50.5,21.67,6.62,297.16,30.72,57.58
2026-01-05 17:00:00,CP-04,Running,46.53,19.56,6.37,266.42,27.1,48.44
2026-01-12 18:00:00,CP-03,Running,49.45,23.52,6.67,333.08,28.4,58.48
2026-01-09 08:00:00,CP-02,Running,49.43,22.48,6.76,370.97,31.22,69.64
2026-03-25 20:00:00,CP-03,Running,53.3,25.75,6.86,311.51,27.43,65.43
2026-03-29 12:00:00,CP-01,Running,52.93,24.98,6.93,369.49,28.69,72.65
2026-03-27 19:00:00,CP-04,Running,46.56,19.79,6.41,259.76,28.18,53.31
2026-02-02 06:00:00,CP-02,Running,50.59,23.23,6.86,369.23,30.41,74.08
2026-01-23 03:00:00,CP-03,Running,51.93,25.61,7.16,370.33,32.6,74.87
2026-01-31 02:00:00,CP-01,Running,51.65,24.42,6.81,361.14,30.19,73.41
2026-03-13 05:00:00,CP-04,Running,49.37,21.6,6.78,340.03,32.12,66.42
2026-02-02 04:00:00,CP-02,Stopped,29.04,11.33,6.78,23.35,28.78,4.34
2026-02-22 00:00:00,CP-04,Running,46.51,19.91,6.59,262.84,28.96,56.38
2026-01-13 01:00:00,CP-04,Running,47.66,20.48,6.59,285.54,29.64,58.24
2026-01-26 15:00:00,CP-02,Stopped,31.0,12.03,6.63,10.85,26.57,2.32
2026-02-08 23:00:00,CP-01,Running,52.32,24.84,6.84,395.2,30.96,75.38
2026-03-19 01:00:00,CP-02,Running,51.92,23.43,6.71,316.5,30.08,66.17
2026-03-03 14:00:00,CP-04,Running,46.09,19.62,6.55,281.63,30.11,53.92
2026-03-19 03:00:00,CP-03,Stopped,28.47,11.9,6.93,21.03,29.04,4.16
2026-02-18 06:00:00,CP-04,Running,53.24,23.45,6.87,335.3,33.65,69.46
2026-02-22 16:00:00,CP-04,Running,48.83,21.11,6.54,293.39,28.35,60.98
2026-02-12 12:00:00,CP-02,Running,48.57,21.81,6.69,340.69,30.49,63.81
2026-01-26 10:00:00,CP-04,Running,50.2,22.03,6.7,331.17,29.54,67.75
2026-03-02 18:00:00,CP-01,Running,46.46,20.81,6.64,247.35,28.23,49.2
2026-03-07 08:00:00,CP-02,Running,55.34,25.13,6.77,364.34,32.38,68.93
2026-02-14 10:00:00,CP-03,Running,58.07,29.17,7.12,432.34,31.23,83.55
2026-03-23 07:00:00,CP-01,Running,58.0,27.57,6.81,378.59,32.1,75.97
2026-02-25 03:00:00,CP-04,Running,51.5,22.59,6.66,319.46,32.31,67.61
2026-03-22 08:00:00,CP-01,Running,51.79,24.71,6.93,381.22,31.35,77.71
2026-03-01 02:00:00,CP-03,Running,58.56,29.23,6.99,406.33,31.06,80.63
2026-02-18 15:00:00,CP-02,Running,47.58,21.2,6.56,299.15,28.13,60.42
2026-03-20 19:00:00,CP-01,Running,47.24,21.77,6.55,292.24,29.27,61.72
2026-01-13 05:00:00,CP-02,Running,53.07,24.43,6.94,380.32,31.15,75.37
2026-02-08 22:00:00,CP-04,Running,43.96,18.72,6.64,292.52,28.04,54.24
2026-02-28 17:00:00,CP-02,Running,45.91,20.43,6.44,301.41,28.37,59.76
2026-02-04 02:00:00,CP-05,Running,55.59,28.92,7.04,454.32,30.8,82.36
2026-03-14 10:00:00,CP-03,Running,53.17,26.17,6.92,389.54,32.03,74.08
2026-03-01 19:00:00,CP-05,Running,53.63,27.19,6.88,337.16,28.01,70.2
2026-01-24 13:00:00,CP-02,Running,47.06,20.98,6.64,287.5,29.66,60.71
2026-01-31 04:00:00,CP-05,Running,56.27,29.74,7.08,480.6,32.74,89.75
2026-01-13 07:00:00,CP-02,Running,51.03,23.42,6.83,368.23,32.8,73.92
2026-01-16 02:00:00,CP-01,Running,53.62,25.32,6.95,363.63,31.4,72.97
2026-01-17 11:00:00,CP-03,Running,53.22,26.2,7.13,388.61,31.42,74.1
2026-01-31 21:00:00,CP-03,Running,52.89,25.99,6.77,386.47,29.18,73.29
2026-03-27 02:00:00,CP-04,Running,53.42,23.37,6.59,342.2,30.7,66.24
2026-03-01 16:00:00,CP-01,Running,50.37,23.58,6.7,360.86,28.2,69.05
2026-03-22 07:00:00,CP-02,Running,55.11,25.29,6.92,352.3,32.66,73.75
2026-01-20 16:00:00,CP-04,Running,48.11,20.55,6.4,274.63,29.41,55.57
2026-03-22 19:00:00,CP-03,Running,53.65,26.13,6.88,331.5,28.78,69.18
2026-02-11 03:00:00,CP-01,Running,51.66,24.49,6.78,383.36,31.67,74.72
2026-01-16 09:00:00,CP-03,Running,52.94,26.18,6.95,376.43,31.02,76.26
2026-02-22 22:00:00,CP-04,Running,55.5,24.13,6.55,303.21,29.6,63.51
2026-03-13 14:00:00,CP-01,Running,50.72,23.32,6.66,331.74,30.25,60.67
2026-03-21 06:00:00,CP-04,Running,52.55,23.21,6.84,328.09,31.94,70.64
2026-03-10 10:00:00,CP-04,Running,48.8,21.24,6.74,329.47,32.31,63.98
2026-01-28 06:00:00,CP-01,Running,47.0,21.97,6.88,349.45,32.85,68.28
2026-01-28 10:00:00,CP-04,Running,49.37,21.63,6.56,330.16,31.59,67.07
2026-01-22 05:00:00,CP-05,Running,55.62,29.12,7.16,417.24,32.22,85.21
2026-01-03 13:00:00,CP-05,Running,55.33,28.81,6.95,428.95,28.57,82.71
2026-02-01 18:00:00,CP-04,Running,46.53,19.63,6.3,257.4,28.13,50.06
2026-03-16 07:00:00,CP-03,Running,55.02,27.25,7.0,383.58,30.64,76.86
2026-02-03 22:00:00,CP-03,Running,53.95,26.59,6.76,395.95,29.0,74.69
2026-03-29 16:00:00,CP-01,Running,48.41,22.2,6.73,286.23,27.09,59.56
2026-03-24 19:00:00,CP-03,Running,50.56,24.49,6.6,324.84,27.84,66.56
2026-03-24 09:00:00,CP-03,Running,53.28,26.74,7.05,396.7,30.84,83.06
2026-03-30 23:00:00,CP-02,Running,48.86,21.92,6.7,328.92,29.68,63.39
2026-02-06 20:00:00,CP-03,Running,53.38,26.05,6.68,382.15,28.57,70.08
2026-03-12 21:00:00,CP-02,Running,45.42,20.11,6.63,318.99,27.96,57.49
2026-01-22 04:00:00,CP-05,Running,57.58,30.45,7.06,436.9,32.21,90.09
2026-01-14 17:00:00,CP-01,Running,50.95,23.23,6.59,313.46,28.03,56.89
2026-02-22 19:00:00,CP-04,Running,45.47,18.97,6.42,224.5,27.31,45.18
2026-01-28 22:00:00,CP-01,Running,49.67,23.07,6.58,318.53,27.7,65.24
2026-02-17 19:00:00,CP-01,Running,54.16,25.33,6.65,343.55,30.57,68.53
2026-02-14 03:00:00,CP-02,Running,50.85,23.1,6.74,323.52,31.51,69.23
2026-03-07 04:00:00,CP-03,Running,56.96,28.31,7.1,416.37,31.54,78.44
2026-03-14 07:00:00,CP-05,Running,56.46,29.68,7.19,486.11,32.74,87.15
2026-03-23 13:00:00,CP-02,Running,49.35,22.11,6.66,307.33,30.18,62.76
2026-02-24 19:00:00,CP-02,Running,47.33,20.76,6.49,273.13,29.18,53.32
2026-01-04 22:00:00,CP-04,Running,48.77,20.99,6.65,318.54,29.27,58.89
2026-01-20 01:00:00,CP-01,Running,54.79,25.91,6.9,367.24,30.61,73.74
2026-01-21 03:00:00,CP-03,Running,54.56,27.0,6.99,367.21,31.88,76.48
2026-02-14 22:00:00,CP-02,Running,49.26,22.17,6.76,312.79,29.69,64.93
2026-01-14 06:00:00,CP-03,Running,56.36,28.11,7.02,451.75,32.68,80.2
2026-02-09 07:00:00,CP-03,Running,58.81,29.8,7.14,483.54,31.97,87.73
2026-02-10 19:00:00,CP-05,Running,49.24,24.76,6.78,360.5,29.88,66.56
2026-02-23 07:00:00,CP-03,Running,53.05,26.35,7.01,406.28,32.36,78.24
2026-03-20 11:00:00,CP-04,Running,47.3,20.6,6.58,308.79,29.31,64.23
2026-02-05 12:00:00,CP-05,Running,53.83,27.45,6.97,359.58,29.34,72.85
2026-02-13 20:00:00,CP-05,Running,52.51,26.66,6.94,345.33,28.42,70.94
2026-03-13 14:00:00,CP-02,Running,46.49,20.44,6.65,277.96,28.09,54.37
2026-02-25 15:00:00,CP-03,Running,52.32,25.56,6.97,358.99,28.58,70.57
2026-03-18 20:00:00,CP-01,Running,45.02,20.55,6.57,298.03,27.78,57.53
2026-03-09 17:00:00,CP-01,Running,50.65,23.23,6.76,313.31,27.94,59.69
2026-01-31 06:00:00,CP-03,Running,61.1,31.09,7.12,465.29,32.61,89.67
2026-01-23 12:00:00,CP-02,Running,48.64,21.8,6.68,306.75,30.49,62.96
2026-01-05 03:00:00,CP-05,Running,53.84,27.76,7.06,431.87,31.88,78.05
2026-02-25 04:00:00,CP-01,Running,56.92,27.12,7.06,388.74,32.39,77.18
2026-01-30 18:00:00,CP-01,Running,48.05,22.26,6.67,341.51,27.47,64.21
2026-03-09 03:00:00,CP-02,Running,51.38,23.31,6.78,347.86,31.08,68.56
2026-02-19 14:00:00,CP-03,Running,54.11,26.74,6.79,402.77,29.97,75.94
2026-01-30 01:00:00,CP-04,Running,51.81,22.49,6.51,313.52,31.34,62.69
2026-01-16 05:00:00,CP-01,Running,53.55,25.46,6.95,372.97,31.43,76.13
2026-01-13 21:00:00,CP-02,Running,46.91,20.85,6.6,288.41,28.46,59.27
2026-02-12 03:00:00,CP-02,Running,49.98,22.83,6.87,380.25,30.91,71.66
2026-01-21 21:00:00,CP-05,Running,55.37,28.53,6.88,391.47,28.37,77.78
2026-03-23 20:00:00,CP-04,Running,47.16,20.24,6.56,283.69,28.34,57.58
2026-03-02 07:00:00,CP-04,Running,50.35,22.06,6.72,346.61,33.37,66.92
2026-03-18 10:00:00,CP-02,Running,47.0,20.78,6.62,279.15,29.29,56.94
2026-01-05 18:00:00,CP-01,Running,52.39,24.27,6.68,347.21,28.02,64.13
2026-02-03 01:00:00,CP-04,Running,47.53,20.53,6.65,316.23,30.31,60.4
2026-03-23 19:00:00,CP-04,Stopped,26.83,10.08,6.4,9.14,25.42,1.88
2026-03-09 10:00:00,CP-01,Running,50.29,23.5,6.84,369.64,30.4,68.18
2026-01-12 10:00:00,CP-02,Running,54.85,25.12,6.83,389.21,31.08,72.86
2026-01-06 02:00:00,CP-03,Running,58.17,28.96,7.09,428.98,31.85,79.32
2026-03-22 12:00:00,CP-05,Running,54.27,28.21,6.96,390.01,29.94,81.93
2026-02-22 08:00:00,CP-02,Running,52.86,24.06,6.78,329.06,31.82,70.05
2026-01-16 19:00:00,CP-03,Running,47.88,23.26,6.66,348.0,28.88,67.85
2026-01-15 09:00:00,CP-01,Running,55.78,26.79,7.05,384.36,31.43,80.91
2026-01-27 04:00:00,CP-01,Stopped,28.21,11.28,6.91,9.92,27.63,2.03
2026-03-24 04:00:00,CP-01,Stopped,29.23,11.67,6.96,8.1,27.6,1.62
2026-03-04 11:00:00,CP-04,Running,56.6,24.78,6.55,362.56,30.68,66.68
2026-02-12 00:00:00,CP-05,Running,58.9,30.63,7.09,430.47,29.07,82.03
2026-01-01 08:00:00,CP-04,Running,52.34,22.91,6.76,323.11,32.31,66.59
2026-01-09 19:00:00,CP-02,Running,44.23,19.24,6.54,263.78,26.61,49.72
2026-01-03 21:00:00,CP-01,Running,50.19,23.35,6.69,334.6,28.32,66.14
2026-02-19 18:00:00,CP-02,Running,43.02,19.16,6.58,311.71,27.7,59.99
2026-03-13 09:00:00,CP-03,Running,55.65,28.26,7.0,455.76,31.58,88.7
2026-02-18 05:00:00,CP-04,Running,47.85,20.84,6.69,315.25,31.72,64.21
2026-03-03 20:00:00,CP-02,Running,42.39,18.59,6.52,283.91,28.66,53.31
2026-03-07 00:00:00,CP-05,Running,57.71,30.07,6.99,447.93,31.08,83.03
2026-01-29 07:00:00,CP-04,Stopped,29.97,11.29,6.88,14.31,25.91,2.77
2026-01-03 17:00:00,CP-04,Running,43.06,18.0,6.43,246.28,28.56,46.06
2026-03-07 02:00:00,CP-04,Running,52.97,23.32,6.6,377.91,32.78,69.14
2026-03-04 07:00:00,CP-04,Running,46.42,20.08,6.69,339.05,31.2,61.16
2026-03-20 14:00:00,CP-03,Running,47.95,23.31,6.91,332.52,29.26,68.15
2026-02-08 16:00:00,CP-03,Running,47.94,22.92,6.78,343.0,29.6,60.76
2026-03-24 01:00:00,CP-04,Running,46.76,20.21,6.64,286.21,28.11,60.8
2026-03-28 03:00:00,CP-04,Running,54.57,24.12,6.75,351.61,31.4,71.03
2026-03-06 22:00:00,CP-04,Running,46.0,19.72,6.57,300.14,28.19,57.11
2026-01-24 03:00:00,CP-01,Running,51.64,24.22,7.14,357.17,32.11,69.7
2026-03-24 20:00:00,CP-03,Running,46.42,21.85,6.83,264.67,29.38,53.73
2026-01-09 10:00:00,CP-04,Running,45.28,19.46,6.66,316.06,29.15,58.24
2026-03-01 12:00:00,CP-01,Running,50.63,24.04,6.91,383.47,30.95,75.43
2026-01-25 04:00:00,CP-05,Running,54.65,28.67,7.05,422.54,32.01,86.22
2026-03-04 11:00:00,CP-03,Running,55.69,28.1,6.89,443.53,30.49,85.75
2026-01-04 09:00:00,CP-02,Running,55.81,25.65,6.84,394.33,30.61,74.45
2026-01-05 22:00:00,CP-05,Running,53.01,27.42,6.97,430.25,29.74,79.6
2026-02-14 13:00:00,CP-05,Running,52.36,26.77,6.98,376.07,29.7,74.06
2026-02-13 04:00:00,CP-01,Running,52.82,25.02,6.94,405.77,31.23,74.31
2026-02-24 15:00:00,CP-05,Running,54.77,27.91,6.75,337.02,29.75,72.55
2026-03-16 14:00:00,CP-05,Running,50.53,25.61,7.0,356.17,30.02,70.14
2026-01-14 20:00:00,CP-03,Running,48.98,23.51,6.67,336.42,28.85,62.45
2026-01-20 02:00:00,CP-01,Running,59.6,28.52,6.87,393.36,30.12,79.09
2026-02-07 07:00:00,CP-01,Running,55.3,26.48,6.84,423.85,32.02,79.52
2026-02-28 12:00:00,CP-01,Running,52.73,24.63,6.79,334.94,28.81,67.94
2026-01-17 03:00:00,CP-02,Running,54.49,25.15,6.84,402.73,30.43,76.56
2026-01-11 00:00:00,CP-02,Running,50.19,22.91,6.73,363.18,29.02,71.24
2026-02-22 04:00:00,CP-05,Running,55.98,29.14,7.02,413.82,30.93,82.55
2026-03-06 08:00:00,CP-05,Running,56.57,29.55,7.27,454.03,31.99,84.16
2026-02-07 17:00:00,CP-04,Running,46.83,20.05,6.48,303.33,27.58,56.57
2026-02-12 15:00:00,CP-05,Running,51.08,25.96,6.87,360.9,29.74,71.43
2026-03-11 23:00:00,CP-03,Running,55.09,27.14,6.86,392.61,30.41,74.37
2026-01-12 07:00:00,CP-04,Running,51.79,22.92,6.55,392.69,30.09,71.49
2026-01-14 04:00:00,CP-05,Running,54.46,28.25,7.21,389.77,32.01,80.92
2026-01-18 10:00:00,CP-03,Running,54.64,27.09,6.88,398.8,30.85,77.36
2026-02-10 08:00:00,CP-05,Running,57.49,30.27,7.26,472.63,32.5,88.08
2026-03-20 04:00:00,CP-04,Running,48.36,20.81,6.72,286.36,30.02,58.73
2026-01-18 01:00:00,CP-02,Running,51.04,23.26,6.74,357.48,31.21,70.51
2026-03-28 04:00:00,CP-01,Running,57.2,27.35,7.11,395.44,31.37,78.81
2026-03-18 19:00:00,CP-02,Running,50.48,22.7,6.51,321.96,28.52,64.41
2026-02-14 13:00:00,CP-03,Running,51.29,25.2,6.91,363.19,30.56,73.14
2026-02-17 14:00:00,CP-03,Running,53.31,26.15,6.72,344.59,29.25,72.35
2026-01-03 07:00:00,CP-01,Running,51.86,24.63,6.96,410.27,31.9,75.56
2026-01-25 09:00:00,CP-05,Running,58.36,30.81,7.07,466.75,31.83,89.22
2026-03-10 09:00:00,CP-02,Running,48.79,21.85,6.95,335.84,30.72,62.56
2026-01-05 01:00:00,CP-04,Running,46.73,20.29,6.53,293.16,29.88,62.87
2026-01-29 19:00:00,CP-05,Running,51.8,26.18,6.86,375.28,28.47,68.8
2026-03-30 22:00:00,CP-02,Stopped,27.19,10.52,6.58,6.25,26.65,1.2
2026-03-30 16:00:00,CP-04,Running,46.94,19.97,6.48,267.49,26.84,53.63
2026-01-16 01:00:00,CP-01,Running,49.33,22.99,6.83,340.44,30.34,67.0
2026-03-30 10:00:00,CP-01,Running,53.74,25.56,6.8,377.88,31.81,76.4
2026-02-06 13:00:00,CP-04,Running,53.5,22.98,6.56,313.18,29.49,57.98
2026-03-28 07:00:00,CP-04,Running,54.35,23.75,6.74,313.11,31.94,65.85
2026-02-23 09:00:00,CP-02,Running,54.04,24.95,6.81,345.86,30.78,76.61
2026-02-18 08:00:00,CP-01,Running,53.77,25.82,6.95,408.17,32.09,80.78
2026-01-14 22:00:00,CP-01,Running,52.6,24.5,6.76,337.46,28.36,66.69
2026-01-21 06:00:00,CP-05,Running,61.42,32.53,7.26,420.61,32.71,90.77
2026-01-15 01:00:00,CP-02,Running,47.09,21.12,6.54,344.5,29.35,63.34
2026-02-16 23:00:00,CP-03,Running,54.37,26.94,6.75,385.84,30.13,76.98
2026-01-05 09:00:00,CP-01,Running,54.81,26.13,6.9,398.54,30.82,77.44
2026-02-03 20:00:00,CP-03,Running,47.42,22.82,6.76,320.66,27.73,63.71
2026-01-09 12:00:00,CP-02,Running,53.06,24.0,6.8,335.64,31.81,67.11
2026-02-28 20:00:00,CP-02,Running,48.07,21.39,6.51,300.51,29.41,59.78
2026-02-03 13:00:00,CP-04,Running,47.87,20.57,6.69,306.43,29.75,58.26
2026-01-26 08:00:00,CP-04,Running,52.0,22.84,6.73,336.04,31.09,68.06
2026-03-26 16:00:00,CP-04,Running,47.0,19.97,6.61,253.63,27.82,53.22
2026-01-12 11:00:00,CP-05,Running,52.63,27.09,7.0,390.57,30.48,77.24
2026-02-20 23:00:00,CP-04,Running,46.96,20.12,6.6,288.77,29.9,56.83
2026-01-29 00:00:00,CP-03,Running,50.17,24.35,6.89,344.4,31.96,67.61
2026-03-28 20:00:00,CP-02,Running,49.59,22.17,6.66,304.24,28.14,61.76
2026-03-26 07:00:00,CP-05,Running,53.35,27.64,7.05,394.83,31.22,80.34
2026-01-16 09:00:00,CP-04,Running,50.51,21.87,6.62,318.7,30.54,61.54
2026-02-27 05:00:00,CP-05,Running,56.94,29.55,7.19,380.74,32.9,81.21
2026-03-23 21:00:00,CP-02,Running,49.56,22.1,6.58,299.09,26.99,60.61
2026-01-19 20:00:00,CP-05,Stopped,30.02,13.08,6.85,27.69,25.6,5.59
2026-02-03 02:00:00,CP-03,Running,46.77,22.77,6.86,366.84,30.86,68.92
2026-01-04 00:00:00,CP-04,Running,49.58,21.23,6.54,293.47,30.2,56.71
2026-01-22 18:00:00,CP-03,Running,46.24,21.92,6.76,261.99,28.47,56.8
2026-01-06 18:00:00,CP-02,Running,47.93,20.98,6.56,270.75,27.69,52.38
2026-02-17 22:00:00,CP-05,Running,54.81,28.01,6.86,391.51,28.98,73.91
2026-03-24 02:00:00,CP-05,Running,54.55,28.24,7.06,414.72,31.82,80.02
2026-01-16 06:00:00,CP-02,Stopped,27.66,10.71,6.97,5.78,27.39,1.18
2026-02-01 05:00:00,CP-02,Running,51.93,23.82,6.98,385.62,32.02,73.64
2026-01-01 18:00:00,CP-01,Running,49.45,22.65,6.61,304.99,26.82,59.1
2026-01-29 20:00:00,CP-04,Running,49.22,21.33,6.43,320.74,28.35,61.99
2026-01-25 06:00:00,CP-02,Running,55.48,25.58,6.86,388.36,32.65,75.95
2026-01-21 04:00:00,CP-03,Running,52.16,25.87,7.08,343.88,32.16,77.6
2026-02-08 04:00:00,CP-05,Running,53.65,27.66,7.15,411.08,31.13,78.08
2026-03-03 18:00:00,CP-04,Running,47.91,20.26,6.37,279.51,27.05,51.02
2026-03-22 11:00:00,CP-05,Running,55.92,28.65,6.99,329.72,28.57,75.08
2026-03-26 01:00:00,CP-01,Running,51.87,24.55,6.88,350.77,31.68,74.03
2026-01-15 22:00:00,CP-05,Running,50.02,25.61,7.0,391.82,31.2,74.66
2026-03-11 07:00:00,CP-02,Running,57.56,26.59,6.93,410.91,32.54,76.86
2026-03-17 03:00:00,CP-03,Running,52.88,26.55,7.15,406.82,32.24,83.38
2026-02-02 04:00:00,CP-05,Running,57.12,30.01,7.02,440.52,32.29,86.98
2026-02-22 06:00:00,CP-03,Running,57.04,28.78,7.05,419.19,33.11,85.61
2026-03-05 23:00:00,CP-03,Running,50.32,24.83,6.83,414.99,31.36,75.25
2026-02-28 07:00:00,CP-02,Running,51.64,23.62,7.0,344.58,32.62,72.29
2026-02-04 23:00:00,CP-01,Running,50.85,23.91,6.67,381.71,30.23,70.91
2026-01-06 18:00:00,CP-05,Running,52.77,26.94,6.74,410.9,28.03,73.45
2026-03-04 07:00:00,CP-01,Running,55.56,26.63,6.96,,31.59,79.94
2026-02-15 13:00:00,CP-05,Running,50.3,25.7,6.76,366.67,30.07,73.86
2026-01-20 05:00:00,CP-02,Running,56.97,26.52,6.94,413.3,31.57,80.57
2026-01-09 21:00:00,CP-04,Running,45.63,19.33,6.36,287.7,27.9,51.77
2026-03-26 07:00:00,CP-02,Stopped,27.03,10.64,6.83,38.44,29.53,7.75
2026-02-09 09:00:00,CP-03,Running,59.93,30.08,6.84,417.16,31.39,83.09
2026-01-11 04:00:00,CP-01,Running,52.3,24.63,6.85,412.87,30.83,71.8
2026-02-03 08:00:00,CP-04,Running,45.31,19.69,6.56,340.26,31.94,63.18
2026-03-18 05:00:00,CP-04,Running,53.14,23.56,6.74,357.11,32.08,72.3
2026-01-14 21:00:00,CP-05,Running,53.86,27.38,6.94,366.88,28.25,71.49
2026-02-11 12:00:00,CP-05,Running,57.46,29.99,7.08,414.13,30.82,83.7
2026-03-22 20:00:00,CP-01,Running,50.09,22.99,6.57,297.99,28.58,59.95
2026-03-15 03:00:00,CP-02,Running,52.03,23.82,6.84,349.34,31.27,72.81
2026-01-23 15:00:00,CP-05,Running,50.88,25.73,6.88,354.66,28.21,69.11
2026-03-20 08:00:00,CP-05,Running,59.41,31.58,7.0,479.55,32.44,92.52
2026-03-06 05:00:00,CP-01,Running,56.11,26.72,7.15,397.21,30.87,76.89
2026-02-17 14:00:00,CP-04,Running,49.92,21.66,6.65,301.12,29.23,62.59
2026-03-28 10:00:00,CP-04,Running,51.21,22.37,6.72,329.1,30.59,65.65
2026-01-01 16:00:00,CP-02,Running,53.39,23.88,6.53,305.63,28.25,62.1
2026-03-24 21:00:00,CP-05,Running,53.31,27.32,7.04,371.92,29.98,75.11
2026-01-17 14:00:00,CP-03,Running,50.95,24.7,6.7,359.51,30.21,67.08
2026-03-29 18:00:00,CP-04,Running,44.71,18.91,6.47,244.74,27.65,51.01
2026-03-28 09:00:00,CP-05,Running,59.99,31.79,7.13,462.51,32.25,91.03
2026-03-17 23:00:00,CP-05,Running,49.63,25.32,6.98,352.83,30.56,73.11
2026-01-07 09:00:00,CP-05,Running,54.91,28.76,6.99,469.88,32.13,85.46
2026-01-20 22:00:00,CP-02,Running,46.73,20.71,6.71,267.74,28.12,57.86
2026-02-22 23:00:00,CP-02,Running,51.32,23.34,6.63,347.74,29.92,69.57
2026-03-22 02:00:00,CP-05,Running,53.55,27.93,7.16,403.45,30.98,83.45
2026-01-26 09:00:00,CP-02,Running,52.83,24.09,6.85,343.76,30.67,70.93
2026-02-25 19:00:00,CP-03,Running,52.68,26.09,6.85,380.32,30.38,76.9
2026-02-10 00:00:00,CP-02,Running,54.59,24.81,6.59,338.78,30.5,69.36
2026-01-19 08:00:00,CP-04,Running,55.24,24.53,6.85,371.45,30.64,73.22
2026-03-05 20:00:00,CP-02,Running,49.97,22.15,6.49,301.23,28.26,57.92
2026-03-02 21:00:00,CP-05,Running,50.38,25.65,6.85,366.15,28.69,72.04
2026-02-02 18:00:00,CP-05,Running,51.64,26.0,6.84,335.23,28.15,67.01
2026-02-11 21:00:00,CP-04,Running,43.66,18.49,6.53,270.83,28.03,51.7
2026-03-11 22:00:00,CP-02,Running,50.09,22.4,6.82,320.28,29.79,62.08
2026-01-25 15:00:00,CP-02,Running,50.82,22.59,6.57,309.27,28.97,59.25
2026-02-18 23:00:00,CP-03,Running,55.14,27.0,6.85,338.18,29.65,71.55
2026-01-05 13:00:00,CP-02,Running,47.55,21.27,6.61,347.12,30.66,62.09
2026-02-15 05:00:00,CP-05,Running,59.48,31.31,7.04,453.3,31.64,87.85
2026-02-13 15:00:00,CP-04,Running,48.53,20.87,6.51,278.41,30.6,58.66
2026-03-08 03:00:00,CP-03,Running,57.31,28.5,7.07,407.6,30.69,78.87
2026-02-24 07:00:00,CP-04,Running,46.63,20.3,6.64,325.1,31.76,64.04
2026-02-21 07:00:00,CP-05,Running,58.89,30.8,7.24,397.69,31.8,84.86
2026-02-09 04:00:00,CP-01,Running,51.1,24.14,6.91,399.0,31.91,73.07
2026-03-16 21:00:00,CP-03,Running,56.11,27.55,6.78,366.05,29.42,72.76
2026-01-15 00:00:00,CP-02,Running,46.23,20.63,6.61,305.01,29.13,61.11
2026-01-08 17:00:00,CP-04,Running,41.65,17.49,6.28,263.99,28.07,47.95
2026-01-29 11:00:00,CP-02,Running,50.68,22.89,6.69,327.59,30.13,66.57
2026-01-03 22:00:00,CP-03,Running,55.36,27.21,6.75,385.41,28.62,73.23
2026-02-05 18:00:00,CP-02,Running,45.19,19.86,6.58,284.67,28.32,54.22
2026-03-24 18:00:00,CP-04,Running,41.16,17.17,6.35,226.92,27.95,44.98
2026-02-05 03:00:00,CP-04,Running,50.46,22.22,6.62,364.65,29.81,69.27
2026-03-25 01:00:00,CP-02,Running,50.22,22.53,6.75,311.72,31.06,63.47
2026-03-04 04:00:00,CP-03,Running,57.29,28.8,7.13,427.74,31.69,83.88
2026-02-28 06:00:00,CP-01,Running,55.47,26.56,7.02,427.17,31.32,79.4
2026-01-13 22:00:00,CP-04,Running,48.57,21.05,6.49,311.09,28.96,62.12
2026-03-22 16:00:00,CP-03,Running,51.38,24.99,6.83,328.47,29.03,68.56
2026-01-17 01:00:00,CP-02,Running,50.01,22.62,6.81,327.7,30.17,67.21
2026-03-14 09:00:00,CP-03,Running,59.45,29.76,6.97,444.57,31.8,81.93
2026-03-29 02:00:00,CP-03,Running,54.51,27.41,6.93,441.74,30.46,83.97
2026-01-05 18:00:00,CP-03,Running,56.07,27.39,6.94,387.31,29.2,70.49
2026-02-27 14:00:00,CP-05,Running,53.59,27.22,6.95,332.0,29.52,71.17
2026-01-09 22:00:00,CP-04,Running,47.74,20.38,6.48,297.4,29.25,55.21
2026-03-27 05:00:00,CP-01,Running,54.59,25.88,6.99,363.34,32.87,74.86
2026-02-10 06:00:00,CP-01,Running,51.14,24.21,6.85,383.34,30.86,74.06
2026-02-21 17:00:00,CP-02,Stopped,32.49,12.77,6.5,36.37,25.5,7.39
2026-01-08 15:00:00,CP-04,Running,45.57,19.37,6.43,286.91,27.74,53.29
2026-01-08 07:00:00,CP-02,Running,53.37,24.48,6.89,407.08,32.27,73.66
2026-01-12 19:00:00,CP-04,Running,45.04,19.03,6.3,286.94,29.17,50.74
2026-02-23 11:00:00,CP-02,Running,50.85,22.89,6.8,306.84,29.13,65.06
2026-02-25 13:00:00,CP-03,Running,50.24,24.25,6.81,310.35,28.24,64.9
2026-02-22 09:00:00,CP-01,Running,50.19,23.6,6.9,346.87,31.31,70.94
2026-02-14 04:00:00,CP-04,Running,53.69,23.65,6.61,322.81,30.75,69.44
2026-02-16 08:00:00,CP-01,Running,54.37,25.83,6.82,394.03,30.95,75.73
2026-02-15 22:00:00,CP-02,Running,46.26,20.78,6.6,316.45,29.19,63.96
2026-01-10 01:00:00,CP-05,Running,56.23,29.35,6.96,440.37,31.03,83.79
2026-03-20 00:00:00,CP-03,Running,58.46,28.82,6.77,368.79,30.87,74.73
2026-01-14 03:00:00,CP-02,Running,51.64,23.47,6.77,334.96,31.14,69.43
2026-03-17 20:00:00,CP-03,Running,51.41,24.98,6.75,350.73,28.86,68.01
2026-01-20 13:00:00,CP-01,Running,53.84,25.04,6.82,323.53,29.85,65.95
2026-02-10 14:00:00,CP-01,Stopped,29.77,11.95,6.74,19.44,27.7,3.64
2026-03-06 14:00:00,CP-03,Running,48.85,23.47,6.89,330.43,28.75,62.84
2026-03-29 03:00:00,CP-03,Running,55.49,27.58,7.07,373.58,31.24,78.49
2026-02-08 12:00:00,CP-05,Running,56.46,29.0,7.11,400.28,30.24,76.2
2026-01-27 10:00:00,CP-02,Running,51.49,23.28,6.81,342.98,30.67,66.95
2026-02-25 01:00:00,CP-03,Running,55.42,27.61,6.96,385.42,30.7,79.57
2026-01-08 05:00:00,CP-02,Running,55.68,25.71,6.89,409.78,31.52,76.65
2026-02-17 02:00:00,CP-01,Running,56.34,26.64,6.84,383.86,31.93,73.53
2026-01-25 05:00:00,CP-03,Running,59.83,30.02,7.06,400.56,32.74,83.06
2026-02-11 06:00:00,CP-04,Running,52.99,23.47,6.7,355.32,30.78,71.97
2026-01-27 18:00:00,CP-04,Running,44.63,19.05,6.48,278.04,27.15,55.18
2026-03-18 00:00:00,CP-01,Running,53.32,25.09,6.81,375.72,30.45,71.37
2026-02-22 07:00:00,CP-04,Running,51.11,22.43,6.76,318.44,31.2,67.64
2026-02-13 03:00:00,CP-04,Running,48.84,21.3,6.57,344.19,30.7,64.78
2026-01-14 08:00:00,CP-03,Running,54.96,27.16,6.95,394.54,33.06,75.89
2026-03-09 04:00:00,CP-01,Running,54.49,25.91,6.89,396.85,32.85,76.12
2026-02-09 06:00:00,CP-03,Running,55.93,28.42,7.22,447.17,31.79,89.04
2026-03-06 15:00:00,CP-02,Running,49.18,21.64,6.69,288.94,26.58,54.75
2026-03-22 15:00:00,CP-03,Running,51.62,24.91,6.81,320.05,27.91,64.92
2026-03-24 02:00:00,CP-02,Running,48.46,21.88,6.67,318.43,32.3,66.28
2026-01-19 21:00:00,CP-02,Running,49.88,22.11,6.67,299.3,28.6,57.99
2026-02-05 22:00:00,CP-04,Running,46.52,19.84,6.5,301.06,28.33,54.74
2026-01-23 10:00:00,CP-01,Running,53.21,25.35,6.76,390.72,32.08,77.12
2026-01-28 23:00:00,CP-04,Running,46.14,19.83,6.52,293.95,28.97,58.29
2026-01-14 22:00:00,CP-02,Running,45.07,20.21,6.69,315.93,29.72,63.29
2026-03-17 01:00:00,CP-04,Running,52.13,22.57,6.74,299.49,30.57,61.6
2026-01-28 20:00:00,CP-04,Running,46.93,20.05,6.38,292.42,28.02,55.65
2026-02-20 06:00:00,CP-02,Running,54.07,25.16,6.77,399.75,32.09,80.37
2026-02-22 18:00:00,CP-04,Running,47.13,20.02,6.43,266.61,28.33,53.09
2026-01-24 07:00:00,CP-02,Running,52.2,23.98,6.88,351.93,31.2,74.23
2026-01-06 11:00:00,CP-05,Running,53.27,27.46,7.04,414.89,31.83,77.87
2026-01-13 16:00:00,CP-03,Running,50.16,24.18,6.73,322.06,28.26,64.34
2026-02-05 15:00:00,CP-01,Running,49.9,22.97,6.67,332.15,28.5,61.32
2026-02-07 23:00:00,CP-05,Running,52.27,27.0,6.98,418.02,29.05,78.9
2026-02-07 06:00:00,CP-02,Running,49.53,22.48,6.83,348.43,31.42,68.82
2026-03-12 01:00:00,CP-02,Running,50.16,22.67,6.83,354.85,30.08,66.71
2026-01-31 11:00:00,CP-02,Running,53.19,24.19,6.79,322.96,31.24,69.66
2026-02-07 15:00:00,CP-05,Running,52.29,26.7,7.02,393.07,29.71,73.55
2026-03-23 19:00:00,CP-01,Running,46.23,21.09,6.51,281.73,28.51,57.17
2026-02-08 14:00:00,CP-05,Running,54.84,27.9,7.0,365.56,29.51,71.9
2026-03-04 14:00:00,CP-05,Running,52.4,26.69,6.98,372.36,29.88,72.38
2026-03-02 06:00:00,CP-01,Running,55.47,26.6,6.91,423.86,32.83,80.1
2026-01-30 04:00:00,CP-01,Running,54.27,25.77,6.84,392.58,32.06,75.57
2026-01-22 13:00:00,CP-01,Running,51.37,23.78,6.76,316.43,28.58,63.9
2026-01-31 20:00:00,CP-05,Running,52.64,26.9,6.92,379.15,30.02,74.0
2026-02-10 02:00:00,CP-02,Running,51.9,23.93,6.71,396.56,30.9,76.14
2026-01-30 19:00:00,CP-01,Running,49.03,22.77,6.65,342.34,28.73,65.25
2026-03-06 18:00:00,CP-02,Running,50.67,22.61,6.54,320.11,27.67,60.97
2026-01-07 03:00:00,CP-01,Running,51.2,24.21,6.9,362.86,30.9,73.56
2026-03-19 16:00:00,CP-05,Running,54.74,27.78,6.7,358.04,29.22,70.73
2026-01-29 10:00:00,CP-05,Running,56.88,29.4,7.11,399.01,31.97,79.23
2026-03-13 00:00:00,CP-04,Running,47.52,20.81,6.61,347.75,28.89,66.65
2026-02-05 15:00:00,CP-05,Running,48.5,24.18,6.91,331.43,28.75,62.58
2026-02-11 08:00:00,CP-04,Running,54.24,23.98,6.71,382.62,30.76,71.19
2026-01-15 08:00:00,CP-04,Running,53.21,23.69,6.75,357.49,31.91,74.32
2026-02-13 02:00:00,CP-05,Running,51.39,26.38,7.06,374.02,31.49,76.03
2026-01-14 03:00:00,CP-03,Stopped,30.95,13.0,7.1,28.62,26.99,5.83
2026-03-08 01:00:00,CP-01,Running,56.63,26.68,7.01,371.25,31.21,71.87
2026-03-02 15:00:00,CP-01,Running,49.2,23.04,6.64,352.16,28.32,69.1
2026-01-24 01:00:00,CP-01,Running,53.15,24.88,6.84,343.63,29.88,68.82
2026-01-08 21:00:00,CP-02,Running,44.36,19.82,6.62,314.26,28.53,61.53
2026-03-06 15:00:00,CP-03,Running,53.09,25.65,6.81,349.01,28.59,65.42
2026-01-05 16:00:00,CP-02,Running,46.71,20.78,6.6,316.55,27.82,59.68
2026-03-23 20:00:00,CP-03,Running,51.69,25.02,6.81,324.83,28.08,66.27
2026-02-28 10:00:00,CP-05,Running,56.05,28.85,7.01,394.65,31.44,77.21
2026-03-03 21:00:00,CP-05,Running,51.99,26.51,6.92,372.94,29.78,72.85
2026-03-06 12:00:00,CP-02,Running,47.44,21.1,6.7,310.22,30.12,59.6
2026-02-12 15:00:00,CP-02,Running,50.66,22.34,6.48,296.73,26.81,55.77
2026-03-29 13:00:00,CP-02,Running,48.25,21.74,6.63,294.48,30.41,65.3
2026-03-20 23:00:00,CP-05,Running,50.05,25.56,7.02,367.84,30.48,73.46
2026-03-14 21:00:00,CP-04,Running,51.71,22.35,6.49,292.69,28.48,60.74
2026-03-18 12:00:00,CP-01,Running,52.09,24.69,6.76,387.6,30.12,74.74
2026-03-09 03:00:00,CP-04,Stopped,28.13,10.59,6.65,15.61,28.58,2.83
2026-03-12 07:00:00,CP-05,Running,58.32,30.48,7.22,452.73,32.1,84.43
2026-02-15 03:00:00,CP-05,Running,54.72,28.52,7.09,401.73,31.11,83.05
2026-01-18 16:00:00,CP-05,Running,51.85,26.41,6.9,357.31,29.38,72.31
2026-03-28 23:00:00,CP-01,Running,50.09,23.12,6.77,313.03,30.13,62.5
2026-01-10 12:00:00,CP-04,Running,47.61,20.46,6.5,323.94,29.86,58.26
2026-03-16 17:00:00,CP-04,Running,47.73,20.14,6.39,263.96,28.58,50.17
2026-02-22 11:00:00,CP-04,Running,48.37,20.97,6.67,306.21,29.93,62.05
2026-03-07 17:00:00,CP-04,Running,44.33,18.88,6.35,280.36,26.76,54.14
2026-03-11 11:00:00,CP-05,Running,57.32,29.51,6.92,407.47,31.72,77.38
2026-03-05 14:00:00,CP-03,Running,52.78,25.6,6.85,379.7,28.62,67.2
2026-03-09 18:00:00,CP-02,Running,47.37,21.03,6.46,303.86,28.99,58.85
2026-01-10 19:00:00,CP-03,Running,50.26,24.43,6.81,361.35,29.38,68.18
2026-01-28 02:00:00,CP-01,Running,53.05,25.24,6.76,385.04,32.28,76.42
2026-03-01 13:00:00,CP-03,Running,52.96,26.12,6.87,399.82,31.68,74.97
2026-03-18 06:00:00,CP-04,Running,51.04,22.32,6.82,336.79,30.68,66.23
2026-01-28 21:00:00,CP-05,Running,52.3,26.5,6.97,347.39,29.94,69.89
2026-03-16 19:00:00,CP-05,Running,50.79,25.8,6.97,375.64,28.6,71.12
2026-02-15 00:00:00,CP-03,Running,52.07,25.25,7.04,339.03,30.14,67.16
2026-02-20 19:00:00,CP-03,Running,49.24,23.71,6.82,308.84,29.21,63.87
2026-03-20 03:00:00,CP-02,Running,52.13,23.96,6.89,383.53,31.75,74.5
2026-03-14 12:00:00,CP-01,Running,52.56,24.84,6.85,406.35,30.19,73.34
2026-03-05 05:00:00,CP-04,Running,49.47,21.67,6.58,363.1,30.23,66.9
2026-03-04 12:00:00,CP-05,Running,55.72,28.84,7.03,447.25,31.73,79.86
2026-01-13 21:00:00,CP-03,Running,49.22,23.91,6.89,337.19,29.53,67.88
2026-03-24 08:00:00,CP-02,Stopped,30.45,11.8,6.92,8.15,27.28,1.63
2026-01-26 01:00:00,CP-03,Running,52.3,25.91,6.9,385.53,30.71,77.1
2026-01-23 11:00:00,CP-05,Running,56.67,29.5,7.06,400.37,30.64,82.56
2026-01-26 08:00:00,CP-02,Running,55.14,25.24,6.88,370.0,33.05,72.71
2026-03-04 19:00:00,CP-02,Running,50.75,22.63,6.67,314.7,28.49,60.72
2026-02-28 01:00:00,CP-05,Running,56.18,29.11,7.11,398.78,29.54,80.27
2026-03-02 17:00:00,CP-04,Running,44.3,18.74,6.46,256.4,26.7,51.19
2026-02-11 17:00:00,CP-04,Running,48.75,21.02,6.5,309.42,27.92,59.73
2026-03-27 19:00:00,CP-02,Running,50.31,22.64,6.54,336.41,28.21,64.9
2026-01-27 18:00:00,CP-05,Running,50.0,25.54,6.8,379.31,28.74,73.77
2026-01-10 11:00:00,CP-01,Running,54.08,25.53,6.91,393.83,31.98,72.88
2026-03-05 17:00:00,CP-03,Running,53.0,25.95,6.66,362.06,29.07,71.65
2026-03-31 05:00:00,CP-02,Running,50.13,23.11,6.92,391.0,31.49,75.81
2026-03-15 12:00:00,CP-04,Running,49.04,21.0,6.51,288.76,29.4,56.55
2026-01-19 00:00:00,CP-05,Running,57.43,29.86,7.01,403.91,30.82,81.98
2026-01-05 16:00:00,CP-05,Running,52.0,26.61,6.93,375.75,29.08,74.6
2026-03-01 09:00:00,CP-04,Running,46.98,20.4,6.75,318.93,31.99,62.88
2026-02-15 09:00:00,CP-04,Running,53.98,23.82,6.68,355.77,31.62,70.31
2026-01-04 01:00:00,CP-01,Running,50.58,23.96,6.7,392.79,29.83,74.48
2026-02-23 10:00:00,CP-01,Running,52.07,24.7,6.86,355.28,31.79,75.16
2026-02-28 21:00:00,CP-02,Running,46.66,20.8,6.56,292.81,27.76,60.63
2026-01-03 16:00:00,CP-05,Running,49.91,25.11,6.84,336.46,28.74,66.71
2026-01-25 21:00:00,CP-03,Running,47.58,22.98,6.77,311.33,29.57,65.31
2026-01-25 17:00:00,CP-04,Running,44.61,18.94,6.52,239.45,28.49,52.73
2026-02-04 07:00:00,CP-01,Running,55.69,26.96,7.08,464.38,32.95,84.52
2026-03-03 17:00:00,CP-02,Running,44.82,19.85,6.48,304.5,28.96,57.65
2026-01-04 01:00:00,CP-05,Stopped,26.57,11.48,7.05,12.99,26.32,2.35
2026-01-11 13:00:00,CP-04,Running,48.19,20.98,6.57,329.12,32.12,64.06
2026-01-01 17:00:00,CP-03,Running,52.48,25.83,6.76,381.77,28.69,73.91
2026-01-15 22:00:00,CP-03,Running,53.09,26.08,6.83,347.57,28.47,73.11
2026-02-07 04:00:00,CP-02,Running,50.76,22.97,6.85,347.04,32.0,67.45
2026-02-27 02:00:00,CP-04,Running,51.63,22.52,6.61,331.91,30.43,65.01
2026-02-16 14:00:00,CP-01,Running,53.47,25.47,6.78,372.6,31.82,77.03
2026-02-07 02:00:00,CP-03,Running,55.26,27.64,7.03,451.44,32.47,81.43
2026-03-17 14:00:00,CP-03,Running,56.13,27.71,6.77,357.0,30.5,75.31
2026-03-09 23:00:00,CP-04,Running,49.41,21.63,6.45,345.36,28.41,66.61
2026-02-05 02:00:00,CP-01,Stopped,27.95,11.13,6.73,2.19,26.56,0.41
2026-01-20 20:00:00,CP-01,Running,49.44,22.9,6.59,317.02,29.38,63.99
2026-02-17 10:00:00,CP-01,Running,55.63,26.45,6.81,381.37,32.71,76.13
2026-03-06 07:00:00,CP-05,Running,57.85,30.05,7.18,418.43,31.9,81.51
2026-02-18 10:00:00,CP-05,Running,53.95,28.12,7.22,406.97,30.69,83.06
2026-02-15 21:00:00,CP-02,Running,51.06,22.77,6.58,306.7,29.9,60.71
2026-03-04 22:00:00,CP-02,Running,50.15,22.51,6.58,330.71,28.79,63.7
2026-02-07 00:00:00,CP-03,Running,52.95,26.25,6.93,404.21,29.62,77.27
2026-01-03 13:00:00,CP-01,Running,48.52,22.76,6.81,399.39,29.21,69.93
2026-03-18 03:00:00,CP-02,Running,54.08,24.84,6.76,357.21,31.68,74.19
2026-03-27 00:00:00,CP-04,Running,52.55,22.98,6.63,348.27,30.91,66.0
2026-01-14 21:00:00,CP-04,Running,46.92,19.98,6.54,240.27,27.24,54.16
2026-02-17 13:00:00,CP-02,Running,50.22,22.23,6.58,295.77,27.97,57.47
2026-03-29 16:00:00,CP-05,Running,51.97,26.47,6.82,372.14,29.26,72.39
2026-03-20 14:00:00,CP-05,Running,52.89,27.12,6.76,385.82,29.41,75.45
2026-03-27 15:00:00,CP-02,Running,50.25,22.29,6.53,297.11,28.64,58.34
2026-02-16 17:00:00,CP-02,Running,49.09,22.05,6.54,336.55,28.79,64.09
2026-03-04 01:00:00,CP-02,Running,51.42,23.4,6.77,360.63,30.45,69.89
2026-01-08 00:00:00,CP-02,Running,48.39,21.75,6.72,348.61,28.92,64.31
2026-01-24 11:00:00,CP-01,Running,52.07,24.47,6.77,337.03,29.34,70.69
2026-03-30 07:00:00,CP-04,Running,55.33,24.22,6.81,359.53,31.87,66.45
2026-02-28 12:00:00,CP-04,Running,47.98,20.82,6.53,301.08,31.09,62.48
2026-02-05 02:00:00,CP-04,Running,51.15,22.27,6.56,297.43,31.36,64.01
2026-01-25 00:00:00,CP-02,Running,53.89,24.76,6.58,367.58,30.61,74.38
2026-01-10 19:00:00,CP-04,Running,48.09,20.29,6.39,264.69,27.93,50.12
2026-03-07 10:00:00,CP-02,Running,52.02,23.79,6.95,372.14,30.89,72.18
2026-01-20 23:00:00,CP-02,Running,46.25,20.48,6.74,275.01,29.16,57.61
2026-01-13 00:00:00,CP-03,Running,52.46,25.76,6.91,380.4,31.69,72.85
2026-02-14 05:00:00,CP-02,Running,54.99,25.03,6.72,375.31,32.42,69.96
2026-01-29 10:00:00,CP-01,Running,55.8,26.7,6.81,441.71,31.04,79.16
2026-02-08 13:00:00,CP-02,Running,52.25,24.09,6.62,381.1,30.04,75.91
2026-01-24 08:00:00,CP-03,Running,56.33,27.98,7.08,362.99,32.55,78.22
2026-01-03 10:00:00,CP-05,Running,56.19,29.1,7.09,412.44,30.95,80.14
2026-03-18 09:00:00,CP-05,Running,54.18,27.73,7.16,360.13,32.25,74.53
2026-01-26 02:00:00,CP-03,Running,52.26,25.94,6.96,385.74,32.0,78.01
2026-01-31 19:00:00,CP-05,Running,51.39,26.06,6.73,383.17,29.17,70.34
2026-03-13 03:00:00,CP-04,Running,50.56,22.54,6.9,398.16,30.45,74.98
2026-01-25 12:00:00,CP-04,Running,51.96,22.28,6.68,288.59,30.53,57.31
2026-01-03 02:00:00,CP-05,Stopped,27.14,11.72,6.98,10.23,27.37,1.97
2026-01-24 14:00:00,CP-03,Running,49.41,24.23,6.79,372.34,30.19,72.16
2026-01-02 07:00:00,CP-03,Running,55.05,27.56,7.09,427.36,32.29,81.92
2026-02-27 06:00:00,CP-04,Running,50.64,22.11,6.77,339.62,31.02,65.41
2026-02-07 10:00:00,CP-05,Running,54.82,28.63,6.95,466.18,30.66,84.11
2026-02-11 19:00:00,CP-03,Running,51.08,24.8,6.71,381.71,29.36,67.63
2026-01-10 16:00:00,CP-03,Running,50.56,24.53,6.9,365.8,28.97,67.39
2026-03-15 02:00:00,CP-03,Running,55.58,27.67,6.86,417.25,31.31,79.32
2026-02-03 05:00:00,CP-04,Running,53.42,23.51,6.88,366.43,33.01,69.06
2026-01-18 07:00:00,CP-01,Running,51.58,24.2,6.94,351.84,30.48,69.91
2026-01-02 05:00:00,CP-05,Running,54.45,28.62,7.08,452.91,31.36,87.07
2026-02-26 15:00:00,CP-01,Running,54.57,25.56,6.84,361.14,29.54,69.14
2026-01-22 00:00:00,CP-02,Running,47.06,21.16,6.69,315.92,28.98,64.39
2026-01-13 17:00:00,CP-02,Running,44.62,19.55,6.53,278.21,25.42,52.87
2026-02-09 14:00:00,CP-03,Running,50.54,24.72,6.86,388.0,29.86,71.08
2026-03-09 23:00:00,CP-01,Running,54.08,25.45,6.8,378.07,30.17,71.36
2026-03-23 02:00:00,CP-03,Running,54.27,26.83,7.04,364.54,30.51,76.08
2026-03-02 21:00:00,CP-02,Running,47.94,21.2,6.5,287.06,28.69,56.99
2026-02-15 14:00:00,CP-01,Running,49.34,22.98,6.65,342.38,27.85,66.71
2026-02-04 09:00:00,CP-04,Running,51.61,22.79,6.67,376.72,31.4,70.54
2026-01-11 20:00:00,CP-04,Running,47.96,20.4,6.42,295.96,26.76,53.66
2026-01-30 08:00:00,CP-03,Running,54.48,27.05,6.94,367.14,30.94,78.05
2026-02-10 09:00:00,CP-03,Running,52.99,26.43,7.06,411.13,32.15,80.19
2026-02-14 12:00:00,CP-04,Running,48.77,20.98,6.6,310.69,31.03,58.67
2026-03-10 11:00:00,CP-01,Running,48.06,22.34,6.84,339.19,30.2,65.76
2026-02-06 19:00:00,CP-03,Running,49.64,23.99,6.64,332.26,30.04,65.62
2026-03-06 14:00:00,CP-05,Running,51.58,26.09,6.9,364.26,27.56,69.19
2026-01-02 10:00:00,CP-03,Running,55.82,27.76,6.89,400.16,32.41,78.78
2026-02-25 21:00:00,CP-05,Running,55.23,28.05,7.01,379.1,29.64,71.06
2026-03-09 20:00:00,CP-03,Running,51.05,24.41,6.97,338.46,28.38,60.68
2026-03-30 21:00:00,CP-03,Running,52.78,25.59,6.74,344.98,29.29,67.1
2026-01-16 09:00:00,CP-05,Running,59.2,30.98,7.08,427.04,32.92,85.05
2026-02-24 04:00:00,CP-05,Running,55.07,28.7,7.05,365.17,31.77,83.09
2026-02-28 21:00:00,CP-03,Running,47.68,22.85,6.85,321.98,29.2,61.78
2026-01-23 09:00:00,CP-01,Running,51.62,24.34,6.97,341.39,32.2,72.17
2026-01-28 22:00:00,CP-05,Stopped,27.58,11.85,6.89,0.13,26.29,0.03
2026-01-30 10:00:00,CP-05,Running,56.65,29.45,7.07,395.92,31.38,82.0
2026-01-12 04:00:00,CP-03,Running,55.57,27.93,7.02,411.41,32.29,83.74
2026-02-06 04:00:00,CP-04,Running,49.4,21.8,6.77,372.26,31.11,70.26
2026-02-13 00:00:00,CP-04,Running,48.54,21.13,6.62,360.49,29.68,64.04
2026-03-17 18:00:00,CP-01,Running,49.21,22.76,6.64,335.86,28.36,63.45
2026-03-14 02:00:00,CP-05,Running,54.04,28.01,7.17,404.68,31.3,80.47
2026-03-30 04:00:00,CP-04,Running,53.18,23.51,6.7,342.36,30.24,71.0
2026-01-17 06:00:00,CP-03,Running,48.77,24.07,6.95,395.23,33.13,75.28
2026-02-23 14:00:00,CP-03,Running,48.34,23.5,6.94,322.89,29.62,68.32
2026-02-12 23:00:00,CP-01,Running,52.18,24.72,6.77,365.41,29.74,74.46
2026-02-17 08:00:00,CP-01,Running,53.46,25.36,6.91,365.45,31.8,75.07
2026-01-02 03:00:00,CP-03,Running,55.15,27.46,7.08,403.77,31.26,79.34
2026-03-29 23:00:00,CP-05,Running,57.85,30.02,7.04,417.12,29.18,81.03
2026-02-04 01:00:00,CP-01,Running,48.75,22.66,6.79,346.83,29.69,65.67
2026-03-09 08:00:00,CP-02,Running,51.42,23.44,6.79,370.61,29.92,70.73
2026-01-23 19:00:00,CP-02,Running,49.9,22.07,6.56,270.63,28.27,56.96
2026-02-27 23:00:00,CP-05,Running,52.87,26.63,6.93,315.18,27.95,67.2
2026-01-21 16:00:00,CP-03,Stopped,32.98,13.75,6.84,14.01,25.53,2.96
2026-03-28 02:00:00,CP-04,Running,50.22,22.11,6.63,361.67,31.17,69.05
2026-02-07 15:00:00,CP-01,Running,52.42,24.15,6.69,328.65,28.91,61.67
2026-03-16 21:00:00,CP-04,Running,45.48,19.43,6.49,292.64,28.52,55.55
2026-03-15 05:00:00,CP-02,Running,51.55,23.89,6.79,386.26,32.16,78.4
2026-02-19 17:00:00,CP-05,Running,49.11,24.74,6.82,337.45,28.93,67.32
2026-03-26 03:00:00,CP-05,Running,55.39,28.92,7.14,402.01,31.48,83.92
2026-03-05 19:00:00,CP-02,Stopped,28.03,10.93,6.48,19.54,25.51,4.03
2026-02-23 19:00:00,CP-01,Running,46.21,21.15,6.79,300.1,28.61,58.77
2026-03-08 08:00:00,CP-03,Running,52.33,26.05,6.99,460.41,32.61,79.27
2026-01-15 07:00:00,CP-05,Stopped,29.26,12.74,7.11,27.8,28.99,5.25
2026-02-02 03:00:00,CP-04,Running,51.0,22.06,6.79,307.86,30.77,61.18
2026-02-01 21:00:00,CP-03,Running,51.82,25.31,6.53,379.96,28.54,70.46
2026-03-21 14:00:00,CP-05,Running,55.69,28.68,7.01,376.01,30.21,77.52
2026-01-01 06:00:00,CP-05,Running,56.02,29.42,7.18,449.41,33.25,86.69
2026-01-19 15:00:00,CP-01,Running,52.11,24.38,6.69,353.88,29.02,68.59
2026-01-11 07:00:00,CP-05,Running,53.41,27.89,7.28,442.98,31.36,84.1
2026-01-29 20:00:00,CP-01,Running,46.26,20.84,6.58,269.18,28.04,51.77
2026-01-11 09:00:00,CP-01,Running,54.98,26.35,6.96,,32.17,79.81
2026-01-16 04:00:00,CP-05,Running,56.52,29.7,6.96,449.79,31.22,87.01
2026-03-05 17:00:00,CP-05,Stopped,28.81,12.49,6.91,17.0,26.06,3.45
2026-02-20 05:00:00,CP-03,Running,54.97,27.44,7.1,381.05,31.91,80.62
2026-03-18 01:00:00,CP-02,Running,50.46,22.81,6.8,336.33,31.11,66.94
2026-01-28 23:00:00,CP-02,Running,51.2,23.0,6.58,312.14,29.96,64.12
2026-03-05 02:00:00,CP-02,Running,51.42,23.37,6.84,356.81,30.72,69.39
2026-01-04 22:00:00,CP-01,Running,52.81,24.98,6.68,395.23,29.57,73.82
2026-03-07 19:00:00,CP-04,Running,47.96,20.35,6.4,282.4,27.44,52.47
2026-03-08 19:00:00,CP-05,Running,53.87,27.72,6.81,400.74,29.7,77.21
2026-02-18 09:00:00,CP-04,Running,47.89,20.88,6.62,344.11,30.46,64.86
2026-02-19 15:00:00,CP-02,Running,48.42,21.68,6.66,306.86,28.05,62.6
2026-02-25 08:00:00,CP-03,Running,58.18,28.99,7.03,376.75,32.02,79.8
2026-02-21 00:00:00,CP-05,Running,55.53,28.97,7.03,398.15,30.11,83.51
2026-01-29 17:00:00,CP-02,Running,48.36,21.65,6.66,311.63,28.62,62.53
2026-03-16 11:00:00,CP-03,Running,55.72,27.64,7.01,389.31,30.64,77.59
2026-01-06 06:00:00,CP-03,Running,58.56,29.52,7.02,467.67,31.42,85.27
2026-02-01 06:00:00,CP-03,Running,53.58,26.78,7.02,439.63,32.37,81.17
2026-03-12 01:00:00,CP-04,Running,52.26,22.9,6.6,321.32,30.27,67.02
2026-01-30 04:00:00,CP-05,Running,59.11,31.06,7.12,434.7,32.83,87.01
2026-01-15 20:00:00,CP-03,Running,53.56,26.14,6.69,371.06,27.92,70.17
2026-03-07 04:00:00,CP-04,Running,46.78,20.0,6.77,294.22,30.42,55.79
2026-01-05 10:00:00,CP-01,Running,54.43,25.76,6.75,393.86,30.07,74.06
2026-01-14 19:00:00,CP-02,Running,46.35,20.55,6.63,296.78,28.27,58.18
2026-02-16 02:00:00,CP-03,Running,54.99,27.46,7.14,406.95,31.52,80.67
2026-03-19 00:00:00,CP-04,Running,48.37,20.95,6.75,319.47,29.1,61.76
2026-03-03 01:00:00,CP-04,Running,49.46,21.34,6.56,317.23,29.94,60.02
2026-01-03 03:00:00,CP-05,Running,58.08,30.09,7.06,421.94,33.28,80.31
2026-01-28 16:00:00,CP-01,Running,54.75,25.92,6.84,354.37,30.83,74.03
2026-01-09 05:00:00,CP-03,Running,55.94,27.91,6.99,427.07,31.27,80.39
2026-03-13 10:00:00,CP-05,Running,57.39,30.04,7.07,472.0,31.47,85.16
2026-03-31 09:00:00,CP-03,Running,55.33,27.57,6.85,408.19,33.2,79.64
2026-03-18 09:00:00,CP-04,Running,48.75,21.17,6.72,330.01,31.17,62.85
2026-03-13 08:00:00,CP-04,Running,45.57,19.85,6.67,323.1,32.32,64.37
2026-01-28 23:00:00,CP-03,Running,49.63,23.96,6.93,332.46,29.1,65.02
2026-03-11 21:00:00,CP-04,Running,43.98,18.7,6.49,277.95,28.87,53.49
2026-01-07 21:00:00,CP-03,Running,48.02,22.96,6.77,326.49,29.36,60.69
2026-03-02 13:00:00,CP-04,Running,42.97,18.4,6.64,282.75,29.37,56.69
2026-01-18 10:00:00,CP-04,Running,50.69,22.03,6.84,309.89,31.21,63.27
2026-01-07 04:00:00,CP-03,Running,56.81,28.71,6.95,461.22,32.18,86.51
2026-01-19 00:00:00,CP-01,Running,53.8,25.6,6.87,346.46,31.39,76.61
2026-02-25 23:00:00,CP-04,Running,49.42,21.24,6.58,301.57,29.22,58.33
2026-01-20 16:00:00,CP-01,Running,50.85,23.53,6.67,323.4,29.49,63.65
2026-01-12 17:00:00,CP-03,Running,50.68,24.29,6.8,327.82,27.95,61.83
2026-02-11 04:00:00,CP-05,Running,52.0,26.78,7.09,419.58,31.97,77.56
2026-02-24 22:00:00,CP-04,Running,50.21,21.41,6.54,277.85,29.63,54.61
2026-02-24 23:00:00,CP-05,Running,51.11,26.09,6.96,375.44,30.08,73.45
2026-01-10 19:00:00,CP-02,Running,48.19,21.32,6.45,326.88,28.19,57.07
2026-02-25 10:00:00,CP-02,Running,52.17,23.59,6.63,339.17,31.43,66.98
2026-01-20 19:00:00,CP-02,Running,46.31,20.46,6.59,249.89,27.41,56.61
2026-03-30 08:00:00,CP-04,Running,53.45,23.72,6.91,400.87,30.55,72.94
2026-02-08 03:00:00,CP-05,Running,58.53,30.73,7.13,460.74,32.35,86.62
2026-02-05 13:00:00,CP-04,Running,53.22,23.19,6.57,326.34,29.53,64.5
2026-03-13 21:00:00,CP-01,Running,42.9,19.53,6.71,289.83,28.69,56.41
2026-03-21 11:00:00,CP-05,Running,56.51,29.47,7.1,399.19,31.29,83.33
2026-02-17 20:00:00,CP-02,Running,51.71,23.13,6.54,285.81,29.35,62.05
2026-03-06 13:00:00,CP-02,Running,47.03,20.96,6.67,309.87,27.73,60.44
2026-01-28 09:00:00,CP-01,Running,56.13,26.87,7.06,388.73,31.58,79.34
2026-03-17 11:00:00,CP-05,Running,55.31,28.97,6.93,407.13,29.31,85.44
2026-01-18 21:00:00,CP-05,Running,50.63,25.78,6.86,357.82,27.9,72.16
2026-02-25 07:00:00,CP-01,Running,55.63,26.46,6.92,402.83,33.08,76.33
2026-02-27 03:00:00,CP-03,Running,51.19,25.18,6.95,357.99,31.21,73.74
2026-03-05 11:00:00,CP-04,Running,49.85,21.46,6.72,321.91,28.93,59.04
2026-03-24 07:00:00,CP-04,Running,54.26,23.78,6.72,320.43,32.51,67.16
2026-02-14 05:00:00,CP-05,Running,54.97,28.53,7.09,430.89,31.32,81.19
2026-02-18 12:00:00,CP-01,Running,51.69,24.01,6.92,335.55,28.53,65.44
2026-03-28 13:00:00,CP-04,Running,42.72,18.38,6.5,296.64,29.6,58.7
2026-03-07 22:00:00,CP-01,Running,52.21,24.46,6.64,381.46,29.62,69.31
2026-03-14 14:00:00,CP-03,Running,50.04,24.46,6.76,369.57,30.95,70.75
2026-02-03 10:00:00,CP-01,Running,52.75,25.08,6.88,416.46,31.03,76.05
2026-01-02 18:00:00,CP-04,Running,42.74,17.84,6.5,248.43,27.38,45.35
2026-01-12 11:00:00,CP-02,Running,57.34,26.42,6.65,391.01,29.56,75.77
2026-02-27 20:00:00,CP-05,Running,51.17,25.68,6.89,327.03,28.79,65.52
2026-01-14 05:00:00,CP-03,Running,53.11,26.36,7.2,386.49,31.39,77.87
2026-02-22 21:00:00,CP-05,Running,53.61,27.36,6.9,372.0,27.51,73.24
2026-03-02 09:00:00,CP-05,Running,56.25,29.28,7.14,440.71,31.39,82.52
2026-01-21 22:00:00,CP-03,Running,54.31,26.8,6.82,373.53,27.73,75.19
2026-03-23 14:00:00,CP-03,Running,55.13,27.25,6.87,374.78,32.13,76.03
2026-01-28 21:00:00,CP-03,Running,53.63,26.47,6.87,374.97,30.23,75.27
2026-02-04 11:00:00,CP-02,Running,52.0,23.75,6.74,369.76,31.45,71.54
2026-02-06 19:00:00,CP-05,Running,49.27,25.11,6.79,373.27,30.03,72.64
2026-01-12 08:00:00,CP-04,Running,49.3,21.57,6.85,340.78,30.73,66.41
2026-02-20 01:00:00,CP-01,Running,54.77,26.17,6.76,392.94,30.08,78.42
2026-03-29 00:00:00,CP-03,Running,52.81,25.98,6.88,371.68,31.28,73.75
2026-02-13 19:00:00,CP-02,Running,49.43,21.76,6.48,284.63,27.96,55.05
2026-02-26 18:00:00,CP-04,Running,50.2,21.54,6.32,290.95,27.08,57.51
2026-01-21 19:00:00,CP-02,Stopped,27.66,10.72,6.57,8.07,25.71,1.77
2026-03-11 20:00:00,CP-05,Running,55.48,28.59,6.88,382.53,29.18,77.83
2026-02-02 12:00:00,CP-02,Stopped,29.99,11.79,6.75,37.64,26.24,7.3
2026-03-06 03:00:00,CP-02,Running,51.4,23.41,6.73,356.91,31.99,70.26
2026-02-11 07:00:00,CP-03,Running,60.03,30.35,7.02,445.25,32.13,86.63
2026-01-19 09:00:00,CP-04,Running,53.6,23.7,6.68,366.04,31.89,71.12
2026-02-26 18:00:00,CP-02,Running,45.01,19.87,6.63,300.36,28.83,56.15
2026-01-31 11:00:00,CP-05,Running,53.3,27.62,7.03,423.37,30.76,80.42
2026-03-27 01:00:00,CP-02,Running,50.94,23.12,6.83,353.66,30.32,68.74
2026-01-12 05:00:00,CP-03,Running,62.54,31.61,7.17,481.17,31.62,86.42
2026-01-11 10:00:00,CP-05,Running,53.05,27.43,7.03,414.79,32.9,79.36
2026-01-21 17:00:00,CP-05,Running,49.93,25.62,6.88,378.5,30.64,75.81
2026-02-18 14:00:00,CP-03,Running,51.16,24.49,6.77,305.54,28.27,61.17
2026-03-21 20:00:00,CP-04,Running,49.01,21.06,,284.99,28.03,58.24
2026-01-21 18:00:00,CP-03,Running,52.34,25.18,6.87,314.56,27.66,63.51
2026-03-04 04:00:00,CP-02,Running,49.57,22.82,6.9,414.77,32.92,75.26
2026-01-27 01:00:00,CP-04,Running,49.43,21.86,6.63,361.2,30.59,71.17
2026-02-10 21:00:00,CP-05,Running,52.35,26.72,6.78,403.53,29.19,73.3
2026-02-09 20:00:00,CP-04,Running,47.37,20.31,6.45,300.21,28.59,57.27
2026-02-21 18:00:00,CP-04,Running,43.82,18.48,6.46,247.94,29.29,49.77
2026-01-14 21:00:00,CP-01,Running,48.54,22.27,6.79,291.59,28.19,59.72
2026-02-14 11:00:00,CP-03,Running,56.34,27.92,6.86,373.75,30.73,77.17
2026-02-24 10:00:00,CP-02,Running,53.42,24.74,6.74,383.12,31.65,78.09
2026-01-12 13:00:00,CP-02,Stopped,29.61,11.56,6.65,25.48,27.02,4.7
2026-03-01 21:00:00,CP-05,Running,54.98,27.99,6.81,388.15,29.04,72.11
2026-02-13 05:00:00,CP-01,Running,54.74,26.08,6.9,411.86,31.07,77.14
2026-03-01 06:00:00,CP-03,Running,55.8,28.41,7.2,464.77,32.37,89.91
2026-01-29 12:00:00,CP-03,Running,54.47,26.56,6.85,338.6,30.64,69.58
2026-01-10 00:00:00,CP-02,Running,49.37,21.99,6.68,333.83,30.06,60.18
2026-03-19 11:00:00,CP-05,Running,53.31,27.24,7.1,359.35,30.91,73.88
2026-03-22 12:00:00,CP-03,Running,54.36,27.17,6.83,411.56,29.73,81.16
2026-01-18 18:00:00,CP-03,Running,48.91,23.25,6.75,281.25,27.26,58.04
2026-02-27 13:00:00,CP-03,Running,52.01,25.31,7.01,340.16,29.74,68.84
2026-03-07 01:00:00,CP-03,Running,55.68,27.79,7.01,449.55,30.91,80.51
2026-02-14 21:00:00,CP-01,Running,44.57,20.11,6.71,286.38,28.82,52.35
2026-01-22 04:00:00,CP-02,Stopped,29.71,11.5,6.77,5.98,27.83,1.2
2026-02-06 21:00:00,CP-05,Running,57.89,29.98,7.07,417.16,28.46,80.2
2026-02-24 01:00:00,CP-01,Running,49.76,23.3,6.77,347.49,31.33,69.08
2026-03-04 07:00:00,CP-05,Running,56.73,29.9,7.2,474.2,32.45,88.42
2026-03-26 22:00:00,CP-01,Running,49.33,22.99,6.47,325.42,29.34,66.94
2026-01-29 21:00:00,CP-05,Running,71.20949999999999,24.95,6.88,362.6,28.53,71.19
2026-02-15 01:00:00,CP-04,Running,48.24,20.92,6.71,314.01,29.43,62.17
2026-01-20 11:00:00,CP-04,Running,50.76,22.23,6.7,303.86,30.87,66.86
2026-02-04 15:00:00,CP-02,Running,50.34,22.61,6.6,336.63,28.69,63.83
2026-03-08 00:00:00,CP-03,Running,54.56,27.01,6.84,414.01,30.11,76.61
2026-03-13 00:00:00,CP-01,Running,54.48,25.77,6.89,381.71,29.5,73.82
2026-01-19 09:00:00,CP-02,Running,53.05,24.05,6.72,350.09,30.38,68.15
2026-03-14 20:00:00,CP-01,Running,50.07,23.31,6.71,329.24,28.81,66.35
2026-01-30 00:00:00,CP-04,Running,47.14,20.58,6.63,325.82,30.22,65.26
2026-03-21 14:00:00,CP-01,Running,52.25,24.57,6.55,340.59,30.14,70.93
2026-03-20 20:00:00,CP-02,Running,48.71,21.82,6.54,315.67,27.09,62.74
2026-01-31 23:00:00,CP-03,Running,56.25,27.65,6.87,391.23,29.55,73.36
2026-01-30 13:00:00,CP-05,Running,56.52,29.12,6.9,410.22,30.94,77.74
2026-03-23 11:00:00,CP-02,Running,48.21,21.92,6.65,333.12,31.42,69.5
2026-01-04 15:00:00,CP-03,Running,56.09,27.47,6.83,384.7,28.26,71.73
2026-03-02 22:00:00,CP-02,Running,47.12,21.06,6.71,345.35,28.36,61.73
2026-03-24 17:00:00,CP-04,Running,46.46,20.09,6.44,298.46,27.72,61.1
2026-03-18 04:00:00,CP-01,Running,54.17,25.89,6.92,375.68,33.07,78.56
2026-01-23 07:00:00,CP-02,Running,49.15,22.24,6.81,325.36,30.89,67.28
2026-01-02 11:00:00,CP-02,Running,49.76,22.49,6.77,333.67,30.89,66.79
2026-02-18 10:00:00,CP-01,Running,52.76,25.11,6.9,364.06,30.26,76.65
2026-02-17 18:00:00,CP-01,Running,49.09,22.63,6.68,299.79,27.46,61.87
2026-01-11 09:00:00,CP-04,Running,50.41,22.11,6.64,359.85,30.96,67.39
2026-01-27 06:00:00,CP-02,Running,52.24,24.28,6.86,413.79,32.03,79.81
2026-01-13 17:00:00,CP-02,Running,44.62,19.55,6.53,278.21,25.42,52.87
2026-01-10 19:00:00,CP-05,Running,53.2,26.91,6.93,348.68,28.52,69.1
2026-03-12 22:00:00,CP-03,Stopped,28.68,11.92,6.89,9.78,26.7,1.93
2026-02-11 00:00:00,CP-01,Running,48.0,22.26,6.79,315.76,29.2,64.66
2026-03-18 21:00:00,CP-01,Running,47.18,21.61,6.76,282.9,26.82,58.92
2026-03-05 11:00:00,CP-03,Stopped,31.37,13.0,6.92,3.32,28.29,0.64
2026-03-08 02:00:00,CP-04,Running,50.91,22.21,6.68,336.7,30.66,64.95
2026-02-16 16:00:00,CP-04,Running,45.29,19.36,6.42,262.39,28.55,55.73
2026-03-29 18:00:00,CP-01,Running,48.37,22.4,6.74,312.31,28.24,64.04
2026-03-25 13:00:00,CP-03,Running,53.83,26.48,6.7,352.74,29.93,73.73
2026-02-18 08:00:00,CP-04,Running,49.12,21.38,6.64,323.03,32.12,63.96
2026-01-09 02:00:00,CP-03,Running,55.96,28.12,7.05,417.48,31.44,83.79
2026-01-25 11:00:00,CP-04,Running,49.99,21.69,6.74,313.44,31.64,62.52
2026-02-23 09:00:00,CP-05,Running,58.05,30.12,7.11,383.97,32.84,81.03
2026-02-07 21:00:00,CP-03,Running,52.33,25.67,6.7,403.37,29.56,72.41
2026-02-13 05:00:00,CP-02,Running,53.02,24.12,6.99,369.45,32.77,69.87
2026-01-21 02:00:00,CP-05,Running,58.09,30.23,7.21,413.29,31.89,82.44
2026-01-10 13:00:00,CP-05,Running,53.95,27.47,6.87,368.23,30.01,72.23
2026-02-13 14:00:00,CP-03,Running,54.19,26.26,6.78,337.64,29.7,66.88
2026-02-28 13:00:00,CP-03,Running,52.32,25.52,6.95,348.56,30.15,69.8
2026-01-23 08:00:00,CP-05,Running,55.95,29.37,7.11,437.34,32.83,86.56
2026-02-10 16:00:00,CP-01,Running,49.26,22.81,6.73,338.03,29.42,64.03
2026-02-21 18:00:00,CP-01,Running,44.25,20.16,6.55,283.38,26.99,56.65
2026-01-12 16:00:00,CP-04,Running,40.29,17.25,6.65,295.54,29.23,56.46
2026-03-30 10:00:00,CP-03,Running,56.47,28.35,6.98,399.8,32.15,83.34
2026-03-15 13:00:00,CP-03,Running,56.09,27.51,6.89,351.09,30.54,72.4
2026-01-06 17:00:00,CP-05,Running,52.2,26.55,7.05,384.67,27.5,71.72
2026-01-07 16:00:00,CP-05,Running,52.44,26.35,6.93,358.69,29.36,66.04
2026-01-16 04:00:00,CP-01,Running,53.76,25.49,6.9,392.98,31.24,74.81
2026-02-26 22:00:00,CP-03,Running,51.61,24.94,6.71,335.97,29.43,65.49
2026-01-29 03:00:00,CP-03,Running,56.59,28.54,7.03,453.18,30.74,85.42
2026-01-26 07:00:00,CP-02,Running,54.1,24.62,7.0,347.91,31.87,69.83
2026-03-10 03:00:00,CP-04,Running,54.05,23.83,6.77,349.65,30.52,69.89
2026-03-10 22:00:00,CP-05,Running,49.56,25.37,6.94,400.7,28.46,74.71
2026-03-06 20:00:00,CP-04,Running,46.68,19.79,6.49,275.85,25.76,52.11
2026-03-07 23:00:00,CP-05,Stopped,30.24,13.23,6.98,38.45,25.41,7.1
2026-01-30 01:00:00,CP-01,Running,52.74,25.09,7.0,384.6,30.69,76.29
2026-03-21 08:00:00,CP-04,Running,51.91,22.88,6.57,328.7,31.37,69.57
2026-01-22 09:00:00,CP-02,Running,47.85,21.64,6.81,309.9,30.4,67.13
2026-01-16 17:00:00,CP-03,Running,49.31,23.87,6.87,340.52,27.24,66.38
2026-03-04 00:00:00,CP-02,Running,50.1,22.43,6.69,319.23,29.11,62.42
2026-01-08 23:00:00,CP-05,Running,55.59,28.58,6.98,388.6,31.69,76.7
2026-02-19 03:00:00,CP-04,Running,49.7,21.38,6.65,314.57,30.6,58.71
2026-02-18 01:00:00,CP-03,Running,56.43,28.09,7.07,391.01,31.2,79.23
2026-02-22 11:00:00,CP-03,Running,57.0,28.32,7.0,373.6,32.02,78.44
2026-03-27 04:00:00,CP-01,Running,53.49,25.54,6.98,391.26,32.21,78.17
2026-03-09 12:00:00,CP-01,Running,51.12,23.95,6.78,368.49,30.86,69.36
2026-01-11 11:00:00,CP-01,Running,51.79,24.43,6.75,367.09,30.04,72.36
2026-02-14 21:00:00,CP-05,Running,53.18,27.07,6.89,379.77,29.85,72.08
2026-02-08 13:00:00,CP-01,Running,49.43,23.34,6.8,376.46,31.07,72.94
2026-01-27 23:00:00,CP-04,Running,49.08,21.04,6.47,287.02,29.88,57.04
2026-03-12 19:00:00,CP-02,Running,53.13,23.84,6.57,330.19,29.43,63.55
2026-02-06 10:00:00,CP-01,Running,53.27,25.06,6.92,398.12,30.66,71.28
2026-03-13 01:00:00,CP-04,Running,53.67,23.68,6.61,364.98,30.96,70.14
2026-03-27 10:00:00,CP-01,Running,59.06,28.41,6.9,396.72,32.13,81.52
2026-01-13 20:00:00,CP-05,Running,48.55,24.51,6.95,350.31,29.8,68.31
2026-03-05 21:00:00,CP-05,Running,55.73,28.38,6.84,383.62,28.96,72.2
2026-01-31 22:00:00,CP-04,Running,49.81,21.06,6.6,270.69,26.77,50.9
2026-02-18 14:00:00,CP-05,Running,50.96,26.23,6.95,387.75,31.56,77.2
2026-02-28 17:00:00,CP-03,Running,51.32,25.06,6.87,351.75,29.06,70.31
2026-03-12 18:00:00,CP-01,Running,50.07,23.09,6.74,334.5,27.72,62.1
2026-01-14 22:00:00,CP-03,Running,49.71,24.2,6.85,356.69,28.88,68.93
2026-03-16 23:00:00,CP-01,Running,49.89,23.33,6.83,333.52,30.44,68.36
2026-01-16 07:00:00,CP-03,Running,59.49,30.33,6.92,453.11,32.58,90.56
2026-03-07 05:00:00,CP-01,Running,53.97,25.87,7.03,454.02,31.91,80.0
2026-02-10 17:00:00,CP-03,Stopped,29.53,12.34,6.65,20.48,25.71,3.97
2026-01-03 11:00:00,CP-03,Running,54.76,27.27,6.99,442.06,30.18,79.41
2026-03-30 02:00:00,CP-05,Running,58.57,30.88,7.13,420.48,32.83,88.67
2026-03-06 10:00:00,CP-01,Running,53.37,25.42,6.91,403.45,31.28,76.9
2026-01-09 06:00:00,CP-01,Running,55.49,26.8,6.84,416.74,33.03,83.56
2026-01-26 12:00:00,CP-05,Stopped,25.6,11.12,7.0,20.34,27.8,4.36
2026-01-31 21:00:00,CP-02,Running,49.25,22.15,6.6,324.78,28.57,64.51
2026-01-24 17:00:00,CP-03,Running,52.28,25.52,6.76,348.37,27.84,70.21
2026-01-12 18:00:00,CP-04,Running,46.22,19.7,6.41,302.02,27.89,54.58
2026-03-03 13:00:00,CP-01,Running,52.66,24.74,6.82,355.0,30.07,70.61
2026-01-21 11:00:00,CP-03,Running,52.2,25.62,6.94,356.46,30.22,72.69
2026-02-21 17:00:00,CP-01,Running,48.43,22.24,6.61,302.58,29.14,60.2
2026-01-03 06:00:00,CP-01,Running,57.03,27.17,6.98,398.14,31.55,77.09
2026-01-25 19:00:00,CP-03,Stopped,30.44,12.84,6.81,38.55,25.78,7.63
2026-02-23 02:00:00,CP-05,Running,53.74,27.65,7.01,371.38,31.68,77.1
2026-02-10 18:00:00,CP-05,Running,53.62,27.46,6.88,387.74,29.68,74.83
2026-02-06 03:00:00,CP-01,Running,53.01,25.45,6.98,448.59,31.8,80.64
2026-01-25 21:00:00,CP-02,Running,47.64,21.27,6.63,295.61,28.0,61.25
2026-01-29 18:00:00,CP-05,Running,51.73,26.54,6.88,370.91,28.59,75.61
2026-03-05 07:00:00,CP-04,Stopped,32.13,12.23,6.77,36.31,28.88,6.95
2026-02-11 16:00:00,CP-02,Running,44.82,19.83,6.51,286.9,28.03,57.07
2026-03-01 00:00:00,CP-02,Running,49.5,22.04,6.65,320.39,28.56,60.0
2026-02-13 06:00:00,CP-01,Running,54.9,26.37,6.83,420.87,33.39,81.01
2026-03-17 15:00:00,CP-02,Running,48.31,21.8,6.69,349.86,30.3,66.09
2026-02-07 15:00:00,CP-04,Running,48.81,21.18,6.43,333.7,29.86,62.52
2026-03-28 06:00:00,CP-03,Running,55.13,27.52,7.0,397.39,32.12,80.5
2026-01-22 17:00:00,CP-03,Running,51.58,25.1,6.74,337.27,29.38,68.79
2026-02-20 14:00:00,CP-01,Running,50.08,23.37,6.74,322.34,29.14,67.42
2026-03-31 07:00:00,CP-04,Running,47.64,20.81,6.6,325.54,29.88,65.61
2026-01-14 18:00:00,CP-02,Running,46.85,20.67,6.5,301.03,27.72,56.04
2026-01-20 09:00:00,CP-01,Running,56.2,26.39,6.86,359.62,31.26,70.44
2026-01-11 17:00:00,CP-05,Running,48.12,24.14,6.87,337.84,28.87,65.4
2026-02-20 19:00:00,CP-01,Running,47.46,21.99,6.69,317.87,28.58,64.34
2026-03-14 18:00:00,CP-03,Running,51.9,25.09,6.79,350.54,28.13,65.74
2026-02-22 09:00:00,CP-04,Running,51.71,22.87,6.73,345.37,31.57,71.25
2026-02-10 00:00:00,CP-03,Running,53.48,26.45,7.02,405.62,31.39,76.18
2026-02-01 07:00:00,CP-04,Running,51.97,22.9,6.65,367.63,31.02,69.56
2026-02-17 22:00:00,CP-03,Running,53.78,26.74,6.9,423.28,28.94,78.8
2026-01-28 17:00:00,CP-03,Running,51.26,24.86,6.69,335.47,27.79,67.27
2026-03-29 20:00:00,CP-02,Running,53.28,24.13,6.55,325.92,29.18,67.67
2026-02-19 23:00:00,CP-01,Stopped,32.84,13.18,6.85,17.02,27.37,3.65
2026-02-12 16:00:00,CP-05,Running,53.25,26.94,6.9,356.64,29.96,69.31
2026-01-31 00:00:00,CP-03,Running,54.38,27.09,6.89,386.16,30.87,79.56
2026-02-26 07:00:00,CP-05,Running,59.68,31.47,7.19,435.72,32.1,88.66
2026-02-24 11:00:00,CP-05,Running,57.09,29.62,7.07,392.9,30.97,80.95
2026-03-24 21:00:00,CP-04,Running,44.28,18.83,6.49,271.09,27.68,53.45
2026-02-08 00:00:00,CP-02,Running,51.25,23.03,6.76,325.3,28.65,64.21
2026-02-16 14:00:00,CP-05,Running,57.62,29.73,7.05,394.94,30.0,78.31
2026-03-28 05:00:00,CP-05,Running,57.91,30.08,7.2,404.57,32.23,81.54
2026-01-25 18:00:00,CP-05,Running,54.56,28.06,6.96,374.87,28.63,76.89
2026-01-07 03:00:00,CP-05,Running,59.58,31.12,7.05,435.68,31.27,84.16
2026-02-17 11:00:00,CP-02,Running,53.68,24.39,6.85,362.58,31.24,69.15
2026-02-21 11:00:00,CP-02,Stopped,31.58,12.31,6.84,18.22,27.81,4.07
2026-03-04 08:00:00,CP-04,Running,53.73,23.63,6.72,356.4,31.32,68.68
2026-01-05 01:00:00,CP-01,Running,55.21,26.2,6.83,385.22,30.33,75.2
2026-03-09 19:00:00,CP-02,Running,45.73,20.27,6.48,315.14,27.7,57.96
2026-03-09 07:00:00,CP-04,Running,54.31,24.16,6.67,388.95,31.15,73.96
2026-01-02 13:00:00,CP-01,Running,50.27,23.34,6.76,343.03,28.51,65.1
2026-03-09 10:00:00,CP-04,Running,51.3,22.27,6.64,328.98,30.62,62.63
2026-02-26 11:00:00,CP-03,Running,55.08,26.73,7.05,331.25,30.45,67.56
2026-02-14 20:00:00,CP-04,Running,47.86,20.18,6.55,260.3,28.33,49.73
2026-02-19 01:00:00,CP-05,Stopped,27.84,11.99,6.99,4.28,27.76,0.88
2026-03-25 18:00:00,CP-01,Running,47.93,21.81,6.61,274.59,28.34,56.08
2026-01-31 02:00:00,CP-02,Running,55.79,25.72,6.83,401.4,29.6,76.04
2026-01-31 16:00:00,CP-01,Running,51.56,24.03,6.58,353.65,29.06,66.92
2026-02-19 02:00:00,CP-05,Running,54.62,28.26,7.16,410.04,31.6,79.7
2026-03-28 10:00:00,CP-05,Running,52.42,26.98,6.91,396.72,31.83,77.27
2026-02-01 05:00:00,CP-05,Stopped,28.7,12.45,7.19,,29.61,3.78
2026-03-03 15:00:00,CP-05,Running,49.3,24.65,6.93,325.88,27.75,63.94
2026-01-05 12:00:00,CP-05,Stopped,28.12,12.2,6.94,19.39,27.72,3.94
2026-02-07 04:00:00,CP-05,Running,58.09,30.71,7.19,487.49,32.68,89.88
2026-02-10 00:00:00,CP-04,Stopped,28.23,10.61,6.7,9.35,27.01,1.86
2026-01-09 09:00:00,CP-04,Running,48.91,21.62,6.61,371.4,30.8,70.99
2026-03-22 10:00:00,CP-02,Running,54.61,24.82,6.7,321.38,30.79,69.35
2026-02-15 02:00:00,CP-05,Running,56.71,29.55,7.11,416.72,31.79,82.98
2026-01-14 15:00:00,CP-03,Running,49.53,24.01,6.86,370.26,28.0,66.99
2026-03-30 18:00:00,CP-03,Running,53.28,25.99,6.89,342.33,27.97,69.88
2026-03-02 01:00:00,CP-05,Running,51.09,26.3,7.08,409.58,29.91,77.34
2026-02-26 01:00:00,CP-01,Running,50.91,24.13,6.92,375.47,32.42,74.65
2026-01-02 15:00:00,CP-01,Running,48.93,22.45,6.77,306.99,29.78,59.76
2026-01-17 05:00:00,CP-02,Running,50.46,23.05,6.84,352.02,31.98,71.77
2026-01-10 00:00:00,CP-03,Running,50.91,24.8,6.95,356.09,29.42,69.24
2026-03-02 17:00:00,CP-05,Running,51.43,25.76,6.95,325.61,27.4,64.62
2026-02-08 03:00:00,CP-02,Running,52.33,23.88,6.76,373.26,32.81,71.27
2026-02-09 00:00:00,CP-03,Running,53.24,26.06,6.97,365.65,30.36,71.32
2026-02-04 18:00:00,CP-03,Running,51.09,24.73,6.61,352.22,28.91,66.28
2026-03-01 13:00:00,CP-05,Running,53.09,26.86,6.85,347.82,29.46,69.34
2026-02-15 06:00:00,CP-03,Running,56.48,28.34,7.07,407.11,33.16,82.95
2026-02-20 10:00:00,CP-03,Running,55.26,27.53,6.84,397.9,30.59,79.6
2026-02-13 07:00:00,CP-02,Stopped,29.75,11.63,6.94,27.67,29.93,5.28
2026-01-23 18:00:00,CP-03,Running,48.68,23.41,6.82,319.84,28.55,63.23
2026-02-15 13:00:00,CP-01,Running,48.51,22.65,6.83,321.94,30.6,67.8
2026-03-27 22:00:00,CP-02,Running,50.69,22.74,6.57,293.35,28.65,63.45
2026-02-12 07:00:00,CP-03,Running,56.39,28.32,7.06,434.75,33.66,83.48
2026-01-01 18:00:00,CP-02,Running,48.96,21.81,6.5,298.58,26.02,60.17
2026-03-24 03:00:00,CP-05,Running,58.86,30.75,7.3,427.84,31.49,84.17
2026-02-12 17:00:00,CP-03,Running,54.49,26.61,6.95,353.21,28.66,70.33
2026-01-20 12:00:00,CP-02,Running,52.27,23.67,6.78,342.85,30.94,67.69
2026-03-03 14:00:00,CP-05,Running,53.86,27.55,6.97,381.19,29.95,74.31
2026-01-09 19:00:00,CP-04,Running,45.94,19.4,6.43,273.6,27.69,50.4
2026-03-12 21:00:00,CP-01,Running,49.25,22.88,6.68,332.6,29.03,65.51
2026-01-11 15:00:00,CP-03,Running,52.87,26.04,6.74,403.36,30.22,74.35
2026-01-24 11:00:00,CP-04,Running,48.83,20.94,6.66,270.23,30.4,57.16
2026-03-31 10:00:00,CP-03,Running,55.03,27.67,7.02,434.34,32.57,84.05
2026-01-07 18:00:00,CP-03,Stopped,23.77,9.94,6.79,22.93,25.86,4.34
2026-01-18 16:00:00,CP-01,Running,45.99,21.09,6.83,284.39,27.26,59.66
2026-02-20 10:00:00,CP-02,Running,48.43,22.12,6.62,359.78,31.34,71.66
2026-01-27 16:00:00,CP-01,Running,48.02,22.19,6.74,309.69,28.48,63.13
2026-03-10 10:00:00,CP-02,Running,55.02,25.18,6.68,364.06,30.18,72.55
2026-03-06 09:00:00,CP-02,Running,52.36,23.75,6.9,383.16,32.89,68.42
2026-01-01 18:00:00,CP-04,Running,43.29,18.19,6.44,244.11,28.28,48.16
2026-01-27 05:00:00,CP-02,Running,54.78,25.4,6.82,382.39,32.7,78.66
2026-02-06 12:00:00,CP-02,Running,49.67,22.49,6.76,339.05,29.22,67.63
2026-03-31 00:00:00,CP-01,Running,55.71,26.19,6.76,367.39,30.51,70.86
2026-01-05 14:00:00,CP-03,Running,52.58,25.7,6.86,392.47,29.96,70.74
2026-02-05 13:00:00,CP-05,Running,54.14,27.76,7.05,407.28,30.35,75.43
2026-03-26 06:00:00,CP-01,Running,53.45,25.13,6.79,352.91,31.89,71.03
2026-03-28 17:00:00,CP-02,Running,50.26,22.14,6.46,282.42,29.67,55.25
2026-01-24 19:00:00,CP-02,Running,47.16,20.96,6.64,293.42,27.58,59.25
2026-02-24 18:00:00,CP-01,Running,47.24,21.64,6.46,288.92,29.8,59.1
2026-01-14 11:00:00,CP-02,Running,51.06,23.22,6.74,367.32,30.2,69.6
2026-03-31 02:00:00,CP-04,Stopped,29.12,11.07,6.7,32.44,28.17,6.47
2026-03-20 19:00:00,CP-05,Running,50.02,25.04,6.8,338.82,28.15,64.52
2026-03-06 17:00:00,CP-04,Running,44.37,18.71,6.46,263.86,26.76,49.84
2026-01-26 03:00:00,CP-01,Running,54.24,25.58,6.95,359.49,32.87,72.39
2026-02-18 08:00:00,CP-02,Stopped,26.17,10.16,6.86,11.24,28.42,2.32
2026-02-20 03:00:00,CP-02,Running,49.57,22.59,6.87,313.1,30.99,70.67
2026-02-23 20:00:00,CP-05,Running,56.33,28.89,6.98,364.87,29.2,75.6
2026-03-13 03:00:00,CP-03,Stopped,25.36,10.53,6.98,6.63,28.84,1.27
2026-01-14 00:00:00,CP-03,Running,52.76,25.78,6.89,356.59,30.7,70.62
2026-01-26 01:00:00,CP-04,Running,53.41,23.49,6.67,349.15,32.35,68.68
2026-01-29 05:00:00,CP-01,Running,57.19,27.47,6.83,406.31,32.09,80.95
2026-03-17 15:00:00,CP-05,Running,50.61,25.45,6.98,342.93,29.65,66.49
2026-01-17 23:00:00,CP-03,Running,50.87,24.91,6.97,364.57,30.69,71.67
2026-03-01 12:00:00,CP-04,Running,49.25,21.45,6.48,307.49,30.22,64.21
2026-01-27 00:00:00,CP-03,Running,53.02,25.93,6.97,360.77,31.09,71.0
2026-03-16 13:00:00,CP-05,Running,51.85,26.83,6.86,402.33,29.97,79.75
2026-02-14 14:00:00,CP-04,Running,48.64,20.87,6.52,279.64,28.11,57.56
2026-01-19 02:00:00,CP-05,Running,57.47,30.07,7.13,418.23,30.71,84.98
2026-03-25 08:00:00,CP-02,Running,51.08,23.26,6.89,348.94,30.8,70.15
2026-01-22 18:00:00,CP-05,Running,52.69,27.04,6.76,368.05,27.52,75.83
2026-03-28 17:00:00,CP-04,Running,44.64,18.82,6.28,255.62,29.53,49.7
2026-03-31 09:00:00,CP-05,Running,57.47,29.99,7.09,414.38,31.05,83.69
2026-03-06 07:00:00,CP-02,Running,52.06,23.84,6.99,401.63,31.35,72.81
2026-03-08 21:00:00,CP-04,Running,46.35,19.73,6.59,289.79,28.29,54.09
2026-01-01 05:00:00,CP-01,Running,53.61,25.86,6.92,423.52,33.13,82.96
2026-01-14 02:00:00,CP-01,Running,50.75,24.07,6.91,372.16,32.36,75.02
2026-03-13 21:00:00,CP-04,Running,49.45,21.35,6.42,321.01,28.21,60.24
2026-03-06 04:00:00,CP-04,Running,50.96,22.38,6.73,350.8,30.51,67.94
2026-01-24 18:00:00,CP-02,Running,47.21,20.86,6.56,,28.02,56.65
2026-01-27 12:00:00,CP-01,Running,49.31,22.77,6.83,319.11,30.97,62.7
2026-02-04 06:00:00,CP-01,Running,52.43,25.1,7.04,425.74,30.72,79.25
2026-01-24 19:00:00,CP-03,Stopped,29.89,12.47,6.89,16.4,26.67,3.27
2026-03-01 19:00:00,CP-04,Running,47.95,20.48,6.43,277.13,27.18,55.51
2026-01-07 14:00:00,CP-02,Running,48.54,21.69,6.66,341.45,29.77,61.57
2026-03-15 23:00:00,CP-03,Running,53.49,26.01,6.8,356.95,30.48,68.37
2026-01-13 17:00:00,CP-03,Running,52.47,25.57,6.68,388.18,28.55,69.45
2026-01-07 04:00:00,CP-01,Running,54.68,25.91,6.83,386.81,31.5,74.59
2026-01-28 08:00:00,CP-02,Running,49.08,22.25,6.88,365.69,31.18,68.09
2026-01-15 00:00:00,CP-01,Running,54.12,25.43,6.71,373.09,29.38,70.62
2026-02-08 02:00:00,CP-02,Running,52.63,24.0,6.69,370.56,30.32,70.9
2026-03-12 22:00:00,CP-02,Running,48.14,21.54,6.62,338.38,29.53,62.12
2026-01-12 00:00:00,CP-04,Running,48.35,20.81,6.59,323.36,29.66,58.98
2026-03-29 04:00:00,CP-02,Running,50.18,23.04,6.9,361.43,33.11,73.96
2026-02-10 23:00:00,CP-03,Running,55.96,27.5,6.87,358.92,29.87,73.28
2026-02-21 04:00:00,CP-03,Running,54.66,27.07,7.03,374.1,32.47,76.91
2026-01-14 12:00:00,CP-05,Running,50.8,26.16,7.06,392.97,29.6,77.52
2026-03-03 17:00:00,CP-01,Running,48.79,22.56,6.65,344.8,28.75,63.28
2026-02-14 21:00:00,CP-04,Running,44.48,18.79,6.56,249.2,29.45,50.53
2026-03-09 18:00:00,CP-04,Running,49.31,20.96,6.47,270.84,27.4,53.41
2026-01-24 00:00:00,CP-04,Running,46.74,20.21,6.74,292.76,30.15,60.92
2026-01-28 11:00:00,CP-02,Running,49.24,22.38,6.72,353.95,29.54,69.3
2026-03-25 03:00:00,CP-03,Running,57.16,28.8,7.0,427.68,32.32,84.89
2026-02-20 20:00:00,CP-02,Running,46.26,20.66,6.59,305.52,29.55,61.39
2026-02-12 21:00:00,CP-05,Running,54.1,27.49,6.94,385.68,28.72,71.28
2026-03-10 07:00:00,CP-05,Running,53.77,28.01,7.18,436.98,32.37,82.95
2026-01-07 14:00:00,CP-03,Running,52.82,26.14,6.93,395.47,28.99,76.54
2026-03-07 02:00:00,CP-05,Running,60.13,31.91,7.13,453.44,33.52,91.78
2026-03-03 20:00:00,CP-03,Running,51.37,24.7,6.57,342.85,27.82,63.27
2026-02-10 22:00:00,CP-04,Running,49.42,21.51,6.46,322.12,29.85,63.94
2026-01-28 10:00:00,CP-02,Running,52.15,23.98,6.82,387.01,31.36,74.86
2026-03-24 05:00:00,CP-02,Running,49.74,22.32,6.75,318.87,31.56,63.58
2026-01-04 16:00:00,CP-04,Running,44.39,18.86,6.39,279.73,28.3,53.11
2026-01-27 11:00:00,CP-04,Running,44.71,19.29,6.66,303.28,29.26,60.06
2026-02-25 18:00:00,CP-03,Running,49.14,23.7,6.77,315.85,26.79,64.61
2026-01-11 15:00:00,CP-05,Running,50.71,25.6,6.83,364.59,28.7,68.14
2026-01-05 14:00:00,CP-05,Running,58.72,30.44,7.05,400.03,30.61,80.67
2026-02-28 13:00:00,CP-05,Running,53.05,27.4,6.87,407.48,32.03,78.92
2026-02-06 18:00:00,CP-03,Running,53.59,26.31,6.82,381.36,28.15,72.82
2026-01-31 18:00:00,CP-04,Running,47.44,20.32,6.45,277.56,28.7,56.59
2026-03-22 11:00:00,CP-02,Running,47.44,21.3,6.6,312.16,29.18,63.88
2026-03-04 19:00:00,CP-01,Running,54.26,25.46,6.61,380.57,29.45,70.01
2026-01-26 23:00:00,CP-01,Running,48.6,22.41,6.72,314.24,29.14,62.04
2026-02-04 17:00:00,CP-05,Stopped,31.27,13.68,7.02,34.24,24.84,7.11
2026-03-11 07:00:00,CP-04,Stopped,29.49,11.22,6.79,35.64,27.8,6.67
2026-01-30 22:00:00,CP-05,Running,51.02,25.97,6.97,365.15,29.74,72.1
2026-03-02 20:00:00,CP-04,Stopped,30.92,11.62,6.4,10.46,25.47,2.08
2026-02-11 10:00:00,CP-03,Running,53.77,26.78,6.87,418.71,30.71,79.54
2026-03-08 13:00:00,CP-03,Running,53.41,26.23,7.08,387.62,29.35,72.97
2026-01-07 19:00:00,CP-05,Running,52.06,26.48,6.88,394.43,27.96,71.81
2026-01-20 19:00:00,CP-03,Running,50.41,24.48,6.87,367.7,28.63,67.67
2026-01-05 05:00:00,CP-05,Running,52.62,27.31,7.14,435.4,32.11,81.14
2026-03-26 19:00:00,CP-02,Running,47.32,21.06,6.52,298.88,28.03,59.84
2026-01-07 23:00:00,CP-02,Running,47.81,21.38,6.6,313.2,27.34,62.03
2026-01-11 20:00:00,CP-01,Stopped,31.3,12.65,6.56,33.81,25.96,6.18
2026-01-20 23:00:00,CP-03,Running,54.29,26.74,6.78,378.27,29.67,74.25
2026-02-27 23:00:00,CP-03,Running,55.53,27.17,6.77,361.32,29.03,71.19
2026-03-24 06:00:00,CP-03,Running,54.64,27.27,7.08,392.66,31.58,80.59
2026-03-31 03:00:00,CP-03,Running,50.66,25.18,6.98,400.22,31.55,78.55
2026-01-02 20:00:00,CP-03,Running,49.36,23.7,6.6,334.26,28.72,62.66
2026-02-27 22:00:00,CP-03,Running,50.21,24.37,6.84,313.09,29.04,67.56
2026-01-15 21:00:00,CP-05,Running,53.04,27.03,6.77,360.88,27.95,72.63
2026-02-08 19:00:00,CP-04,Running,44.49,18.73,6.51,259.42,27.05,49.08
2026-03-25 06:00:00,CP-03,Stopped,31.97,13.39,7.1,23.59,26.78,4.78
2026-01-06 03:00:00,CP-02,Running,55.09,25.29,6.61,394.76,31.57,73.97
2026-03-14 20:00:00,CP-03,Running,48.22,23.26,6.82,319.06,28.78,64.76
2026-03-17 14:00:00,CP-01,Running,48.54,22.65,6.8,350.23,30.13,67.46
2026-03-04 23:00:00,CP-05,Running,53.31,27.56,7.04,405.34,29.73,79.36
2026-01-14 15:00:00,CP-05,Stopped,30.87,13.53,6.99,42.26,25.93,7.9
2026-02-27 02:00:00,CP-05,Running,55.59,29.04,7.07,448.68,31.78,84.23
2026-02-07 14:00:00,CP-02,Running,50.76,22.77,6.64,349.26,28.73,63.41
2026-03-16 08:00:00,CP-03,Running,59.1,29.84,7.18,426.95,30.96,85.89
2026-01-07 06:00:00,CP-01,Running,57.11,27.69,7.03,444.72,31.81,85.44
2026-02-15 22:00:00,CP-03,Running,51.05,24.99,6.8,376.97,28.28,71.52
2026-01-15 13:00:00,CP-01,Running,54.4,25.61,6.64,366.47,29.68,71.49
2026-01-17 16:00:00,CP-04,Running,45.85,19.5,6.52,260.41,29.2,53.6
2026-03-15 01:00:00,CP-01,Running,51.45,24.03,6.73,351.86,30.71,67.89
2026-02-20 18:00:00,CP-05,Running,49.57,24.84,6.86,325.93,29.32,64.81
2026-02-18 06:00:00,CP-01,Running,53.39,25.41,7.02,386.32,31.37,76.57
2026-01-15 10:00:00,CP-01,Running,52.53,24.99,6.89,381.77,31.37,76.5
2026-01-04 19:00:00,CP-03,Running,49.19,23.6,6.73,310.78,29.07,62.24
2026-02-23 06:00:00,CP-03,Running,56.74,28.67,7.17,428.71,31.23,86.32
2026-02-25 05:00:00,CP-04,Running,55.0,24.37,6.85,367.0,30.73,72.14
2026-01-26 16:00:00,CP-01,Running,52.31,24.35,6.77,341.53,28.82,66.49
2026-03-29 17:00:00,CP-01,Running,45.8,21.03,6.64,311.95,26.72,60.18
2026-01-04 00:00:00,CP-01,Stopped,30.06,12.05,6.9,15.13,25.97,2.88
2026-03-12 10:00:00,CP-02,Running,48.76,22.12,6.8,357.78,31.26,68.46
2026-03-19 18:00:00,CP-05,Running,52.99,26.65,6.89,330.54,28.7,66.54
2026-03-31 22:00:00,CP-03,Running,49.86,24.11,6.92,324.87,28.45,65.9
2026-03-03 09:00:00,CP-05,Running,54.04,28.18,7.06,401.26,32.1,83.36
2026-01-02 00:00:00,CP-04,Running,48.0,20.74,6.68,313.82,30.8,60.61
2026-02-07 05:00:00,CP-05,Running,54.58,28.41,6.96,457.6,33.65,82.53
2026-01-03 11:00:00,CP-02,Running,53.04,24.15,6.75,375.32,29.57,70.13
2026-01-26 20:00:00,CP-01,Running,49.95,22.9,6.61,302.24,28.07,59.45
2026-01-20 15:00:00,CP-03,Running,53.41,25.98,6.96,353.32,28.78,68.63
2026-02-03 11:00:00,CP-04,Running,50.4,21.87,6.63,335.46,30.33,62.62
2026-01-17 02:00:00,CP-02,Running,52.52,23.74,6.81,338.81,31.39,66.81
2026-03-16 10:00:00,CP-03,Running,54.33,27.26,6.95,420.95,32.19,82.94
2026-02-21 03:00:00,CP-01,Running,56.65,27.1,6.77,382.78,30.88,79.01
2026-01-07 01:00:00,CP-01,Stopped,29.59,11.97,6.81,34.42,26.37,6.49
2026-02-17 15:00:00,CP-05,Running,56.44,28.97,6.89,378.78,29.13,76.02
2026-03-16 03:00:00,CP-02,Running,49.73,22.47,6.78,353.13,29.95,66.78
2026-02-21 21:00:00,CP-02,Running,51.08,22.76,6.71,310.34,28.64,60.37
2026-03-10 11:00:00,CP-05,Running,53.42,27.69,7.09,433.11,31.78,80.52
2026-01-14 02:00:00,CP-02,Running,53.26,24.54,6.79,388.58,32.17,75.66
2026-03-02 12:00:00,CP-04,Running,47.39,20.48,6.6,303.85,29.77,60.68
2026-03-23 00:00:00,CP-05,Running,52.51,26.95,6.93,394.32,32.24,75.86
2026-01-10 02:00:00,CP-02,Running,45.91,20.61,6.67,344.58,30.43,63.67
2026-02-02 04:00:00,CP-01,Running,52.19,24.66,6.96,394.96,31.94,73.29
2026-03-19 02:00:00,CP-03,Running,57.86,28.9,6.85,365.43,30.99,80.82
2026-01-20 04:00:00,CP-04,Running,54.95,23.97,6.77,314.57,30.77,65.03
2026-01-26 22:00:00,CP-01,Running,50.86,23.85,6.72,344.12,29.06,69.7
2026-03-12 10:00:00,CP-05,Running,54.99,28.83,7.02,463.45,31.41,85.91
2026-01-11 21:00:00,CP-04,Running,47.85,20.45,6.37,304.22,27.16,55.78
2026-02-06 21:00:00,CP-01,Running,50.9,23.7,6.78,345.71,29.11,66.47
2026-03-13 00:00:00,CP-05,Running,54.19,27.91,6.85,393.81,30.75,77.51
2026-01-10 07:00:00,CP-05,Running,59.98,32.1,6.93,511.98,32.7,95.89
2026-02-18 13:00:00,CP-05,Running,55.38,28.88,7.01,423.76,30.59,83.31
2026-01-16 04:00:00,CP-04,Stopped,32.9,12.53,6.78,34.62,30.34,7.11
2026-03-20 05:00:00,CP-05,Running,60.41,32.08,7.09,483.49,32.22,92.13
2026-02-27 17:00:00,CP-04,Stopped,32.44,12.38,6.52,39.87,27.61,7.85
2026-02-21 17:00:00,CP-05,Running,53.43,26.88,6.87,338.23,28.46,66.66
2026-02-04 03:00:00,CP-04,Running,52.49,23.23,6.75,372.01,29.93,71.5
2026-02-25 05:00:00,CP-02,Running,51.11,23.07,6.87,329.7,32.36,66.27
2026-03-15 02:00:00,CP-02,Running,52.48,23.77,6.78,353.55,30.89,67.69
2026-01-27 13:00:00,CP-02,Running,51.04,22.91,6.63,330.32,29.42,63.75
2026-03-15 00:00:00,CP-03,Running,55.21,27.33,6.84,371.63,30.64,76.64
2026-03-25 07:00:00,CP-01,Running,53.46,25.71,6.93,398.63,33.15,81.4
2026-03-21 16:00:00,CP-04,Running,51.64,22.18,6.46,284.57,28.33,57.91
2026-03-20 18:00:00,CP-02,Running,46.48,20.53,6.62,271.89,26.94,56.46
2026-03-29 05:00:00,CP-05,Running,55.22,28.78,7.2,398.19,32.06,83.07
2026-02-13 06:00:00,CP-03,Running,54.72,27.51,7.07,422.38,34.43,83.94
2026-01-02 04:00:00,CP-03,Running,56.22,28.46,6.99,447.44,31.42,87.25
2026-03-07 09:00:00,CP-04,Running,53.7,23.63,6.84,358.3,30.85,69.01
2026-03-16 21:00:00,CP-02,Running,53.53,24.17,6.76,322.34,28.43,66.41
2026-01-11 15:00:00,CP-04,Running,49.2,21.08,6.53,287.93,27.66,56.95
2026-02-01 06:00:00,CP-04,Running,51.82,22.74,6.86,339.02,30.88,67.68
2026-03-06 10:00:00,CP-03,Running,52.76,26.47,7.02,438.31,31.58,82.86
2026-03-28 21:00:00,CP-02,Running,48.21,21.51,6.61,306.83,28.63,60.92
2026-03-09 06:00:00,CP-02,Running,50.61,22.97,6.86,355.02,31.76,68.72
2026-03-05 07:00:00,CP-02,Running,49.99,22.63,6.96,354.22,32.07,67.65
2026-03-07 09:00:00,CP-03,Running,56.39,27.84,7.05,419.33,31.54,75.42
2026-02-27 12:00:00,CP-04,Stopped,29.63,11.14,6.64,9.82,25.5,1.98
2026-03-29 06:00:00,CP-05,Running,55.53,28.99,7.21,428.92,31.56,83.89
2026-03-19 06:00:00,CP-02,Running,54.93,25.26,6.75,352.35,31.35,74.74
2026-03-24 22:00:00,CP-03,Running,52.04,25.6,6.86,369.31,29.2,73.61
2026-02-28 07:00:00,CP-04,Running,50.83,22.12,6.81,308.68,31.12,63.85
2026-02-06 23:00:00,CP-03,Running,51.67,24.81,6.87,318.57,28.64,62.63
2026-01-21 14:00:00,CP-04,Running,45.23,19.18,6.41,268.64,28.05,52.33
2026-02-28 23:00:00,CP-02,Running,46.91,20.99,6.64,311.09,29.56,62.26
2026-01-18 17:00:00,CP-03,Running,53.57,25.96,6.72,330.98,29.07,66.77
2026-01-08 12:00:00,CP-03,Running,52.85,26.05,6.97,418.16,30.34,74.72
2026-03-30 20:00:00,CP-04,Running,48.57,20.75,6.41,269.83,28.41,55.49
2026-01-01 05:00:00,CP-04,Running,54.21,24.06,6.85,362.22,32.66,72.92
2026-01-20 13:00:00,CP-03,Running,52.93,25.93,6.79,354.35,28.26,71.74
2026-01-12 14:00:00,CP-04,Running,48.05,21.08,6.45,359.91,29.57,67.52
2026-02-02 20:00:00,CP-02,Running,44.07,19.34,6.52,289.67,29.21,53.48
2026-01-15 11:00:00,CP-01,Running,51.27,24.06,6.94,369.15,31.24,70.02
2026-03-07 18:00:00,CP-04,Running,45.65,19.43,6.36,291.2,28.07,54.02
2026-02-20 15:00:00,CP-01,Running,49.35,22.68,6.55,290.84,28.74,60.62
2026-03-09 11:00:00,CP-01,Running,54.76,25.65,6.87,352.49,30.41,69.25
2026-01-18 12:00:00,CP-02,Running,47.61,21.18,6.6,271.6,29.63,59.61
2026-03-25 02:00:00,CP-02,Stopped,26.43,10.38,6.83,33.48,28.99,6.96
2026-01-25 07:00:00,CP-02,Running,50.66,23.03,6.9,370.95,32.07,69.45
2026-02-21 17:00:00,CP-04,Running,47.8,20.25,6.35,258.39,27.96,51.81
2026-02-03 09:00:00,CP-05,Running,55.07,28.81,7.14,452.32,31.16,84.85
2026-01-31 19:00:00,CP-01,Running,50.22,23.24,6.67,313.79,26.83,63.75
2026-01-20 04:00:00,CP-02,Running,54.95,25.26,6.89,384.57,31.53,74.59
2026-03-17 20:00:00,CP-05,Running,56.21,28.7,6.73,358.21,29.14,73.39
2026-01-06 08:00:00,CP-03,Running,52.67,26.09,7.18,419.59,30.15,76.95
2026-01-10 11:00:00,CP-05,Running,52.31,26.83,7.01,387.91,30.47,75.53
2026-03-05 06:00:00,CP-04,Running,50.8,22.37,6.65,338.65,30.98,69.39
2026-01-14 15:00:00,CP-02,Running,48.33,21.32,6.59,270.79,27.58,55.8
2026-03-03 19:00:00,CP-02,Running,44.45,19.54,6.45,290.7,27.08,54.22
2026-03-11 16:00:00,CP-05,Stopped,29.45,12.8,6.8,25.73,26.2,4.57
2026-01-04 12:00:00,CP-03,Running,52.09,25.61,6.97,408.51,30.32,73.47
2026-01-16 22:00:00,CP-01,Running,52.69,24.72,6.72,360.1,28.9,69.98
2026-03-07 22:00:00,CP-04,Running,50.56,22.01,6.53,340.85,29.2,64.14
2026-02-06 06:00:00,CP-05,Running,53.65,27.85,7.22,453.11,32.01,81.3
2026-03-28 21:00:00,CP-05,Running,57.24,29.38,6.91,351.82,29.39,75.91
2026-03-13 15:00:00,CP-05,Running,58.0,29.7,6.92,399.9,28.43,74.9
2026-01-31 05:00:00,CP-04,Stopped,31.06,11.77,6.64,25.04,29.34,5.08
2026-03-14 13:00:00,CP-05,Running,53.53,27.62,6.9,415.64,30.48,78.31
2026-01-03 15:00:00,CP-03,Running,50.87,24.63,6.78,338.61,29.28,66.38
2026-03-26 08:00:00,CP-02,Running,50.28,22.87,6.8,334.43,32.42,69.65
2026-01-15 15:00:00,CP-01,Running,48.61,22.31,6.62,304.45,28.43,60.06
2026-01-27 10:00:00,CP-05,Running,55.45,28.42,6.97,370.24,30.94,75.21
2026-03-05 14:00:00,CP-04,Running,50.07,21.75,6.34,,29.23,63.04
2026-03-16 22:00:00,CP-01,Running,53.46,24.73,6.79,335.23,28.78,63.56
2026-01-31 06:00:00,CP-02,Running,52.5,23.94,6.76,344.14,31.84,70.95
2026-02-12 12:00:00,CP-01,Running,50.54,23.48,6.72,351.22,31.27,65.44
2026-02-21 23:00:00,CP-04,Running,47.98,20.4,6.62,263.36,30.41,53.45
2026-03-28 23:00:00,CP-02,Running,48.0,21.6,6.55,335.02,30.19,64.85
2026-01-28 06:00:00,CP-02,Running,53.2,24.46,6.9,396.4,32.21,74.68
2026-03-16 04:00:00,CP-05,Running,56.82,29.66,7.0,418.41,32.51,83.89
2026-01-05 10:00:00,CP-04,Running,52.81,22.81,6.73,314.11,28.34,60.53
2026-01-05 10:00:00,CP-03,Running,54.37,26.92,7.0,422.31,29.63,76.81
2026-01-19 21:00:00,CP-03,Running,51.49,25.29,6.78,350.61,28.57,73.04
2026-02-12 04:00:00,CP-01,Running,56.3,27.04,6.98,427.77,30.9,80.78
2026-03-31 07:00:00,CP-03,Running,57.44,28.75,7.05,415.1,31.49,81.94
2026-03-02 00:00:00,CP-02,Running,52.14,23.62,6.72,361.23,30.1,67.86
2026-02-25 22:00:00,CP-02,Running,48.16,21.52,6.66,303.05,29.0,61.69
2026-02-25 06:00:00,CP-05,Running,59.01,31.1,7.23,473.06,32.14,88.34
2026-03-25 20:00:00,CP-05,Running,54.08,27.56,6.84,353.07,29.6,72.63
2026-02-08 10:00:00,CP-05,Running,52.88,27.26,7.11,406.45,33.32,78.08
2026-01-05 01:00:00,CP-03,Running,54.29,27.0,6.97,387.73,31.61,78.8
2026-02-16 14:00:00,CP-02,Running,49.61,22.45,6.62,350.35,28.36,67.37
2026-01-25 20:00:00,CP-05,Stopped,32.33,14.11,6.87,29.2,24.29,6.23
2026-01-02 12:00:00,CP-04,Running,50.74,21.93,6.66,283.7,28.34,60.8
2026-02-19 09:00:00,CP-01,Running,51.86,24.43,6.86,345.69,31.24,71.81
2026-02-26 05:00:00,CP-04,Running,49.63,21.59,6.69,316.23,29.55,63.77
2026-03-25 23:00:00,CP-02,Running,48.68,21.82,6.63,282.91,30.08,63.0
2026-02-18 10:00:00,CP-03,Running,53.9,26.8,7.01,403.3,30.34,78.78
2026-02-13 04:00:00,CP-04,Running,55.55,24.48,6.72,357.98,31.17,69.65
2026-02-03 07:00:00,CP-02,Running,54.67,25.02,6.78,407.25,33.37,72.56
2026-03-17 03:00:00,CP-04,Running,49.92,22.08,6.6,354.34,31.05,71.2
2026-03-04 06:00:00,CP-01,Running,51.63,24.61,6.91,405.6,31.47,77.27
2026-01-01 10:00:00,CP-03,Running,55.48,27.67,6.92,412.16,32.38,80.21
2026-01-28 00:00:00,CP-03,Running,47.73,22.92,6.95,309.1,29.26,62.68
2026-01-03 15:00:00,CP-01,Running,54.86,25.77,6.66,369.73,29.83,70.47
2026-01-31 23:00:00,CP-01,Stopped,25.29,10.21,6.78,28.94,27.77,5.73
2026-01-19 23:00:00,CP-05,Running,55.82,28.84,7.03,407.89,30.91,79.04
2026-03-27 04:00:00,CP-04,Running,49.77,21.7,6.63,305.81,31.43,64.77
2026-03-28 22:00:00,CP-02,Running,52.13,23.71,6.66,353.73,29.56,69.65
2026-03-03 01:00:00,CP-01,Running,55.04,26.01,6.85,378.27,31.83,73.39
2026-03-25 02:00:00,CP-05,Running,55.52,28.64,7.16,381.65,31.66,78.21
2026-03-18 01:00:00,CP-03,Running,59.25,29.81,6.92,430.39,31.01,84.32
2026-01-21 17:00:00,CP-03,Running,46.01,22.1,6.85,309.33,26.94,62.91
2026-03-30 14:00:00,CP-03,Running,53.19,26.22,6.88,382.04,30.07,74.67
2026-01-15 21:00:00,CP-03,Running,48.35,23.27,6.83,302.59,30.19,63.65
2026-01-23 18:00:00,CP-05,Running,55.87,28.6,6.83,367.14,28.66,74.76
2026-01-28 08:00:00,CP-04,Running,54.28,23.99,6.78,347.85,32.76,70.97
2026-02-24 23:00:00,CP-01,Running,51.57,24.26,6.78,365.36,29.79,71.1
2026-02-21 20:00:00,CP-03,Running,52.15,25.47,6.72,343.55,28.17,70.42
2026-03-05 16:00:00,CP-02,Stopped,28.95,11.2,6.52,5.56,25.31,1.0
2026-01-18 05:00:00,CP-05,Running,57.94,30.15,7.12,420.37,32.81,82.39
2026-03-14 08:00:00,CP-05,Running,61.6,32.93,7.22,452.42,31.97,95.27
2026-02-19 11:00:00,CP-04,Running,42.91,18.26,6.66,256.42,31.17,53.77
2026-03-15 04:00:00,CP-05,Stopped,28.19,12.16,7.09,8.3,28.85,1.64
2026-01-23 13:00:00,CP-03,Running,51.59,25.14,6.74,341.1,29.13,69.35
2026-01-18 02:00:00,CP-04,Running,52.84,23.17,6.76,329.99,31.67,67.35
2026-01-28 04:00:00,CP-02,Running,51.75,23.76,6.66,375.06,33.27,74.07
2026-02-10 13:00:00,CP-04,Running,46.82,19.96,6.58,287.3,29.68,54.67
2026-02-28 05:00:00,CP-04,Running,50.95,22.31,6.83,339.09,31.35,66.81
2026-01-02 08:00:00,CP-01,Running,53.08,25.16,7.08,370.54,32.18,74.71
2026-01-18 13:00:00,CP-05,Running,57.31,29.91,6.98,390.68,31.0,83.8
2026-03-27 03:00:00,CP-04,Running,56.15,24.9,6.87,360.69,32.05,72.55
2026-01-30 15:00:00,CP-02,Running,47.99,21.51,6.58,314.24,28.39,63.1
2026-01-01 00:00:00,CP-05,Running,55.49,28.47,7.01,381.72,30.64,75.82
2026-02-01 00:00:00,CP-03,Running,56.14,27.82,6.94,388.22,30.0,77.18
2026-01-24 09:00:00,CP-04,Running,47.02,20.41,6.76,294.93,31.27,62.79
2026-02-10 23:00:00,CP-02,Running,50.59,22.96,6.64,357.17,28.42,68.82
2026-03-23 04:00:00,CP-01,Running,55.45,26.62,6.91,385.29,32.9,80.55
2026-03-28 19:00:00,CP-02,Running,49.99,22.42,6.57,330.95,28.99,63.28
2026-02-16 21:00:00,CP-02,Running,48.02,21.35,6.61,300.1,28.42,59.35
2026-03-22 23:00:00,CP-01,Running,53.63,25.4,6.7,352.0,28.92,74.24
2026-03-06 04:00:00,CP-02,Running,52.46,24.17,6.76,398.42,31.57,75.69
2026-01-19 05:00:00,CP-04,Stopped,26.14,9.82,6.76,9.65,29.85,1.95
2026-03-03 04:00:00,CP-03,Stopped,24.91,10.37,6.93,13.71,27.86,2.65
2026-03-13 01:00:00,CP-05,Stopped,31.47,13.67,6.96,21.67,28.45,4.18
2026-02-08 22:00:00,CP-02,Running,51.57,23.41,6.7,349.46,29.76,68.82
2026-01-15 06:00:00,CP-05,Stopped,30.54,13.27,7.23,23.08,28.91,4.48
2026-01-09 14:00:00,CP-05,Running,53.1,27.4,6.91,422.0,31.52,78.4
2026-02-24 07:00:00,CP-03,Running,54.31,27.16,7.01,412.47,32.04,81.45
2026-03-05 20:00:00,CP-05,Running,53.72,27.2,6.84,,29.4,69.57
2026-02-19 22:00:00,CP-01,Running,76.2845,24.4,6.7,334.29,29.73,64.71
2026-01-14 11:00:00,CP-04,Running,46.47,20.26,6.76,333.1,31.26,64.72
2026-02-11 19:00:00,CP-02,Stopped,32.55,12.78,6.59,39.31,27.13,6.94
2026-01-29 23:00:00,CP-02,Running,46.72,20.86,6.64,292.78,29.49,61.29
2026-01-15 14:00:00,CP-04,Running,49.8,21.42,6.55,298.22,29.07,58.6
2026-03-13 06:00:00,CP-05,Running,57.01,29.54,7.06,417.35,30.7,80.29
2026-02-07 06:00:00,CP-05,Running,52.93,27.49,7.09,447.5,32.21,81.54
2026-01-30 22:00:00,CP-01,Running,47.55,22.09,6.74,333.88,29.83,65.57
2026-03-09 13:00:00,CP-03,Running,50.9,24.56,6.95,339.71,30.0,64.85
2026-02-03 03:00:00,CP-03,Running,51.88,25.92,6.93,402.06,30.45,80.93
2026-03-31 15:00:00,CP-03,Running,49.76,24.08,6.76,330.84,29.48,66.09
2026-02-28 19:00:00,CP-04,Running,44.37,18.89,6.35,262.05,28.48,54.11
2026-03-09 02:00:00,CP-04,Running,52.47,22.99,6.77,351.9,30.58,66.98
2026-02-10 03:00:00,CP-05,Running,57.68,30.38,7.22,438.94,31.74,88.2
2026-02-22 09:00:00,CP-05,Running,55.34,28.97,7.18,438.67,31.3,85.25
2026-03-14 06:00:00,CP-05,Stopped,30.58,13.36,7.05,35.51,27.83,6.72
2026-03-19 23:00:00,CP-05,Running,54.39,27.83,6.84,372.13,29.03,74.51
2026-03-07 20:00:00,CP-05,Running,50.45,25.42,6.84,371.29,26.77,67.4
2026-01-11 18:00:00,CP-02,Running,49.76,22.09,6.54,299.3,27.81,58.61
2026-02-21 10:00:00,CP-04,Running,48.52,21.01,6.5,301.99,32.01,61.62
2026-01-21 11:00:00,CP-04,Running,47.86,20.66,6.66,292.78,29.76,60.23
2026-03-21 23:00:00,CP-05,Running,51.49,26.86,6.98,419.11,30.22,83.46
2026-02-20 09:00:00,CP-05,Running,57.35,30.07,7.13,448.99,31.94,85.95
2026-03-05 14:00:00,CP-05,Running,51.86,26.38,6.9,378.18,29.26,71.73
2026-01-18 22:00:00,CP-05,Running,53.36,27.19,7.0,380.44,29.64,72.56
2026-03-24 11:00:00,CP-04,Running,50.98,22.06,6.56,300.51,30.82,61.43
2026-02-23 16:00:00,CP-05,Running,51.08,25.97,6.86,352.57,27.99,71.43
2026-03-21 19:00:00,CP-05,Running,53.44,27.12,6.88,353.13,29.11,70.79
2026-02-14 11:00:00,CP-04,Running,46.45,20.19,6.64,324.49,30.26,63.31
2026-01-30 04:00:00,CP-02,Stopped,28.34,11.04,6.87,19.6,27.65,3.65
2026-02-15 16:00:00,CP-01,Running,46.95,21.54,6.61,,29.03,59.73
2026-03-03 10:00:00,CP-04,Stopped,31.67,12.0,6.56,25.55,28.34,5.11
2026-02-26 09:00:00,CP-02,Running,51.99,23.48,6.83,330.38,31.04,66.39
2026-01-13 07:00:00,CP-05,Running,54.78,28.64,7.16,420.92,32.7,84.54
2026-02-21 19:00:00,CP-04,Stopped,28.14,10.68,6.45,28.06,25.49,5.74
2026-02-13 16:00:00,CP-05,Running,53.53,27.54,6.71,389.74,28.82,76.96
2026-01-13 23:00:00,CP-03,Running,53.52,26.15,7.07,368.34,30.21,70.64
2026-02-23 06:00:00,CP-04,Running,52.19,22.83,6.88,330.58,31.3,66.2
2026-02-15 21:00:00,CP-04,Running,44.24,18.71,6.41,248.79,28.0,51.09
2026-03-02 06:00:00,CP-03,Running,55.26,28.12,7.06,444.58,32.05,89.74
2026-02-08 00:00:00,CP-04,Running,45.41,19.44,6.6,290.95,29.27,56.55
2026-02-01 20:00:00,CP-02,Running,45.97,20.29,6.62,276.27,28.09,56.12
2026-01-24 14:00:00,CP-01,Running,49.31,23.02,6.64,324.72,30.48,67.66
2026-01-17 00:00:00,CP-01,Running,55.71,26.2,6.86,349.44,29.84,71.12
2026-01-21 17:00:00,CP-01,Running,48.75,22.36,6.65,258.83,28.0,59.72
2026-03-30 16:00:00,CP-03,Running,53.19,26.0,6.75,373.32,29.14,70.9
2026-01-22 11:00:00,CP-02,Running,53.04,24.29,6.75,365.4,30.93,72.83
2026-03-24 22:00:00,CP-02,Running,49.06,22.08,6.65,300.74,28.29,64.87
2026-03-04 03:00:00,CP-01,Running,54.98,26.32,6.8,421.18,32.14,79.26
2026-01-23 04:00:00,CP-03,Running,53.81,26.69,7.01,391.43,29.87,77.55
2026-02-17 00:00:00,CP-04,Running,51.62,22.45,6.59,320.41,31.16,63.6
2026-03-18 22:00:00,CP-02,Running,51.23,23.04,6.69,334.47,30.11,64.5
2026-03-27 06:00:00,CP-02,Running,52.94,24.39,6.9,373.06,32.05,75.63
2026-02-08 10:00:00,CP-03,Running,51.79,25.32,6.9,371.95,30.74,70.83
2026-01-06 23:00:00,CP-03,Running,49.85,24.39,6.9,375.08,29.77,71.29
2026-02-08 08:00:00,CP-04,Running,54.34,24.02,6.73,384.73,30.41,71.01
2026-03-04 16:00:00,CP-03,Running,47.9,22.99,6.83,311.29,30.0,62.47
2026-02-15 18:00:00,CP-04,Running,51.07,21.54,6.48,252.47,28.46,49.81
2026-03-18 01:00:00,CP-04,Running,51.13,22.16,6.73,306.16,29.35,61.98
2026-02-16 23:00:00,CP-01,Running,49.14,22.73,6.78,320.56,30.46,63.39
2026-01-13 21:00:00,CP-01,Running,49.4,22.88,6.67,331.65,29.02,64.1
2026-03-12 14:00:00,CP-01,Running,47.08,21.57,6.7,312.94,29.26,59.13
2026-01-29 08:00:00,CP-03,Running,55.81,27.97,7.13,439.49,32.0,82.46
2026-01-17 15:00:00,CP-05,Running,51.72,26.74,6.79,393.17,28.45,79.32
2026-01-10 00:00:00,CP-05,Running,52.0,26.62,7.07,423.1,30.92,74.76
2026-03-02 05:00:00,CP-04,Running,50.91,22.79,6.92,394.64,30.98,77.02
2026-03-13 14:00:00,CP-04,Stopped,27.59,10.35,6.51,6.35,26.97,1.1
2026-02-03 05:00:00,CP-01,Running,53.42,25.2,6.96,352.23,31.33,72.44
2026-02-18 15:00:00,CP-05,Running,53.69,27.51,7.01,373.39,29.28,75.13
2026-01-01 20:00:00,CP-04,Running,46.07,19.67,6.57,280.49,27.75,55.41
2026-03-27 08:00:00,CP-05,Running,54.95,28.51,7.25,397.3,32.77,81.06
2026-03-28 00:00:00,CP-01,Running,57.53,27.58,6.81,399.48,29.56,80.04
2026-03-18 17:00:00,CP-01,Running,52.38,24.02,6.63,306.41,30.17,59.65
2026-01-09 11:00:00,CP-03,Running,55.94,27.77,6.92,399.76,29.4,77.95
2026-03-27 11:00:00,CP-04,Running,48.73,21.27,6.66,313.34,29.68,65.26
2026-01-31 08:00:00,CP-01,Running,57.2,27.53,6.87,445.41,33.03,81.89
2026-02-28 14:00:00,CP-02,Stopped,29.86,11.66,6.72,23.09,28.44,4.56
2026-03-13 05:00:00,CP-03,Running,55.47,27.62,7.05,456.44,33.18,79.35
2026-03-19 09:00:00,CP-01,Running,53.76,25.45,6.92,379.68,32.87,74.14
2026-01-26 19:00:00,CP-03,Running,51.91,25.15,6.79,327.92,28.47,66.74
2026-01-02 10:00:00,CP-05,Running,58.81,30.81,7.13,445.34,31.44,85.58
2026-03-12 23:00:00,CP-02,Running,49.07,22.05,6.73,325.86,29.39,64.17
2026-02-02 14:00:00,CP-05,Running,55.78,28.56,6.92,399.64,30.96,74.85
2026-01-07 16:00:00,CP-04,Running,44.77,19.07,6.37,297.13,28.3,54.21
2026-03-01 13:00:00,CP-04,Running,43.02,18.36,,285.57,29.18,55.16
2026-02-08 11:00:00,CP-04,Running,48.2,20.75,6.7,304.95,31.23,58.92
2026-03-03 06:00:00,CP-04,Running,53.75,23.71,6.62,376.55,32.74,70.05
2026-02-16 18:00:00,CP-01,Running,46.04,21.02,6.57,281.53,28.13,57.65
2026-03-01 06:00:00,CP-05,Stopped,28.89,12.42,7.28,1.11,28.44,0.2
2026-01-20 17:00:00,CP-03,Running,50.66,24.71,6.82,335.36,28.32,69.74
2026-03-19 23:00:00,CP-04,Running,45.09,19.42,6.49,308.63,29.27,59.17
2026-01-01 09:00:00,CP-05,Running,55.55,28.68,7.16,405.74,31.52,78.71
2026-02-25 11:00:00,CP-03,Running,56.64,28.02,6.94,377.58,31.48,76.32
2026-03-26 01:00:00,CP-05,Running,52.19,26.94,7.02,377.89,31.02,78.68
2026-01-25 01:00:00,CP-02,Running,50.19,22.33,6.85,293.65,28.96,59.74
2026-03-05 04:00:00,CP-03,Running,54.23,27.21,7.15,421.67,31.45,83.02
2026-03-02 19:00:00,CP-05,Running,49.88,25.3,6.8,340.36,30.03,70.32
2026-02-23 03:00:00,CP-04,Running,53.06,23.39,6.55,343.48,30.95,69.81
2026-03-27 18:00:00,CP-05,Running,57.65,29.4,6.82,355.5,28.7,73.0
2026-03-05 15:00:00,CP-01,Running,48.3,22.07,6.57,303.74,28.91,58.05
2026-02-14 15:00:00,CP-05,Running,51.65,26.41,6.83,374.11,28.82,74.11
2026-01-22 01:00:00,CP-02,Running,48.56,21.8,6.7,313.22,29.68,63.79
2026-01-10 23:00:00,CP-02,Running,48.8,21.94,6.81,339.38,30.12,64.31
2026-01-16 17:00:00,CP-02,Running,43.79,19.11,6.64,256.91,27.88,51.12
2026-03-29 19:00:00,CP-03,Running,49.97,24.17,6.6,337.93,28.9,66.03
2026-02-14 05:00:00,CP-04,Running,55.14,24.43,6.68,382.2,31.27,72.05
2026-03-03 05:00:00,CP-05,Running,61.78,32.48,7.25,427.74,32.54,87.31
2026-01-05 12:00:00,CP-04,Running,45.81,19.89,6.65,325.43,29.34,62.88
2026-03-13 08:00:00,CP-02,Stopped,25.26,9.79,6.92,9.21,26.8,1.69
2026-03-13 06:00:00,CP-03,Running,53.2,26.39,7.09,405.39,32.07,77.66
2026-02-06 16:00:00,CP-01,Running,51.89,24.47,6.58,369.07,28.48,72.31
2026-01-29 11:00:00,CP-03,Running,51.65,25.21,7.08,361.81,30.01,70.17
2026-03-15 02:00:00,CP-04,Running,50.16,21.95,6.7,342.62,30.57,66.49
2026-03-21 07:00:00,CP-02,Running,51.1,23.26,6.97,348.48,31.43,70.05
2026-01-04 09:00:00,CP-01,Running,52.37,24.66,6.95,376.94,30.76,71.65
2026-02-07 15:00:00,CP-03,Running,51.29,25.05,6.94,381.68,29.89,70.33
2026-03-27 17:00:00,CP-02,Running,50.57,22.73,6.62,332.33,28.13,64.35
2026-02-24 03:00:00,CP-01,Running,51.68,24.23,6.95,326.32,30.55,69.56
2026-01-26 14:00:00,CP-02,Running,52.84,24.07,6.7,348.98,28.72,70.48
2026-02-16 19:00:00,CP-05,Running,51.78,26.16,6.84,355.1,27.8,68.62
2026-01-16 12:00:00,CP-02,Running,51.93,23.54,6.51,336.07,29.43,68.2
2026-02-28 05:00:00,CP-03,Running,56.11,28.39,7.03,454.12,32.98,87.0
2026-02-17 12:00:00,CP-02,Running,52.73,23.56,,285.04,28.74,61.62
2026-02-17 15:00:00,CP-03,Running,47.45,22.88,6.63,318.75,29.37,64.53
2026-02-18 11:00:00,CP-02,Running,52.81,23.98,6.68,345.96,30.04,69.0
2026-02-09 01:00:00,CP-02,Running,47.99,21.32,6.72,308.23,30.05,59.03
2026-03-24 14:00:00,CP-05,Running,54.71,27.77,7.05,331.19,30.02,70.73
2026-02-14 14:00:00,CP-03,Running,53.53,26.02,6.98,327.22,28.74,68.24
2026-03-03 19:00:00,CP-01,Running,48.54,22.25,6.69,313.23,26.68,59.28
2026-02-10 23:00:00,CP-04,Running,48.13,20.7,6.71,329.24,28.58,58.57
2026-01-13 21:00:00,CP-05,Running,49.74,25.22,6.98,337.53,29.32,70.26
2026-01-31 03:00:00,CP-01,Running,51.33,23.99,7.05,353.36,30.7,68.24
2026-02-22 05:00:00,CP-05,Running,57.84,29.95,7.19,371.53,31.97,80.0
2026-01-10 23:00:00,CP-03,Stopped,29.97,12.55,6.83,24.71,26.92,4.59
2026-02-05 21:00:00,CP-02,Running,45.17,20.11,6.52,320.76,26.58,59.88
2026-02-25 15:00:00,CP-01,Running,50.01,23.12,6.62,306.6,29.44,63.22
2026-03-28 15:00:00,CP-03,Running,52.92,25.81,6.73,340.09,29.83,69.83
2026-02-10 15:00:00,CP-05,Running,55.8,29.16,6.83,434.94,30.94,84.4
2026-01-10 17:00:00,CP-02,Running,47.35,21.0,6.45,308.33,28.72,58.32
2026-02-28 09:00:00,CP-03,Running,57.43,28.75,6.8,417.49,32.64,81.88
2026-03-12 06:00:00,CP-02,Running,56.54,26.16,6.77,392.02,32.42,77.56
2026-03-10 11:00:00,CP-02,Running,51.56,23.27,6.59,340.89,29.36,66.08
2026-03-12 17:00:00,CP-05,Running,52.73,26.61,6.87,362.01,29.27,68.16
2026-01-25 16:00:00,CP-05,Running,54.91,28.3,6.94,384.84,28.21,77.85
2026-03-06 18:00:00,CP-01,Running,48.93,22.79,6.68,358.03,28.64,66.75
2026-01-02 03:00:00,CP-01,Running,55.94,26.81,6.9,390.07,31.82,79.91
2026-02-28 05:00:00,CP-05,Running,58.34,30.69,7.14,456.52,32.82,87.54
2026-03-01 09:00:00,CP-02,Stopped,29.26,11.42,6.78,21.16,28.23,4.51
2026-02-26 13:00:00,CP-04,Running,48.08,20.91,6.44,319.2,28.34,63.57
2026-03-19 17:00:00,CP-03,Running,47.42,22.82,6.74,326.35,28.72,63.72
2026-03-25 22:00:00,CP-02,Running,52.07,23.35,6.6,316.31,29.35,63.15
2026-01-17 04:00:00,CP-05,Running,52.82,27.67,7.2,437.54,31.49,85.64
2026-01-22 15:00:00,CP-04,Running,45.85,19.25,6.54,236.0,28.24,47.84
2026-01-29 16:00:00,CP-05,Running,50.04,25.14,6.92,324.66,30.07,66.11
2026-02-14 08:00:00,CP-03,Stopped,27.09,11.31,7.0,17.18,30.61,3.49
2026-03-06 16:00:00,CP-03,Running,52.54,25.39,6.83,349.47,29.23,65.6
2026-02-17 05:00:00,CP-05,Running,58.88,31.09,7.17,442.06,32.64,89.37
2026-01-28 15:00:00,CP-03,Stopped,30.99,12.97,6.77,23.26,26.33,4.45
2026-01-24 11:00:00,CP-03,Running,58.49,29.39,7.13,409.8,31.93,83.76
2026-01-24 14:00:00,CP-05,Running,57.07,29.33,6.87,384.02,29.99,76.56
2026-03-01 22:00:00,CP-04,Running,47.51,20.4,6.51,295.02,28.14,57.8
2026-03-12 00:00:00,CP-03,Running,51.04,25.12,6.93,379.03,31.05,73.98
2026-01-18 21:00:00,CP-03,Running,55.19,27.0,6.8,360.15,29.59,71.1
2026-03-06 21:00:00,CP-05,Running,52.61,26.85,6.91,356.21,29.2,73.24
2026-01-21 05:00:00,CP-04,Running,53.24,23.61,6.67,363.95,32.93,72.44
2026-01-31 21:00:00,CP-04,Running,47.55,20.12,6.5,260.22,27.18,51.4
2026-03-09 21:00:00,CP-02,Running,46.2,20.48,6.57,300.15,28.52,58.0
2026-02-23 08:00:00,CP-04,Running,52.72,23.29,6.77,365.43,32.26,70.67
2026-02-07 09:00:00,CP-04,Running,53.44,23.63,6.79,374.77,31.17,71.23
2026-01-30 17:00:00,CP-03,Running,51.32,25.03,6.81,337.83,29.75,69.66
2026-03-04 02:00:00,CP-03,Running,50.97,25.22,7.03,412.24,31.64,76.46
2026-03-29 03:00:00,CP-01,Running,49.59,23.23,6.98,359.58,31.06,69.29
2026-02-22 09:00:00,CP-03,Running,54.98,27.61,7.05,412.83,32.58,83.36
2026-03-16 15:00:00,CP-04,Running,50.84,21.83,6.38,294.66,27.95,57.75
2026-03-10 09:00:00,CP-03,Running,53.26,26.54,7.0,402.81,31.37,79.8
2026-03-04 02:00:00,CP-02,Running,56.72,26.18,6.65,400.85,30.82,76.44
2026-03-11 15:00:00,CP-03,Running,53.98,26.19,6.82,358.98,27.53,67.32
2026-02-07 01:00:00,CP-01,Running,50.07,23.37,6.75,341.68,32.41,67.63
2026-02-06 05:00:00,CP-01,Running,56.34,26.89,7.01,401.35,31.53,77.86
2026-01-27 20:00:00,CP-02,Running,46.74,20.48,6.59,263.28,28.23,52.8
2026-03-06 15:00:00,CP-04,Running,46.27,19.58,6.57,275.23,29.73,51.44
2026-01-19 03:00:00,CP-04,Running,54.46,24.2,6.68,342.97,31.52,73.39
2026-02-10 16:00:00,CP-02,Running,49.03,22.06,6.56,343.9,29.83,64.66
2026-01-14 20:00:00,CP-04,Running,44.93,19.04,6.51,257.61,28.54,52.09
2026-03-06 12:00:00,CP-03,Running,54.38,26.8,6.96,403.92,30.17,74.57
2026-03-12 00:00:00,CP-02,Stopped,28.78,11.11,6.86,1.54,27.98,0.29
2026-02-28 13:00:00,CP-04,Running,53.21,23.22,6.5,317.55,30.52,65.06
2026-02-05 21:00:00,CP-05,Running,51.35,26.33,6.81,378.76,29.27,75.44
2026-03-18 22:00:00,CP-01,Running,50.52,23.45,6.75,332.28,28.3,65.04
2026-01-18 05:00:00,CP-02,Running,52.44,24.24,6.8,359.25,32.04,77.32
2026-01-18 22:00:00,CP-03,Running,53.53,26.1,6.91,343.5,29.63,69.55
2026-01-15 19:00:00,CP-04,Running,45.3,19.26,6.45,267.85,26.41,53.33
2026-02-03 15:00:00,CP-01,Running,52.41,24.7,6.67,376.35,27.52,72.08
2026-02-03 17:00:00,CP-04,Running,46.49,19.85,6.45,298.96,27.95,55.39
2026-02-16 05:00:00,CP-03,Stopped,28.51,11.95,6.95,27.65,28.08,5.23
2026-03-02 12:00:00,CP-01,Running,52.43,24.25,6.7,330.23,30.44,63.49
2026-03-29 08:00:00,CP-02,Running,51.32,23.7,6.8,372.38,31.74,76.77
2026-03-10 16:00:00,CP-03,Running,47.94,23.31,6.82,334.38,30.16,68.36
2026-01-12 08:00:00,CP-03,Running,59.48,29.73,7.06,423.08,32.02,81.17
2026-02-15 09:00:00,CP-03,Running,55.61,27.79,6.86,395.97,32.83,81.07
2026-03-28 16:00:00,CP-04,Running,48.94,21.07,6.54,299.57,29.17,59.1
2026-01-04 23:00:00,CP-02,Running,50.11,22.49,6.63,345.07,29.74,63.63
2026-02-24 17:00:00,CP-01,Running,48.88,22.35,6.58,288.67,27.88,58.38
2026-02-04 10:00:00,CP-02,Running,50.93,22.83,6.78,327.27,31.22,62.96
2026-03-18 14:00:00,CP-04,Running,47.03,20.06,6.62,267.12,27.3,54.89
2026-01-05 07:00:00,CP-03,Stopped,30.26,12.69,6.97,27.88,27.69,5.27
2026-02-10 03:00:00,CP-02,Stopped,27.74,10.75,6.87,9.62,28.07,1.75
2026-01-27 10:00:00,CP-04,Running,45.29,19.5,6.72,283.03,30.46,59.18
2026-03-31 22:00:00,CP-04,Running,45.69,19.36,6.51,251.18,27.59,52.02
2026-01-06 15:00:00,CP-02,Running,46.53,20.55,6.66,295.25,29.24,56.29
2026-02-25 15:00:00,CP-02,Running,47.19,20.75,6.61,280.15,27.63,54.36
2026-03-22 15:00:00,CP-02,Running,46.61,20.61,6.54,283.02,27.83,56.99
2026-03-12 11:00:00,CP-04,Running,47.37,20.52,6.69,326.1,29.3,61.82
2026-03-11 11:00:00,CP-02,Running,52.49,23.77,6.59,373.84,29.62,67.72
2026-02-24 04:00:00,CP-02,Running,51.74,23.63,6.85,338.97,29.99,71.53
2026-02-21 14:00:00,CP-01,Running,49.82,23.2,6.77,328.98,28.81,66.61
2026-02-01 08:00:00,CP-03,Running,55.51,27.72,7.03,422.58,31.53,80.77
2026-03-31 15:00:00,CP-02,Running,46.98,20.94,6.56,317.59,28.08,60.53
2026-01-22 22:00:00,CP-03,Running,52.86,25.72,6.8,333.36,29.02,68.74
2026-01-29 17:00:00,CP-05,Running,50.25,25.02,6.69,303.91,29.53,61.97
2026-01-09 03:00:00,CP-04,Running,52.46,22.86,6.59,338.42,30.53,64.4
2026-03-31 20:00:00,CP-01,Running,49.2,22.58,6.6,307.12,27.9,60.09
2026-01-06 20:00:00,CP-01,Running,49.21,22.9,6.76,357.08,27.45,66.13
2026-02-21 19:00:00,CP-02,Stopped,25.13,9.72,6.6,4.28,25.14,0.86
2026-01-16 03:00:00,CP-01,Running,53.24,25.36,7.0,386.74,30.93,77.0
2026-01-31 00:00:00,CP-05,Running,58.47,30.64,6.95,441.39,29.68,85.74
2026-02-27 01:00:00,CP-01,Running,54.81,25.82,6.83,351.35,31.4,71.86
2026-01-13 14:00:00,CP-05,Running,55.53,28.84,6.86,411.66,31.05,81.48
2026-01-27 12:00:00,CP-04,Running,54.34,23.77,6.71,316.82,29.38,66.21
2026-02-19 14:00:00,CP-02,Running,50.24,22.58,6.65,317.44,28.44,64.35
2026-03-14 09:00:00,CP-05,Running,58.07,30.48,7.16,474.53,32.25,86.55
2026-03-02 14:00:00,CP-04,Running,47.81,20.44,6.64,298.49,29.31,55.85
2026-02-19 19:00:00,CP-05,Stopped,29.94,13.11,6.82,37.32,26.09,7.66
2026-02-09 19:00:00,CP-05,Stopped,30.03,12.92,6.76,3.38,26.13,0.63
2026-03-19 09:00:00,CP-04,Running,49.6,21.56,6.76,316.54,31.1,63.29
2026-02-18 09:00:00,CP-03,Running,55.47,27.88,7.06,415.75,32.19,83.89
2026-01-01 15:00:00,CP-02,Running,47.97,21.32,6.46,282.49,27.56,59.22
2026-02-03 00:00:00,CP-03,Running,52.32,25.73,6.88,387.07,31.29,73.69
2026-03-20 03:00:00,CP-04,Running,50.06,22.05,6.79,340.47,31.29,69.49
2026-03-31 08:00:00,CP-02,Running,52.67,24.01,7.02,367.42,32.33,70.66
2026-03-30 07:00:00,CP-01,Running,54.78,26.18,7.06,405.07,32.77,78.44
2026-01-10 16:00:00,CP-01,Running,49.4,22.87,6.63,331.15,29.29,63.89
2026-02-02 04:00:00,CP-03,Running,60.06,29.93,7.12,391.54,31.63,79.78
2026-03-18 18:00:00,CP-03,Running,51.77,24.96,6.73,322.0,28.32,64.5
2026-03-18 19:00:00,CP-03,Running,47.24,22.78,6.76,318.38,28.88,64.64
2026-01-19 13:00:00,CP-04,Running,49.79,21.34,6.57,297.15,28.79,57.12
2026-01-24 08:00:00,CP-04,Running,53.13,23.47,,334.73,33.42,70.77
2026-01-31 08:00:00,CP-02,Running,53.95,24.92,6.82,398.89,31.72,76.82
2026-03-13 02:00:00,CP-01,Running,54.53,26.01,6.94,408.46,30.65,77.65
2026-02-19 02:00:00,CP-02,Running,52.85,24.01,6.85,346.23,30.41,69.11
2026-03-08 11:00:00,CP-05,Running,58.29,30.29,7.07,458.31,31.36,81.69
2026-03-21 13:00:00,CP-04,Running,48.24,20.86,6.37,276.53,29.97,61.09
2026-02-05 11:00:00,CP-03,Running,52.02,25.66,6.93,380.69,30.18,74.96
2026-01-26 23:00:00,CP-04,Running,48.3,20.7,6.45,295.29,30.43,57.02
2026-02-18 10:00:00,CP-02,Running,47.85,21.77,6.66,336.28,30.15,69.82
2026-03-27 03:00:00,CP-02,Running,52.33,23.51,6.95,312.71,31.48,64.18
2026-01-27 15:00:00,CP-02,Running,48.35,21.68,6.45,312.5,29.49,63.2
2026-03-18 15:00:00,CP-05,Running,54.93,27.93,6.85,381.12,29.1,71.6
2026-01-23 14:00:00,CP-03,Running,54.61,26.97,6.74,370.57,28.68,75.5
2026-03-27 07:00:00,CP-05,Running,56.7,29.9,7.03,429.64,32.49,88.72
2026-03-21 16:00:00,CP-05,Running,52.9,27.25,6.71,380.32,29.47,77.62
2026-03-29 00:00:00,CP-05,Running,53.91,27.69,6.91,391.1,31.71,76.27
2026-02-13 20:00:00,CP-02,Running,48.78,21.71,6.68,308.45,28.34,59.88
2026-01-30 15:00:00,CP-03,Running,53.4,25.85,6.9,361.84,27.86,66.29
2026-01-19 23:00:00,CP-03,Running,52.72,25.82,6.84,346.37,29.89,71.57
2026-02-11 13:00:00,CP-02,Running,51.36,23.17,6.82,328.65,28.82,65.92
2026-02-20 13:00:00,CP-01,Running,53.1,25.08,6.77,358.79,28.92,73.12
2026-02-15 19:00:00,CP-03,Running,53.48,25.67,6.78,313.23,29.14,62.48
2026-01-19 03:00:00,CP-03,Stopped,31.38,13.23,6.93,38.7,29.8,7.56
2026-01-02 18:00:00,CP-03,Running,48.93,23.65,6.96,345.18,27.31,65.65
2026-01-20 23:00:00,CP-01,Running,52.3,24.63,6.8,356.13,29.5,71.7
2026-01-18 00:00:00,CP-01,Running,49.69,23.12,6.74,342.72,31.68,66.14
2026-03-01 22:00:00,CP-05,Running,52.68,26.89,6.89,378.33,28.09,73.31
2026-02-04 09:00:00,CP-01,Running,51.53,24.4,6.73,391.18,30.21,74.34
2026-02-15 04:00:00,CP-03,Running,57.45,28.57,6.88,400.59,31.94,78.83
2026-03-02 15:00:00,CP-04,Running,46.24,19.85,6.55,301.08,29.45,57.74
2026-02-12 20:00:00,CP-03,Running,49.41,24.17,6.68,369.56,28.74,71.06
2026-02-25 17:00:00,CP-02,Stopped,26.31,10.15,6.57,0.58,26.94,0.12
2026-01-28 19:00:00,CP-05,Running,52.57,26.66,6.78,343.08,28.3,70.36
2026-01-12 05:00:00,CP-01,Running,56.52,26.69,6.72,388.3,31.85,73.0
2026-02-09 18:00:00,CP-03,Running,49.94,24.06,6.77,349.93,27.61,64.26
2026-03-12 00:00:00,CP-01,Running,47.32,21.57,6.77,286.55,29.33,56.94
2026-01-09 08:00:00,CP-01,Running,56.12,26.98,7.05,416.37,32.0,81.34
2026-02-08 23:00:00,CP-03,Running,51.66,25.36,6.76,400.18,31.35,72.8
2026-01-09 00:00:00,CP-01,Running,45.73,21.3,6.9,344.85,30.95,66.64
2026-03-18 19:00:00,CP-01,Running,45.44,20.85,6.64,317.32,28.92,59.82
2026-02-13 13:00:00,CP-02,Running,49.22,21.94,6.69,317.65,29.89,60.55
2026-03-23 11:00:00,CP-03,Running,54.0,26.52,6.95,351.33,29.68,72.97
2026-01-13 19:00:00,CP-01,Running,51.8,23.86,6.78,313.92,29.03,61.53
2026-01-13 18:00:00,CP-03,Running,50.41,24.5,6.87,371.96,27.5,68.13
2026-02-02 00:00:00,CP-05,Running,52.6,27.07,7.03,398.97,29.8,77.11
2026-03-24 20:00:00,CP-01,Running,51.46,24.1,6.56,318.59,28.01,69.08
2026-01-20 14:00:00,CP-02,Running,50.56,22.59,6.56,307.66,29.19,61.54
2026-01-14 17:00:00,CP-04,Running,47.09,19.98,6.43,266.7,27.78,52.41
2026-02-25 21:00:00,CP-04,Running,45.3,19.35,6.34,259.04,28.67,55.53
2026-01-02 08:00:00,CP-03,Running,59.39,29.83,7.02,414.33,32.78,83.53
2026-01-20 09:00:00,CP-03,Running,55.35,27.5,7.08,389.69,32.56,78.39
2026-03-23 20:00:00,CP-05,Running,50.35,25.75,6.84,346.23,28.7,74.14
2026-03-02 09:00:00,CP-02,Running,56.22,26.02,6.8,397.72,31.3,77.7
2026-02-25 05:00:00,CP-05,Running,56.54,29.76,7.23,426.19,33.05,87.81
2026-02-02 13:00:00,CP-03,Running,53.77,26.4,6.86,400.85,29.74,72.81
2026-02-21 14:00:00,CP-04,Running,48.98,21.27,6.56,306.81,29.15,62.84
2026-03-07 20:00:00,CP-03,Running,53.49,25.86,6.78,352.68,29.03,65.73
2026-01-10 05:00:00,CP-01,Running,49.49,23.27,6.89,340.57,30.57,71.05
2026-03-14 00:00:00,CP-01,Running,48.96,22.96,6.81,381.18,30.47,69.82
2026-03-21 02:00:00,CP-03,Running,54.69,27.31,7.03,389.81,31.6,80.77
2026-01-05 19:00:00,CP-01,Running,51.94,24.25,6.55,355.56,30.04,67.74
2026-02-03 13:00:00,CP-02,Running,50.27,22.65,6.67,335.78,30.38,65.45
2026-03-26 13:00:00,CP-01,Running,49.06,22.89,6.75,324.41,27.19,67.36
2026-02-08 21:00:00,CP-03,Running,50.16,24.11,6.67,347.51,29.82,63.14
2026-03-06 03:00:00,CP-05,Running,54.12,27.99,7.3,387.14,32.27,79.48
2026-03-10 20:00:00,CP-04,Running,47.23,20.23,6.41,296.65,27.94,56.66
2026-02-25 21:00:00,CP-03,Running,50.45,24.71,6.75,355.79,30.28,71.78
2026-03-11 17:00:00,CP-04,Running,46.58,19.83,6.54,297.97,27.21,54.1
2026-03-23 23:00:00,CP-02,Running,48.34,21.52,6.73,303.86,28.8,60.01
2026-02-26 07:00:00,CP-03,Running,55.23,27.62,7.06,403.27,33.05,81.47
2026-01-12 15:00:00,CP-03,Running,48.44,23.61,6.86,362.32,31.46,69.47
2026-01-30 19:00:00,CP-04,Running,43.49,18.32,6.58,264.84,27.83,49.38
2026-01-19 15:00:00,CP-05,Running,56.38,29.18,6.88,394.63,29.4,79.89
2026-01-15 15:00:00,CP-04,Running,47.0,20.07,6.52,277.26,27.16,55.4
2026-02-26 23:00:00,CP-01,Running,50.79,23.69,6.73,324.27,29.64,67.23
2026-02-11 20:00:00,CP-01,Running,51.21,23.63,6.65,319.09,28.5,62.33
2026-01-31 15:00:00,CP-01,Running,45.23,20.76,6.69,306.99,29.45,60.04
2026-01-06 08:00:00,CP-04,Running,50.88,22.37,6.73,362.95,31.88,68.51
2026-03-28 05:00:00,CP-02,Stopped,28.48,11.02,6.91,6.3,29.01,1.21
2026-03-13 10:00:00,CP-02,Stopped,32.1,12.63,6.68,41.69,27.89,7.68
2026-02-02 16:00:00,CP-03,Running,51.55,25.49,6.84,392.19,30.33,76.18
2026-03-06 13:00:00,CP-03,Running,50.93,24.97,6.87,386.67,29.1,72.16
2026-01-15 16:00:00,CP-04,Running,44.29,18.83,6.37,268.84,27.74,53.47
2026-01-15 06:00:00,CP-03,Running,53.95,26.85,7.08,411.03,30.48,79.2
2026-03-05 01:00:00,CP-02,Running,47.86,21.58,6.74,344.0,30.22,65.7
2026-03-27 12:00:00,CP-03,Stopped,32.61,13.49,6.95,0.4,27.68,0.08
2026-03-27 06:00:00,CP-03,Running,55.98,28.3,7.02,425.41,33.23,86.5
2026-03-04 04:00:00,CP-04,Running,52.14,22.92,6.82,353.81,30.51,68.43
2026-02-05 17:00:00,CP-05,Running,48.11,24.1,6.88,339.4,28.27,64.75
2026-03-25 08:00:00,CP-05,Running,57.5,30.32,7.03,443.78,30.95,88.65
2026-01-04 06:00:00,CP-02,Running,53.67,24.72,6.82,402.41,32.46,75.45
2026-03-28 11:00:00,CP-04,Running,47.0,20.3,6.57,305.91,30.55,60.51
2026-02-13 04:00:00,CP-02,Running,53.6,24.75,6.77,385.77,31.73,76.76
2026-02-15 18:00:00,CP-01,Running,48.09,22.32,6.66,355.63,29.15,64.94
2026-03-17 23:00:00,CP-03,Running,53.29,26.15,6.92,351.75,30.12,72.54
2026-01-12 12:00:00,CP-01,Running,52.12,24.58,6.75,379.25,30.41,72.45
2026-03-27 22:00:00,CP-01,Running,49.94,22.99,6.72,285.97,29.53,61.41
2026-03-20 21:00:00,CP-03,Running,55.64,27.08,6.88,352.13,27.64,68.85
2026-02-14 16:00:00,CP-04,Running,46.92,19.82,6.52,271.46,29.84,50.64
2026-02-22 06:00:00,CP-05,Running,52.59,27.24,7.21,408.45,31.78,80.25
2026-01-29 04:00:00,CP-05,Running,59.38,31.05,7.22,464.4,31.87,84.75
2026-03-15 18:00:00,CP-04,Running,45.24,19.31,6.4,266.49,27.04,55.26
2026-03-16 00:00:00,CP-01,Running,50.26,23.55,6.72,354.83,30.11,69.32
2026-01-20 20:00:00,CP-02,Running,48.08,21.5,6.61,302.4,28.35,62.02
2026-03-24 18:00:00,CP-05,Running,50.65,25.13,6.8,305.86,27.76,60.35
2026-03-30 14:00:00,CP-04,Running,42.82,18.27,6.5,266.79,28.84,54.99
2026-02-26 05:00:00,CP-01,Running,51.66,24.42,6.95,373.91,31.86,73.4
2026-02-26 20:00:00,CP-04,Running,47.2,19.98,6.58,263.88,28.06,51.49
2026-01-22 23:00:00,CP-02,Running,51.32,23.36,6.7,339.91,29.6,70.09
2026-01-18 12:00:00,CP-01,Running,56.49,26.77,6.78,368.32,31.15,74.67
2026-02-26 21:00:00,CP-03,Running,52.57,25.74,6.9,355.66,29.38,71.53
2026-03-01 14:00:00,CP-01,Running,48.62,22.46,6.6,310.93,,62.81
2026-02-05 01:00:00,CP-01,Running,52.13,24.62,6.86,400.73,30.84,73.01
2026-03-28 16:00:00,CP-02,Running,46.64,20.69,6.58,290.14,27.86,58.43
2026-01-14 17:00:00,CP-03,Running,50.76,24.53,6.62,341.41,28.55,65.53
2026-02-22 10:00:00,CP-03,Running,52.34,25.83,7.05,384.87,31.37,75.25
2026-03-16 21:00:00,CP-05,Running,52.95,26.66,6.87,340.91,29.07,67.02
2026-03-18 11:00:00,CP-04,Running,45.47,19.71,6.69,301.53,29.18,62.01
2026-03-10 05:00:00,CP-05,Running,56.83,29.46,7.12,411.48,31.03,80.59
2026-03-24 10:00:00,CP-05,Running,60.34,31.49,7.03,399.19,31.42,83.78
2026-01-11 16:00:00,CP-01,Stopped,32.77,13.29,6.48,39.4,25.62,7.76
2026-02-06 18:00:00,CP-05,Running,51.57,26.08,6.76,389.63,28.23,69.15
2026-01-04 05:00:00,CP-05,Running,56.42,29.18,7.08,431.34,31.79,79.47
2026-02-17 20:00:00,CP-05,Running,52.38,26.74,6.84,363.62,28.78,73.41
2026-02-26 22:00:00,CP-04,Running,43.42,18.3,6.54,232.32,27.84,49.57
2026-01-03 12:00:00,CP-05,Running,53.95,27.64,7.0,379.11,31.16,75.06
2026-02-03 12:00:00,CP-01,Running,51.56,24.17,6.72,392.26,30.59,69.69
2026-02-15 13:00:00,CP-03,Running,46.32,22.38,6.8,324.01,31.11,65.45
2026-02-14 06:00:00,CP-01,Running,60.23,28.97,7.0,386.88,32.34,81.53
2026-02-09 06:00:00,CP-04,Running,49.3,21.72,6.69,357.54,32.87,69.48
2026-03-26 23:00:00,CP-03,Running,56.33,27.84,6.85,381.18,29.82,75.97
2026-01-23 09:00:00,CP-04,Running,49.9,21.66,6.73,311.98,30.94,62.76
2026-01-01 01:00:00,CP-05,Running,56.85,29.63,6.97,422.66,31.91,83.09
2026-01-16 14:00:00,CP-04,Stopped,30.76,11.7,6.57,34.11,25.7,6.85
2026-01-30 21:00:00,CP-03,Running,50.73,24.8,6.95,361.34,29.78,70.83
2026-02-22 13:00:00,CP-05,Running,54.23,28.15,6.99,406.77,29.39,81.23
2026-02-22 06:00:00,CP-02,Running,51.13,23.31,6.85,347.64,32.18,70.88
2026-03-18 02:00:00,CP-05,Running,58.47,30.45,6.93,431.41,31.47,82.68
2026-01-29 23:00:00,CP-04,Running,47.96,20.91,6.48,323.33,29.13,64.78
2026-03-07 02:00:00,CP-01,Running,53.95,25.61,6.95,399.52,31.48,75.4
2026-03-31 03:00:00,CP-04,Running,52.61,22.88,6.57,324.7,30.26,63.54
2026-01-07 10:00:00,CP-02,Running,52.0,23.59,6.85,363.3,30.07,68.51
2026-03-16 09:00:00,CP-02,Running,55.3,25.57,6.75,382.91,30.01,77.27
2026-01-25 20:00:00,CP-01,Running,48.66,22.32,6.63,293.55,29.0,59.75
2026-03-12 16:00:00,CP-05,Running,54.33,27.59,6.92,372.69,29.05,70.92
2026-03-07 10:00:00,CP-03,Running,54.85,27.25,7.01,408.34,31.66,78.33
2026-01-16 01:00:00,CP-02,Running,52.55,23.93,6.7,359.22,31.5,70.32
2026-02-01 16:00:00,CP-04,Running,50.6,21.54,6.32,281.76,29.15,54.03
2026-03-24 08:00:00,CP-04,Running,51.16,22.69,6.73,346.83,31.83,72.66
2026-02-13 21:00:00,CP-01,Running,51.07,23.6,6.75,326.63,29.54,63.14
2026-03-23 21:00:00,CP-01,Running,49.24,22.62,6.71,307.63,30.24,60.44
2026-01-18 07:00:00,CP-04,Running,49.83,21.79,6.76,331.47,31.91,66.09
2026-03-21 11:00:00,CP-02,Running,51.77,23.55,6.92,349.28,28.95,69.83
2026-03-31 19:00:00,CP-02,Running,48.54,21.57,6.67,291.86,28.82,59.21
2026-03-09 15:00:00,CP-04,Running,50.79,21.79,6.43,289.29,28.42,57.51
2026-01-01 12:00:00,CP-03,Running,53.84,26.47,6.93,373.76,30.37,73.56
2026-02-22 04:00:00,CP-03,Running,52.09,25.73,7.03,359.22,31.55,75.59
2026-01-22 13:00:00,CP-03,Stopped,28.06,11.79,6.76,29.97,26.9,5.97
2026-02-04 04:00:00,CP-05,Running,61.43,32.32,7.04,458.95,32.79,87.62
2026-03-08 00:00:00,CP-05,Running,52.57,27.18,7.05,420.93,31.54,79.28
2026-01-30 03:00:00,CP-03,Running,54.42,27.08,7.03,392.08,30.99,79.01
2026-01-16 15:00:00,CP-04,Running,46.97,20.26,6.3,300.42,27.56,59.77
2026-02-08 19:00:00,CP-02,Running,46.58,20.33,6.56,273.86,27.31,51.16
2026-01-01 17:00:00,CP-05,Running,51.19,25.77,6.89,343.26,28.78,66.95
2026-03-11 10:00:00,CP-03,Running,51.74,25.66,6.97,394.73,30.87,77.57
2026-02-04 13:00:00,CP-01,Running,50.85,23.94,6.74,374.49,29.18,71.63
2026-02-16 05:00:00,CP-01,Running,56.71,27.31,6.87,415.85,31.75,82.2
2026-03-02 02:00:00,CP-05,Running,53.77,27.76,7.05,387.7,31.44,78.72
2026-01-10 03:00:00,CP-01,Running,54.56,25.95,6.89,417.66,31.54,76.22
2026-01-28 02:00:00,CP-02,Running,50.44,22.82,6.88,345.79,29.47,67.22
2026-03-21 06:00:00,CP-01,Running,55.84,26.94,7.03,376.04,32.32,83.1
2026-03-14 00:00:00,CP-05,Running,54.47,27.91,6.95,397.83,30.79,75.2
2026-01-20 14:00:00,CP-05,Running,53.81,27.68,6.92,384.03,29.86,76.99
2026-02-20 12:00:00,CP-04,Running,50.39,21.78,6.66,290.7,31.26,60.82
2026-03-25 21:00:00,CP-03,Running,49.52,24.2,6.81,350.36,30.1,70.56
2026-03-27 10:00:00,CP-05,Running,55.24,28.79,7.07,414.31,32.52,83.13
2026-03-26 00:00:00,CP-01,Running,52.2,24.55,6.88,331.4,31.07,71.04
2026-01-02 17:00:00,CP-05,Running,53.54,27.36,7.0,371.68,28.25,73.85
2026-02-11 06:00:00,CP-01,Running,54.43,26.07,7.01,425.24,32.96,79.53
2026-03-12 10:00:00,CP-03,Running,55.14,27.82,7.12,449.96,30.51,85.68
2026-03-03 18:00:00,CP-03,Running,50.62,24.45,6.75,349.97,28.88,65.26
2026-02-28 05:00:00,CP-01,Running,53.65,25.5,6.98,380.06,34.13,75.96
2026-03-12 22:00:00,CP-04,Running,45.45,19.36,6.38,282.71,28.95,54.3
2026-01-16 02:00:00,CP-04,Running,47.38,20.39,6.56,303.74,28.76,58.89
2026-01-27 05:00:00,CP-01,Running,56.54,27.31,7.07,403.31,33.58,83.54
2026-02-27 10:00:00,CP-04,Running,47.71,20.72,6.74,319.03,30.35,62.89
2026-03-07 13:00:00,CP-01,Running,52.91,24.9,6.89,365.74,30.37,71.32
2026-02-11 11:00:00,CP-04,Running,49.24,21.52,6.66,326.24,30.4,65.83
2026-01-16 19:00:00,CP-01,Running,50.4,23.35,6.69,344.22,28.94,64.23
2026-02-23 21:00:00,CP-03,Running,53.43,26.13,6.8,320.84,28.32,70.97
2026-01-14 15:00:00,CP-04,Running,49.62,21.38,6.52,283.3,29.31,59.37
2026-01-13 15:00:00,CP-04,Running,46.9,20.11,6.47,283.03,28.4,57.2
2026-02-01 08:00:00,CP-02,Running,50.36,22.87,6.82,370.76,31.76,69.09
2026-03-20 13:00:00,CP-04,Running,49.39,21.39,6.6,324.29,28.51,61.69
2026-02-12 05:00:00,CP-03,Running,52.56,26.25,6.89,415.4,32.29,80.83
2026-02-02 08:00:00,CP-05,Running,55.13,28.7,7.14,426.62,31.77,82.55
2026-01-24 21:00:00,CP-03,Running,51.89,25.41,6.74,369.07,28.83,71.57
2026-02-21 18:00:00,CP-03,Running,46.75,22.72,6.6,326.82,29.21,68.04
2026-03-30 07:00:00,CP-02,Running,53.23,24.55,6.8,381.51,31.84,76.08
2026-02-12 10:00:00,CP-04,Running,50.11,21.99,6.82,373.22,29.62,67.64
2026-01-28 05:00:00,CP-03,Running,56.23,28.22,7.03,422.38,33.1,83.2
2026-02-09 07:00:00,CP-04,Running,55.23,24.26,6.65,352.07,32.69,68.1
2026-02-22 18:00:00,CP-03,Running,52.21,25.73,6.73,364.2,28.0,74.67
2026-03-11 20:00:00,CP-03,Stopped,30.37,12.73,6.75,28.08,25.25,5.2
2026-03-18 13:00:00,CP-01,Running,51.03,24.03,6.73,355.77,29.31,71.64
2026-01-12 20:00:00,CP-04,Running,50.64,21.71,6.31,283.87,29.58,57.02
2026-01-22 14:00:00,CP-01,Running,47.95,22.44,6.57,369.32,29.52,68.87
2026-01-01 00:00:00,CP-02,Running,50.98,23.2,6.66,367.03,29.78,70.04
2026-03-14 10:00:00,CP-02,Running,52.96,24.14,6.78,375.6,30.35,70.72
2026-02-20 08:00:00,CP-01,Running,52.63,25.15,6.92,408.8,31.15,78.51
2026-02-02 11:00:00,CP-04,Running,50.69,21.85,6.55,304.9,31.19,59.5
2026-03-27 13:00:00,CP-04,Running,48.19,20.59,6.5,283.14,29.17,55.67
2026-01-11 13:00:00,CP-05,Running,53.42,27.54,6.99,429.7,30.59,78.09
2026-02-23 20:00:00,CP-04,Running,47.65,20.26,6.48,260.63,28.55,53.37
2026-02-21 14:00:00,CP-05,Running,54.87,28.22,6.77,405.95,29.92,76.83
2026-01-06 10:00:00,CP-05,Stopped,29.77,12.93,7.06,21.55,27.14,4.09
2026-03-15 16:00:00,CP-05,Running,49.34,25.16,6.8,375.29,27.7,72.9
2026-02-14 19:00:00,CP-01,Running,46.67,21.48,6.64,323.46,28.9,61.19
2026-03-11 08:00:00,CP-02,Running,50.06,22.77,6.85,351.23,31.94,69.77
2026-03-21 19:00:00,CP-04,Running,52.51,23.01,6.55,333.1,29.72,67.05
2026-02-19 08:00:00,CP-03,Running,54.52,27.24,7.1,399.94,33.1,80.9
2026-03-28 18:00:00,CP-05,Running,47.7,23.9,6.75,320.97,28.45,64.77
2026-01-17 07:00:00,CP-03,Stopped,29.62,12.44,7.04,28.23,29.72,5.77
2026-02-13 06:00:00,CP-02,Running,53.72,25.22,6.94,439.8,32.38,84.43
2026-02-08 17:00:00,CP-05,Running,51.63,25.8,6.84,335.65,29.96,63.7
2026-03-21 08:00:00,CP-01,Stopped,28.4,11.37,6.98,12.13,28.82,2.33
2026-03-06 12:00:00,CP-01,Running,51.04,23.68,6.74,341.71,30.29,64.96
2026-01-08 19:00:00,CP-03,Running,52.75,25.93,6.92,404.46,28.47,73.35
2026-01-02 09:00:00,CP-03,Running,53.66,26.58,6.96,412.64,31.5,76.93
2026-02-09 17:00:00,CP-01,Running,47.16,21.76,6.6,335.21,28.69,62.44
2026-02-20 15:00:00,CP-05,Running,53.7,27.7,6.83,362.45,29.05,78.2
2026-03-21 22:00:00,CP-01,Running,47.19,21.92,6.78,322.81,29.7,65.41
2026-01-16 03:00:00,CP-02,Running,53.16,24.65,6.77,417.98,32.14,78.69
2026-01-20 12:00:00,CP-04,Running,52.13,22.45,6.41,298.63,30.15,59.2
2026-03-14 23:00:00,CP-01,Running,53.36,25.17,6.86,369.81,28.83,72.43
2026-02-02 10:00:00,CP-03,Running,58.53,29.17,6.86,427.12,31.9,79.72
2026-01-31 05:00:00,CP-03,Running,53.36,26.58,7.18,425.11,32.29,79.51
2026-03-02 11:00:00,CP-02,Running,50.87,22.98,6.78,332.55,30.32,66.56
2026-03-21 07:00:00,CP-03,Running,59.74,29.92,7.06,413.04,31.79,82.14
2026-01-07 04:00:00,CP-04,Running,52.64,23.09,6.81,367.46,30.87,67.5
2026-03-16 17:00:00,CP-03,Running,44.59,21.14,6.62,271.74,29.25,57.01
2026-01-07 09:00:00,CP-03,Running,54.81,27.23,7.07,421.2,31.89,78.28
2026-01-23 18:00:00,CP-01,Running,51.48,23.8,6.87,310.08,28.53,63.17
2026-02-12 06:00:00,CP-01,Running,52.74,25.22,7.14,397.25,32.78,78.72
2026-01-22 08:00:00,CP-04,Running,53.21,23.55,6.83,336.19,30.52,71.51
2026-02-27 14:00:00,CP-01,Running,45.52,20.83,6.8,302.12,28.32,58.66
2026-01-04 18:00:00,CP-04,Running,47.32,20.17,6.46,301.22,27.27,54.66
2026-01-04 03:00:00,CP-01,Running,52.83,25.04,6.99,391.3,31.54,74.71
2026-01-11 01:00:00,CP-03,Running,54.03,26.81,7.12,369.07,31.89,77.69
2026-03-15 10:00:00,CP-01,Running,54.72,26.11,6.82,388.11,31.33,77.78
2026-01-02 20:00:00,CP-01,Running,53.25,25.11,6.7,368.06,29.36,72.35
2026-02-01 07:00:00,CP-03,Running,56.23,28.22,7.03,446.85,32.21,83.03
2026-01-04 04:00:00,CP-05,Running,55.68,29.13,7.09,440.01,32.71,84.85
2026-02-25 22:00:00,CP-04,Stopped,30.06,11.37,6.58,21.97,27.12,4.47
2026-02-14 18:00:00,CP-01,Running,47.23,21.51,6.71,279.31,28.89,56.49
2026-01-10 04:00:00,CP-04,Running,50.89,22.61,6.77,383.98,30.94,73.36
2026-03-13 17:00:00,CP-03,Running,49.62,23.92,6.81,329.25,27.71,64.52
2026-01-13 18:00:00,CP-04,Running,46.24,19.52,6.47,260.36,27.59,50.32
2026-03-14 12:00:00,CP-04,Running,45.66,19.67,6.61,321.78,29.75,59.31
2026-03-28 20:00:00,CP-05,Running,53.12,27.25,6.89,388.47,28.62,75.73
2026-03-05 19:00:00,CP-03,Running,52.81,25.47,6.74,346.31,28.65,64.67
2026-03-02 08:00:00,CP-03,Stopped,28.17,11.79,,23.05,29.66,4.5
2026-03-06 06:00:00,CP-04,Running,49.97,21.95,6.78,340.72,32.22,68.21
2026-01-29 06:00:00,CP-02,Running,52.07,23.89,6.96,394.74,31.32,73.8
2026-01-05 06:00:00,CP-05,Running,55.79,28.95,7.13,441.94,33.16,81.16
2026-01-05 13:00:00,CP-03,Running,49.48,24.07,6.76,371.22,29.09,68.49
2026-01-08 13:00:00,CP-05,Running,52.84,26.63,6.91,366.8,30.13,67.61
2026-01-14 13:00:00,CP-01,Running,51.1,23.81,6.84,340.8,28.54,66.86
2026-03-10 08:00:00,CP-02,Running,51.12,23.39,6.79,354.52,32.8,72.39
2026-02-21 09:00:00,CP-03,Running,55.87,28.11,6.83,398.06,32.14,84.38
2026-02-18 19:00:00,CP-05,Running,50.0,25.56,6.94,367.7,27.35,73.93
2026-03-27 10:00:00,CP-04,Running,48.28,20.91,6.57,294.48,30.52,61.83
2026-02-22 07:00:00,CP-05,Running,56.51,29.67,7.09,448.69,32.81,86.57
2026-02-05 07:00:00,CP-01,Running,52.5,24.93,6.85,402.45,32.66,75.63
2026-02-22 11:00:00,CP-05,Running,55.1,28.8,6.99,417.27,30.06,84.56
2026-01-27 07:00:00,CP-03,Running,56.32,28.32,7.05,408.84,32.09,84.01
2026-03-20 22:00:00,CP-01,Running,48.13,22.33,6.68,329.11,28.62,64.85
2026-02-15 10:00:00,CP-01,Running,54.84,26.15,6.78,403.82,31.66,77.49
2026-02-05 17:00:00,CP-02,Running,50.12,22.31,6.51,314.95,28.46,59.87
2026-01-06 04:00:00,CP-05,Running,57.73,30.46,7.07,454.63,33.26,88.95
2026-02-19 02:00:00,CP-04,Running,52.9,23.08,6.75,305.5,30.28,65.12
2026-01-07 20:00:00,CP-02,Running,42.22,18.76,6.66,310.06,27.71,59.15
2026-03-20 12:00:00,CP-01,Stopped,30.33,12.21,6.88,23.37,27.12,4.71
2026-01-04 21:00:00,CP-02,Running,53.0,23.75,6.7,342.34,29.54,62.83
2026-02-16 19:00:00,CP-01,Running,53.68,25.15,6.68,356.02,28.25,69.42
2026-01-15 12:00:00,CP-02,Stopped,30.58,11.92,6.68,20.95,27.09,4.05
2026-01-18 23:00:00,CP-02,Running,48.52,21.78,6.65,313.19,29.59,63.71
2026-02-12 23:00:00,CP-02,Running,48.91,21.8,6.68,323.03,30.53,60.52
2026-02-22 20:00:00,CP-05,Stopped,29.55,12.91,6.81,30.75,25.41,6.44
2026-01-17 04:00:00,CP-03,Running,55.12,27.52,7.05,401.53,32.61,80.61
2026-03-24 21:00:00,CP-01,Running,51.65,23.92,6.62,309.64,28.72,64.16
2026-02-03 23:00:00,CP-01,Running,48.77,22.43,6.84,310.41,28.71,60.85
2026-02-25 12:00:00,CP-04,Running,48.53,20.88,6.58,309.88,31.15,58.81
2026-01-30 02:00:00,CP-04,Running,54.48,23.98,6.66,339.7,31.03,69.03
2026-03-20 13:00:00,CP-03,Running,48.84,23.64,6.82,335.9,29.0,66.27
2026-01-16 13:00:00,CP-05,Running,53.5,27.49,7.13,380.52,29.7,76.46
2026-02-28 07:00:00,CP-01,Running,57.94,28.06,7.02,393.09,32.65,84.7
2026-02-15 23:00:00,CP-04,Running,47.12,20.26,6.45,307.15,29.61,58.51
2026-02-09 03:00:00,CP-04,Running,52.67,23.15,6.73,353.69,30.56,68.46
2026-01-01 23:00:00,CP-01,Running,46.62,21.67,6.87,306.67,28.58,65.76
2026-02-21 01:00:00,CP-04,Running,48.96,21.28,6.63,307.32,29.13,63.34
2026-01-08 04:00:00,CP-01,Running,53.05,25.34,7.07,426.3,31.48,78.18
2026-02-27 03:00:00,CP-01,Running,54.93,26.31,6.92,413.21,30.87,79.67
2026-02-09 16:00:00,CP-01,Running,52.25,24.45,6.8,376.5,28.69,68.68
2026-03-23 11:00:00,CP-05,Running,58.77,30.73,7.06,411.02,30.96,84.59
2026-03-02 14:00:00,CP-01,Running,52.6,24.74,6.77,363.47,27.51,71.05
2026-03-20 15:00:00,CP-01,Running,48.21,22.23,6.72,312.38,26.79,62.11
2026-01-09 03:00:00,CP-01,Running,59.21,28.3,6.77,435.31,31.63,78.56
2026-01-15 12:00:00,CP-04,Running,52.93,23.17,6.44,344.59,30.74,66.56
2026-01-04 21:00:00,CP-01,Stopped,30.93,12.39,6.72,15.9,25.02,2.88
2026-02-20 13:00:00,CP-03,Running,51.38,25.09,6.83,328.03,30.69,70.33
2026-02-02 04:00:00,CP-04,Running,53.95,23.96,6.75,371.57,31.83,73.18
2026-01-05 05:00:00,CP-02,Running,53.19,24.16,6.94,352.95,32.26,69.04
2026-03-07 05:00:00,CP-03,Running,57.43,29.1,7.24,459.86,31.5,87.65
2026-03-16 01:00:00,CP-01,Running,51.62,24.19,6.87,365.87,29.52,69.48
2026-01-03 06:00:00,CP-02,Running,54.47,25.0,6.66,397.92,31.6,73.94
2026-01-23 05:00:00,CP-03,Running,56.2,28.26,7.04,411.69,34.2,83.98
2026-01-24 09:00:00,CP-01,Running,53.21,25.25,6.83,364.71,33.01,75.28
2026-02-16 06:00:00,CP-04,Running,51.07,22.59,6.76,335.53,31.72,71.33
2026-03-04 13:00:00,CP-04,Running,49.54,21.55,6.67,314.88,29.07,63.67
2026-02-21 08:00:00,CP-01,Running,52.84,24.98,6.93,366.53,33.18,73.51
2026-02-04 16:00:00,CP-02,Running,50.47,22.36,6.61,296.49,28.02,57.73
2026-01-29 03:00:00,CP-02,Running,48.3,21.94,6.67,352.98,31.93,69.06
2026-02-24 11:00:00,CP-03,Running,54.09,26.71,6.92,396.69,30.09,75.44
2026-02-27 19:00:00,CP-03,Stopped,30.34,12.8,6.61,39.8,25.55,7.57
2026-03-31 01:00:00,CP-05,Running,57.14,29.44,7.17,413.49,31.64,77.68
2026-03-27 21:00:00,CP-05,Running,46.82,23.7,7.1,334.83,29.0,69.56
2026-02-01 21:00:00,CP-01,Running,46.43,21.4,6.71,325.49,28.85,61.77
2026-01-23 22:00:00,CP-01,Running,54.53,25.54,6.71,330.79,29.95,69.17
2026-03-06 15:00:00,CP-01,Running,52.84,24.52,6.75,354.66,27.78,64.91
2026-03-02 02:00:00,CP-01,Running,53.61,25.49,6.93,396.58,29.73,76.19
2026-02-28 02:00:00,CP-04,Running,51.39,22.53,6.74,325.53,31.04,67.19
2026-01-27 12:00:00,CP-05,Running,53.03,27.06,7.01,372.94,30.39,73.28
2026-02-28 18:00:00,CP-01,Running,49.25,22.52,6.81,274.27,27.56,58.37
2026-02-01 10:00:00,CP-02,Stopped,24.97,9.64,6.67,1.16,29.04,0.23
2026-03-19 14:00:00,CP-04,Running,47.74,20.41,6.62,275.39,29.09,55.91
2026-01-07 17:00:00,CP-04,Running,42.85,18.13,6.47,262.77,28.39,51.34
2026-03-20 03:00:00,CP-05,Running,57.91,30.19,7.13,426.61,31.98,83.2
2026-02-01 00:00:00,CP-02,Running,51.73,23.39,6.85,353.55,28.69,67.04
2026-01-01 10:00:00,CP-05,Running,55.34,28.78,7.15,432.0,31.7,82.05
2026-02-17 12:00:00,CP-01,Running,52.24,24.58,6.74,382.5,29.85,71.28
2026-03-07 06:00:00,CP-01,Running,53.28,25.12,6.95,375.23,32.13,72.29
2026-01-31 23:00:00,CP-05,Running,56.21,28.96,7.01,410.32,28.98,77.74
2026-01-25 14:00:00,CP-04,Running,44.95,19.3,6.62,295.39,28.52,57.85
2026-02-04 14:00:00,CP-03,Running,51.52,25.02,6.88,338.86,29.46,67.78
2026-02-11 13:00:00,CP-01,Running,48.29,22.57,6.65,367.3,30.57,68.29
2026-01-07 13:00:00,CP-02,Running,48.0,21.46,6.59,337.56,28.8,61.9
2026-01-22 20:00:00,CP-01,Running,48.75,22.48,6.74,295.07,27.47,62.1
2026-01-25 14:00:00,CP-05,Running,54.34,28.05,6.96,407.18,29.99,78.69
2026-01-15 18:00:00,CP-05,Stopped,25.84,11.13,6.84,4.56,25.19,0.89
2026-01-14 00:00:00,CP-04,Running,49.85,21.6,6.6,318.84,29.56,61.93
2026-01-01 14:00:00,CP-03,Running,53.7,26.47,6.83,398.03,28.8,74.72
2026-03-21 23:00:00,CP-03,Running,49.2,23.87,7.0,325.59,30.97,67.31
2026-03-23 11:00:00,CP-01,Running,47.27,21.99,6.82,304.56,28.82,66.05
2026-02-22 15:00:00,CP-01,Running,54.33,25.61,6.82,353.66,28.12,72.23
2026-03-05 13:00:00,CP-02,Running,46.1,20.53,6.79,305.42,30.04,60.15
2026-03-11 06:00:00,CP-01,Running,53.05,24.86,6.89,374.3,32.39,69.4
2026-03-07 12:00:00,CP-04,Running,50.66,22.03,6.5,337.19,28.52,63.45
2026-02-08 04:00:00,CP-04,Running,53.75,24.02,6.74,407.2,32.16,76.06
2026-01-13 06:00:00,CP-03,Running,60.87,30.83,7.08,430.51,30.43,87.41
2026-03-02 21:00:00,CP-01,Running,48.91,22.62,6.63,328.64,28.55,63.39
2026-01-06 18:00:00,CP-01,Running,49.19,22.52,6.64,306.79,28.17,58.96
2026-01-08 07:00:00,CP-03,Running,55.2,27.56,6.93,453.01,31.8,80.62
2026-01-03 02:00:00,CP-04,Running,52.53,22.93,6.74,345.48,31.23,65.31
2026-03-05 09:00:00,CP-03,Running,61.11,30.83,7.13,460.79,29.88,85.51
2026-03-21 09:00:00,CP-04,Running,49.61,21.47,6.55,315.21,32.0,61.43
2026-01-09 17:00:00,CP-02,Stopped,32.35,12.62,6.54,23.66,24.71,4.43
2026-03-01 17:00:00,CP-05,Running,54.17,27.75,6.86,388.5,28.44,74.95
2026-03-13 23:00:00,CP-02,Running,50.05,22.35,6.71,325.14,28.2,61.33
2026-01-27 21:00:00,CP-02,Running,44.79,19.63,6.72,271.1,28.28,52.84
2026-01-29 18:00:00,CP-03,Running,53.22,25.91,6.82,346.64,28.78,68.86
2026-01-10 20:00:00,CP-03,Running,48.66,23.47,6.67,347.77,28.37,64.66
2026-02-26 19:00:00,CP-02,Running,50.47,22.59,6.51,302.44,27.82,62.36
2026-01-04 19:00:00,CP-01,Running,49.81,23.02,6.79,344.05,29.15,63.14
2026-02-27 07:00:00,CP-02,Running,50.49,22.99,6.89,375.98,31.47,70.16
2026-02-18 12:00:00,CP-03,Running,52.27,25.63,6.92,385.11,29.1,72.33
2026-02-05 21:00:00,CP-04,Running,46.21,19.76,6.52,296.95,28.7,56.04
2026-03-28 01:00:00,CP-04,Running,51.95,22.53,6.75,327.63,30.98,62.41
2026-03-23 04:00:00,CP-02,Running,56.31,26.04,6.81,371.71,31.43,77.4
2026-03-22 14:00:00,CP-01,Running,50.99,23.59,6.75,308.17,29.07,63.63
2026-03-18 06:00:00,CP-01,Running,53.5,25.37,6.97,390.74,31.88,74.88
2026-01-25 17:00:00,CP-01,Running,51.79,23.91,6.78,314.69,29.07,62.59
2026-01-07 22:00:00,CP-03,Running,51.88,25.37,6.95,385.49,30.38,70.99
2026-02-18 02:00:00,CP-05,Running,58.72,30.89,7.13,424.95,31.68,87.46
2026-03-06 06:00:00,CP-05,Running,59.84,31.34,7.03,458.63,33.21,85.47
2026-02-12 16:00:00,CP-01,Running,52.72,24.24,6.68,323.77,28.53,60.75
2026-02-01 17:00:00,CP-03,Running,49.67,23.75,6.63,305.62,27.15,60.71
2026-03-23 14:00:00,CP-05,Running,52.58,26.81,7.02,371.29,31.2,72.85
2026-02-04 08:00:00,CP-04,Running,49.02,21.6,6.81,348.15,32.04,69.6
2026-03-09 08:00:00,CP-05,Running,55.58,29.16,7.11,451.56,30.48,86.23
2026-02-04 18:00:00,CP-05,Running,53.46,27.16,6.93,391.57,28.16,71.14
2026-03-23 10:00:00,CP-03,Running,53.73,26.67,7.13,402.33,32.11,77.85
2026-03-18 18:00:00,CP-05,Running,50.18,25.22,6.98,325.05,27.66,66.23
2026-03-26 14:00:00,CP-03,Running,49.16,23.89,6.96,330.89,30.0,68.13
2026-02-04 18:00:00,CP-02,Running,48.19,21.29,6.65,286.18,29.28,56.52
2026-03-30 23:00:00,CP-03,Running,49.42,24.11,6.87,374.19,30.31,69.88
2026-03-29 06:00:00,CP-02,Running,50.78,23.26,6.88,374.1,30.4,72.89
2026-02-22 14:00:00,CP-05,Running,54.32,27.51,6.88,331.78,29.51,69.77
2026-01-21 07:00:00,CP-04,Running,49.95,21.95,6.71,330.94,30.59,68.26
2026-01-08 13:00:00,CP-03,Running,53.6,26.07,6.75,372.21,31.76,68.45
2026-03-03 09:00:00,CP-04,Running,51.34,22.23,6.74,315.69,30.94,61.55
2026-02-23 01:00:00,CP-04,Running,50.12,21.85,6.71,316.58,31.04,64.71
2026-01-30 23:00:00,CP-01,Running,53.39,24.89,6.7,336.21,30.55,66.96
2026-01-31 13:00:00,CP-03,Running,52.4,25.68,6.92,384.67,29.92,71.99
2026-01-15 05:00:00,CP-05,Running,60.6,31.77,7.19,423.68,31.11,85.89
2026-03-19 22:00:00,CP-03,Running,51.16,24.94,6.84,349.57,28.66,69.63
2026-01-05 11:00:00,CP-02,Running,53.92,24.71,6.83,368.77,31.04,73.2
2026-03-27 05:00:00,CP-04,Running,46.01,19.84,6.74,290.76,30.24,59.83
2026-03-03 06:00:00,CP-03,Stopped,32.05,13.44,7.19,27.96,28.33,5.33
2026-02-26 11:00:00,CP-04,Running,49.38,21.51,6.62,295.71,30.86,64.3
2026-02-02 21:00:00,CP-02,Running,49.27,22.15,6.64,325.89,27.38,64.39
2026-02-24 12:00:00,CP-01,Running,48.88,22.82,6.97,349.37,29.82,67.78
2026-02-10 01:00:00,CP-04,Running,48.34,21.03,6.68,335.31,30.17,63.75
2026-02-15 08:00:00,CP-01,Running,58.14,27.93,6.76,406.36,29.66,81.0
2026-01-16 06:00:00,CP-05,Running,56.43,29.03,7.06,406.57,32.33,77.01
2026-03-17 22:00:00,CP-02,Running,50.05,22.28,6.68,293.38,29.19,59.86
2026-03-12 04:00:00,CP-02,Running,53.55,24.38,6.95,362.82,30.61,70.16
2026-01-30 01:00:00,CP-03,Running,53.37,26.4,7.07,390.2,30.87,76.28
2026-02-17 14:00:00,CP-05,Running,48.38,24.37,6.88,327.78,29.44,67.31
2026-01-02 20:00:00,CP-04,Running,48.04,20.45,6.48,279.25,27.9,54.07
2026-03-29 04:00:00,CP-01,Running,52.85,25.19,6.91,393.72,31.66,77.39
2026-03-20 12:00:00,CP-04,Running,47.78,20.79,6.59,314.23,29.98,63.84
2026-03-09 14:00:00,CP-03,Running,46.64,22.25,6.81,329.76,28.97,59.64
2026-03-17 00:00:00,CP-01,Running,49.22,22.88,6.67,348.27,30.93,65.78
2026-01-10 21:00:00,CP-03,Running,49.65,24.04,6.77,338.75,28.36,66.48
2026-01-03 00:00:00,CP-05,Running,56.29,28.94,6.98,409.41,29.99,76.71
2026-02-07 00:00:00,CP-05,Running,52.67,26.78,6.91,380.57,30.16,71.48
2026-01-11 06:00:00,CP-03,Running,55.6,27.87,7.2,425.9,32.08,82.5
2026-03-16 02:00:00,CP-05,Running,55.25,28.6,7.02,395.45,32.14,80.0
2026-01-02 14:00:00,CP-02,Stopped,29.34,11.39,6.55,13.06,25.84,2.46
2026-02-09 17:00:00,CP-03,Running,50.06,24.5,6.76,374.09,29.21,71.33
2026-02-11 19:00:00,CP-05,Running,52.3,26.18,6.71,353.06,29.08,64.3
2026-02-16 23:00:00,CP-02,Running,50.9,22.96,6.78,332.73,30.19,65.87
2026-03-11 09:00:00,CP-01,Running,54.57,25.8,6.87,363.88,32.14,73.47
2026-01-31 16:00:00,CP-02,Running,50.09,22.28,6.59,312.97,27.86,59.61
2026-03-05 10:00:00,CP-04,Running,50.67,22.14,6.65,362.29,30.61,65.73
2026-01-16 08:00:00,CP-05,Running,56.86,29.77,7.15,379.31,32.26,85.31
2026-02-24 12:00:00,CP-05,Running,52.14,26.84,7.0,378.84,31.14,77.38
2026-02-28 21:00:00,CP-05,Running,53.47,27.36,6.79,370.76,29.43,74.51
2026-01-02 19:00:00,CP-05,Running,52.42,26.3,6.77,335.29,28.61,65.41
2026-01-22 12:00:00,CP-01,Running,49.49,23.15,6.76,325.83,29.83,68.72
2026-02-05 15:00:00,CP-03,Running,49.21,23.71,6.73,364.31,28.18,64.15
2026-03-17 05:00:00,CP-05,Running,59.85,31.27,7.11,412.05,31.88,84.3
2026-03-23 22:00:00,CP-02,Running,49.35,22.17,6.51,297.08,29.61,63.94
2026-01-08 09:00:00,CP-03,Running,55.07,27.46,7.07,407.53,32.46,80.15
2026-03-07 02:00:00,CP-02,Running,49.16,22.33,6.66,351.93,29.96,69.09
2026-01-01 11:00:00,CP-04,Running,50.37,21.96,6.59,327.78,30.75,64.72
2026-03-12 16:00:00,CP-02,Running,41.58,18.39,6.66,288.64,29.86,56.93
2026-03-26 03:00:00,CP-04,Running,47.32,20.56,6.85,316.35,32.03,63.22
2026-03-09 14:00:00,CP-05,Running,53.7,27.28,6.92,392.82,30.54,71.15
2026-01-18 13:00:00,CP-01,Running,51.51,23.87,6.57,317.77,29.96,64.25
2026-01-26 13:00:00,CP-05,Running,52.36,27.2,6.97,415.47,30.3,81.54
2026-01-10 10:00:00,CP-05,Running,55.61,28.8,7.13,411.24,30.73,80.21
2026-03-12 20:00:00,CP-02,Running,49.84,22.2,6.72,311.46,28.27,60.29
2026-02-24 20:00:00,CP-01,Running,46.76,21.48,6.71,309.63,28.43,60.22
2026-03-19 23:00:00,CP-03,Running,58.65,29.5,6.77,433.39,30.29,84.11
2026-03-01 12:00:00,CP-05,Running,54.53,27.78,7.01,373.73,30.46,72.56
2026-01-30 03:00:00,CP-01,Running,55.23,26.31,6.91,413.98,30.55,77.05
2026-01-24 02:00:00,CP-04,Running,52.39,22.97,6.67,354.34,31.23,67.37
2026-02-24 17:00:00,CP-05,Running,47.81,23.83,6.77,321.57,28.91,62.46
2026-01-08 09:00:00,CP-01,Running,53.54,25.53,6.95,404.34,31.1,77.47
2026-03-30 04:00:00,CP-03,Running,51.2,25.28,7.08,398.89,33.12,75.52
2026-01-01 07:00:00,CP-03,Running,55.23,27.64,7.12,430.01,32.74,81.76
2026-03-09 05:00:00,CP-01,Running,56.99,27.52,6.88,447.61,32.48,83.41
2026-01-15 05:00:00,CP-02,Running,53.88,24.93,6.81,387.02,31.47,77.73
2026-02-28 20:00:00,CP-01,Running,48.53,22.27,6.66,316.66,28.11,59.85
2026-01-15 17:00:00,CP-03,Running,46.12,21.93,6.8,285.6,28.27,58.31
2026-01-27 14:00:00,CP-02,Running,48.33,21.48,6.62,288.48,28.75,59.26
2026-02-26 14:00:00,CP-05,Running,53.64,27.27,6.83,338.41,29.36,71.46
2026-01-08 01:00:00,CP-03,Running,55.42,27.49,7.07,415.55,32.01,77.53
2026-01-10 20:00:00,CP-02,Running,45.79,20.2,6.65,291.58,29.46,55.85
2026-02-17 09:00:00,CP-04,Running,47.38,20.39,6.7,312.48,30.01,58.79
2026-02-10 19:00:00,CP-04,Running,45.08,18.99,6.34,266.87,28.36,49.4
2026-02-12 08:00:00,CP-05,Running,58.01,30.34,7.06,416.34,33.51,84.69
2026-03-08 14:00:00,CP-02,Running,47.88,21.49,6.7,329.3,27.88,63.57
2026-02-04 22:00:00,CP-03,Stopped,29.38,12.24,6.8,15.4,26.56,2.85
2026-03-05 00:00:00,CP-01,Running,50.17,23.67,6.82,366.11,30.64,72.41
2026-03-30 01:00:00,CP-05,Running,57.26,29.89,6.98,413.85,31.65,83.77
2026-02-24 03:00:00,CP-02,Running,53.52,24.59,6.62,355.71,30.34,74.33
2026-01-27 09:00:00,CP-01,Running,52.64,24.63,6.97,358.67,31.6,68.83
2026-03-06 19:00:00,CP-05,Running,54.53,27.82,6.87,390.9,29.51,73.22
2026-03-02 03:00:00,CP-05,Running,58.68,30.41,7.14,398.16,30.18,80.37
2026-02-10 08:00:00,CP-03,Running,58.39,29.41,7.07,440.73,32.04,84.75
2026-01-24 01:00:00,CP-05,Stopped,29.37,12.85,7.05,36.58,27.7,7.25
2026-03-19 13:00:00,CP-02,Running,52.57,23.8,6.63,303.12,30.48,67.53
2026-03-30 19:00:00,CP-03,Running,53.85,26.32,6.79,354.19,28.2,70.78
2026-03-02 08:00:00,CP-04,Running,50.14,21.8,6.6,331.15,30.98,63.49
2026-03-25 14:00:00,CP-01,Running,51.42,24.18,6.79,362.41,28.32,70.97
2026-03-02 22:00:00,CP-01,Running,50.27,23.33,6.57,348.61,29.05,65.07
2026-02-25 13:00:00,CP-04,Running,47.91,20.79,6.61,319.49,28.36,62.59
2026-03-14 10:00:00,CP-01,Running,54.44,25.84,6.98,397.21,31.31,75.39
2026-01-24 08:00:00,CP-02,Running,53.01,24.31,6.89,374.39,30.72,73.52
2026-01-08 15:00:00,CP-01,Running,52.14,24.46,6.68,377.3,28.12,69.83
2026-03-27 02:00:00,CP-02,Running,53.2,24.41,6.8,351.6,31.53,73.76
2026-02-19 01:00:00,CP-03,Running,51.24,25.13,7.05,372.82,31.67,72.36
2026-02-11 02:00:00,CP-02,Running,54.5,24.79,6.83,367.93,29.27,69.73
2026-02-22 07:00:00,CP-03,Running,59.4,30.15,6.99,415.73,31.92,88.47
2026-02-22 20:00:00,CP-01,Running,45.73,20.98,6.69,307.34,28.74,59.93
2026-01-04 12:00:00,CP-05,Running,53.35,27.58,6.98,405.64,31.93,79.18
2026-01-11 11:00:00,CP-02,Running,50.02,22.71,6.58,380.76,29.49,68.97
2026-03-24 11:00:00,CP-02,Running,51.95,23.61,6.74,335.29,29.92,69.31
2026-01-03 05:00:00,CP-03,Running,56.28,28.26,6.95,391.27,33.62,83.33
2026-01-26 11:00:00,CP-03,Running,51.12,24.95,6.93,344.2,30.35,70.11
2026-02-21 11:00:00,CP-04,Running,50.01,21.58,6.65,292.52,30.99,59.96
2026-02-13 11:00:00,CP-03,Running,55.79,28.02,6.79,432.16,32.22,83.34
2026-03-22 05:00:00,CP-02,Running,49.78,22.9,6.88,377.38,31.73,75.06
2026-01-23 15:00:00,CP-02,Running,49.46,22.18,6.61,320.66,29.3,63.21
2026-03-04 14:00:00,CP-01,Running,53.07,24.58,6.77,334.89,29.32,64.17
2026-03-09 06:00:00,CP-01,Running,58.5,27.77,7.07,368.38,32.93,75.4
2026-02-05 03:00:00,CP-02,Running,53.46,24.32,6.86,352.82,32.13,69.83
2026-01-30 15:00:00,CP-01,Running,50.87,23.43,6.66,320.74,28.95,61.66
2026-02-18 20:00:00,CP-04,Running,50.25,21.62,6.46,292.93,28.7,58.81
2026-01-11 11:00:00,CP-04,Running,52.28,22.8,6.7,336.85,30.36,64.97
2026-01-18 22:00:00,CP-02,Running,46.23,20.5,6.78,290.04,29.55,58.14
2026-03-28 07:00:00,CP-05,Running,55.78,29.2,7.09,432.06,31.81,85.21
2026-01-19 18:00:00,CP-03,Running,53.4,25.86,6.63,333.81,29.54,66.57
2026-01-06 05:00:00,CP-03,Running,52.21,25.99,7.15,409.07,31.09,79.19
2026-02-12 09:00:00,CP-02,Running,49.21,22.25,6.77,357.26,30.88,67.03
2026-02-27 13:00:00,CP-01,Running,53.83,25.04,6.72,340.88,29.2,66.17
2026-02-09 16:00:00,CP-03,Running,51.62,25.04,6.56,367.88,29.11,67.29
2026-03-14 16:00:00,CP-01,Running,48.29,22.09,6.6,295.57,29.2,58.56
2026-03-10 20:00:00,CP-05,Running,51.83,26.39,6.73,380.16,29.79,72.21
2026-03-14 19:00:00,CP-03,Running,50.7,24.67,6.63,356.95,29.07,68.71
2026-02-05 18:00:00,CP-05,Running,48.24,24.25,6.93,353.65,28.58,66.39
2026-03-12 05:00:00,CP-03,Running,52.71,26.24,6.96,392.25,31.59,79.34
2026-03-18 13:00:00,CP-02,Running,53.0,23.8,6.67,314.7,29.22,63.87
2026-01-15 01:00:00,CP-05,Running,55.6,29.0,7.03,414.39,30.93,83.53
2026-03-20 01:00:00,CP-02,Running,49.15,22.28,6.8,357.49,31.02,68.13
2026-01-06 02:00:00,CP-05,Running,55.94,29.17,7.28,441.42,32.3,83.39
2026-01-09 11:00:00,CP-04,Running,48.41,21.15,6.55,349.56,30.25,65.65
2026-01-05 22:00:00,CP-03,Running,55.95,27.6,6.84,402.62,30.05,75.08
2026-02-21 02:00:00,CP-02,Running,52.43,23.84,6.81,340.87,31.23,69.49
2026-01-31 11:00:00,CP-01,Running,54.3,25.73,6.8,387.95,31.22,74.63
2026-03-18 23:00:00,CP-02,Running,49.68,22.3,6.58,314.85,27.9,63.66
2026-03-14 13:00:00,CP-01,Running,50.68,23.71,6.71,355.67,29.46,68.58
2026-02-13 16:00:00,CP-04,Running,44.99,19.22,6.46,265.7,29.26,55.63
2026-02-02 12:00:00,CP-03,Running,57.62,28.54,7.0,408.97,31.15,76.93
2026-01-08 09:00:00,CP-05,Running,65.0,34.75,6.95,493.59,32.87,95.33
2026-01-07 02:00:00,CP-05,Running,54.99,28.13,7.03,379.31,30.99,74.45
2026-03-13 04:00:00,CP-02,Running,55.2,25.59,6.84,394.54,31.53,78.55
2026-01-06 21:00:00,CP-05,Running,50.24,25.17,6.8,322.78,28.35,64.78
2026-01-31 10:00:00,CP-01,Stopped,28.71,11.51,6.94,16.39,27.04,3.17
2026-01-20 08:00:00,CP-05,Running,56.76,29.8,6.93,422.43,30.99,86.69
2026-02-09 02:00:00,CP-05,Running,56.21,29.07,7.13,420.8,31.26,79.45
2026-02-16 12:00:00,CP-05,Running,56.98,29.44,6.97,400.41,29.18,79.0
2026-03-25 21:00:00,CP-01,Running,53.55,24.93,6.7,340.81,28.01,66.52
2026-02-02 15:00:00,CP-03,Running,55.83,27.34,6.71,366.23,29.38,71.52
2026-03-25 14:00:00,CP-02,Running,48.04,21.12,6.56,263.62,28.36,54.42
2026-02-15 11:00:00,CP-02,Running,48.45,21.84,6.75,308.87,30.39,65.59
2026-03-30 12:00:00,CP-04,Running,47.49,20.83,6.6,356.9,29.82,67.46
2026-02-10 01:00:00,CP-02,Running,51.3,23.45,6.56,388.43,30.44,72.03
2026-01-12 03:00:00,CP-01,Running,52.25,24.96,6.91,426.39,31.33,78.41
2026-02-17 23:00:00,CP-03,Running,50.11,24.64,6.76,370.17,29.78,73.57
2026-02-18 18:00:00,CP-01,Stopped,29.31,11.81,6.74,23.62,24.74,5.09
2026-01-13 13:00:00,CP-01,Running,49.42,23.05,6.86,363.46,28.72,67.33
2026-02-11 21:00:00,CP-01,Running,47.36,21.89,6.66,344.84,29.02,63.13
2026-01-27 16:00:00,CP-03,Running,50.2,24.54,6.75,345.52,27.61,70.85
2026-02-07 05:00:00,CP-02,Stopped,29.69,11.67,6.72,39.04,29.36,7.31
2026-02-05 05:00:00,CP-04,Running,54.63,24.28,6.69,409.56,31.11,73.59
2026-02-03 01:00:00,CP-01,Running,52.86,25.21,6.92,402.17,31.85,77.58
2026-02-16 15:00:00,CP-05,Running,51.19,25.93,6.85,351.2,29.71,69.81
2026-01-31 22:00:00,CP-01,Running,50.75,23.57,6.66,332.86,,65.25
2026-03-20 07:00:00,CP-03,Running,60.32,30.51,7.08,422.63,32.86,86.81
2026-02-13 10:00:00,CP-03,Stopped,30.4,12.78,6.96,29.58,27.84,6.21
2026-02-09 21:00:00,CP-04,Running,47.35,20.0,6.54,280.38,28.92,50.39
2026-01-18 20:00:00,CP-04,Running,46.78,20.17,6.38,311.45,30.76,59.6
2026-02-03 06:00:00,CP-03,Running,54.53,26.83,7.04,384.01,31.08,73.85
2026-01-24 23:00:00,CP-05,Running,58.99,30.56,7.06,395.71,30.89,80.37
2026-01-27 00:00:00,CP-01,Running,49.29,22.92,6.76,339.75,30.7,65.89
2026-01-11 17:00:00,CP-04,Running,46.62,19.7,6.28,251.5,27.96,50.6
2026-02-16 08:00:00,CP-04,Running,53.08,23.51,6.78,335.75,30.47,71.97
2026-01-10 02:00:00,CP-01,Running,51.34,24.31,6.88,368.5,30.99,74.13
2026-02-13 13:00:00,CP-05,Stopped,31.27,13.69,6.92,36.01,26.96,7.33
2026-03-28 21:00:00,CP-04,Running,44.08,18.75,6.45,279.52,28.53,53.7
2026-01-14 14:00:00,CP-03,Running,50.96,24.71,6.92,349.59,29.72,67.13
2026-02-19 01:00:00,CP-01,Stopped,28.87,11.53,6.93,8.94,26.09,1.77
2026-03-01 11:00:00,CP-03,Running,57.5,28.95,6.91,450.33,30.02,84.72
2026-02-28 03:00:00,CP-04,Running,50.93,22.38,6.59,339.97,30.16,68.26
2026-01-18 17:00:00,CP-05,Running,49.01,24.64,6.82,330.03,28.53,66.35
2026-02-08 06:00:00,CP-05,Running,59.1,31.17,7.2,478.71,33.11,88.76
2026-03-09 10:00:00,CP-02,Running,51.29,23.51,6.8,402.9,29.42,73.23
2026-01-21 04:00:00,CP-04,Stopped,31.23,11.75,6.87,11.76,28.91,2.37
2026-02-05 18:00:00,CP-04,Running,43.98,18.5,6.46,260.6,29.35,48.58
2026-03-12 16:00:00,CP-01,Running,49.73,22.88,6.74,346.79,29.18,61.08
2026-01-23 10:00:00,CP-04,Running,49.1,21.35,6.68,317.95,30.76,63.58
2026-03-09 05:00:00,CP-05,Running,57.36,30.28,7.08,473.32,33.46,89.24
2026-01-23 20:00:00,CP-01,Running,47.23,21.7,6.77,308.5,28.46,60.38
2026-03-04 01:00:00,CP-05,Running,52.19,26.94,7.15,410.05,30.77,78.54
2026-01-18 23:00:00,CP-01,Running,52.04,24.65,6.81,376.65,30.96,74.39
2026-03-15 19:00:00,CP-04,Running,42.03,17.83,6.47,263.46,29.35,52.37
2026-03-27 04:00:00,CP-05,Running,56.88,29.64,6.89,444.34,33.27,82.99
2026-02-22 14:00:00,CP-02,Running,48.8,21.83,6.62,309.51,30.49,62.17
2026-01-27 17:00:00,CP-02,Running,43.2,19.02,6.6,267.19,28.5,54.83
2026-02-24 09:00:00,CP-01,Running,57.33,27.69,7.05,424.41,30.84,83.55
2026-03-15 19:00:00,CP-05,Running,51.47,26.03,6.95,362.82,28.45,69.02
2026-01-23 17:00:00,CP-01,Running,50.32,23.07,6.7,287.4,28.59,59.51
2026-02-19 17:00:00,CP-02,Running,45.61,20.07,6.54,274.29,28.48,54.74
2026-03-21 19:00:00,CP-03,Running,51.35,24.69,6.78,315.32,28.46,63.26
2026-03-17 05:00:00,CP-04,Running,52.94,23.2,6.83,334.43,31.37,67.02
2026-02-23 16:00:00,CP-03,Running,50.66,24.87,6.77,341.85,29.39,72.84
2026-01-03 19:00:00,CP-03,Running,49.43,24.01,6.61,369.73,28.08,67.83
2026-03-05 12:00:00,CP-05,Running,55.74,28.8,7.03,395.05,30.37,78.95
2026-03-01 08:00:00,CP-03,Running,56.4,28.53,6.99,432.86,33.64,86.88
2026-03-18 08:00:00,CP-04,Running,51.07,22.69,6.81,351.22,31.45,73.51
2026-02-02 16:00:00,CP-05,Running,48.49,24.38,6.82,358.83,28.89,66.37
2026-01-18 09:00:00,CP-04,Running,53.72,24.01,6.77,376.42,32.17,76.13
2026-03-12 18:00:00,CP-02,Running,46.58,20.39,6.56,291.01,27.79,52.54
2026-02-28 09:00:00,CP-04,Running,49.65,21.97,6.78,366.21,30.02,71.52
2026-02-16 06:00:00,CP-03,Running,55.06,27.51,7.02,421.22,33.72,81.04
2026-01-26 12:00:00,CP-04,Running,51.78,22.48,6.68,319.63,30.43,62.77
2026-02-18 14:00:00,CP-02,Running,47.03,20.53,6.63,246.02,27.65,51.24
2026-01-11 00:00:00,CP-03,Running,53.61,26.48,6.79,396.93,30.87,75.64
2026-01-13 01:00:00,CP-01,Running,50.34,23.7,6.77,362.73,31.19,71.55
2026-02-15 15:00:00,CP-04,Running,47.58,19.99,6.43,242.25,27.81,48.18
2026-03-16 04:00:00,CP-03,Running,56.91,28.52,6.99,419.81,31.72,82.49
2026-02-16 13:00:00,CP-03,Running,59.67,29.78,6.99,387.9,29.53,80.48
2026-03-15 02:00:00,CP-05,Running,53.15,27.45,7.07,405.12,31.13,78.86
2026-02-22 08:00:00,CP-05,Running,59.99,31.48,7.29,421.57,31.62,86.28
2026-01-21 06:00:00,CP-02,Running,56.44,26.18,6.84,400.88,32.41,78.91
2026-03-08 14:00:00,CP-05,Running,51.46,26.32,6.9,418.74,28.17,74.26
2026-01-14 06:00:00,CP-02,Running,52.93,24.4,6.83,376.16,31.03,75.79
2026-01-13 12:00:00,CP-05,Running,54.06,27.89,6.98,422.5,30.8,78.25
2026-03-02 15:00:00,CP-03,Running,48.61,23.67,6.83,360.32,27.84,69.09
2026-01-12 20:00:00,CP-03,Running,51.78,25.3,6.83,375.25,28.55,70.53
2026-01-08 16:00:00,CP-01,Running,48.12,22.17,6.8,325.66,28.98,61.75
2026-03-19 18:00:00,CP-01,Running,48.22,22.45,6.66,312.26,29.68,66.45
2026-02-07 05:00:00,CP-03,Running,55.02,27.65,6.97,460.4,33.21,83.67
2026-01-01 09:00:00,CP-01,Stopped,26.65,10.63,6.94,4.9,28.05,0.93
2026-02-18 20:00:00,CP-03,Running,47.96,22.95,6.8,310.33,28.93,61.03
2026-03-09 15:00:00,CP-05,Running,50.72,25.36,6.89,334.38,28.24,63.96
2026-01-14 12:00:00,CP-02,Running,49.18,22.12,6.72,331.58,30.22,64.58
2026-03-05 06:00:00,CP-05,Running,54.68,28.27,7.12,417.52,32.68,79.41
2026-01-27 04:00:00,CP-02,Running,55.12,24.99,6.77,361.69,31.09,68.25
2026-02-20 00:00:00,CP-01,Running,52.74,25.05,6.91,370.41,30.22,75.67
2026-03-25 11:00:00,CP-01,Running,50.86,23.94,6.88,355.3,29.97,71.39
2026-01-28 00:00:00,CP-05,Running,56.08,28.92,6.99,409.84,30.71,78.16
2026-01-27 03:00:00,CP-04,Running,50.03,21.59,6.73,301.41,30.69,60.15
2026-03-14 19:00:00,CP-04,Running,47.61,20.36,6.43,288.21,27.86,56.06
2026-02-12 22:00:00,CP-02,Running,48.76,21.72,6.48,317.27,29.45,60.12
2026-03-15 21:00:00,CP-04,Running,50.17,21.6,6.49,298.01,28.85,59.09
2026-03-21 23:00:00,CP-01,Running,53.55,25.06,6.82,340.41,29.12,68.79
2026-02-16 17:00:00,CP-01,Running,48.14,22.45,6.78,350.32,28.5,67.1
2026-01-13 08:00:00,CP-05,Running,55.57,29.17,7.0,453.11,31.93,86.62
2026-03-20 11:00:00,CP-01,Stopped,29.04,11.69,6.79,22.46,28.31,4.8
2026-01-05 23:00:00,CP-04,Stopped,29.34,10.99,6.57,4.44,26.26,0.78
2026-03-26 09:00:00,CP-03,Running,55.67,27.95,7.02,385.69,31.29,83.36
2026-01-05 11:00:00,CP-04,Stopped,30.42,11.53,6.62,26.83,27.33,5.29
2026-02-08 18:00:00,CP-04,Running,52.73,22.95,6.48,327.24,28.24,63.83
2026-02-02 22:00:00,CP-02,Running,49.43,22.16,6.59,300.82,27.95,63.01
2026-01-05 09:00:00,CP-03,Running,53.79,26.72,6.88,433.18,31.35,78.31
2026-02-21 02:00:00,CP-01,Running,53.39,25.39,6.88,364.19,30.84,76.19
2026-02-28 10:00:00,CP-02,Running,49.96,22.66,6.68,348.36,31.7,68.43
2026-01-17 09:00:00,CP-03,Running,56.77,28.05,6.96,369.71,30.87,75.86
2026-01-09 13:00:00,CP-03,Running,54.13,26.6,6.94,387.71,28.18,73.23
2026-01-31 18:00:00,CP-03,Stopped,27.52,11.61,6.63,37.5,25.89,7.54
2026-02-13 23:00:00,CP-03,Running,50.66,24.56,6.96,354.89,29.66,66.98
2026-01-18 05:00:00,CP-01,Running,55.88,26.82,7.02,399.77,31.83,80.5
2026-01-08 13:00:00,CP-04,Running,44.44,18.92,6.62,298.23,29.54,54.13
2026-02-01 09:00:00,CP-04,Running,54.5,24.19,6.77,366.11,30.96,73.0
2026-01-15 11:00:00,CP-05,Running,55.85,28.85,7.16,429.46,31.42,79.01
2026-01-09 11:00:00,CP-01,Running,51.32,24.25,6.83,402.57,30.38,73.32
2026-01-06 00:00:00,CP-03,Running,53.58,26.29,6.89,385.59,29.53,72.55
2026-01-06 21:00:00,CP-01,Running,51.35,23.84,6.78,354.63,29.52,65.23
2026-02-01 00:00:00,CP-05,Running,51.26,26.02,7.06,357.66,30.59,70.74
2026-01-13 04:00:00,CP-03,Running,54.56,26.95,6.97,392.93,31.95,75.61
2026-01-30 18:00:00,CP-02,Running,48.96,21.8,6.54,313.19,27.79,60.07
2026-03-26 05:00:00,CP-03,Running,52.61,26.01,7.11,364.73,32.4,76.02
2026-01-31 06:00:00,CP-04,Running,49.62,21.81,6.71,358.4,30.75,68.52
2026-01-06 11:00:00,CP-02,Running,51.91,23.42,6.67,357.53,29.56,66.02
2026-02-17 04:00:00,CP-02,Stopped,32.57,12.59,6.75,3.46,27.94,0.7
2026-01-05 01:00:00,CP-02,Running,53.94,24.42,6.69,363.49,31.33,67.6
2026-01-14 03:00:00,CP-01,Running,54.36,25.73,6.85,366.81,33.22,74.0
2026-03-11 06:00:00,CP-05,Running,59.2,31.41,7.21,501.33,33.14,91.66
2026-01-21 05:00:00,CP-05,Running,59.43,31.07,7.15,442.41,32.99,84.68
2026-02-11 05:00:00,CP-04,Running,54.7,24.17,6.72,366.99,31.4,70.92
2026-01-23 02:00:00,CP-03,Running,57.97,29.11,7.06,431.96,29.86,83.43
2026-03-23 06:00:00,CP-05,Running,54.23,28.32,7.16,403.57,33.57,83.96
2026-01-17 21:00:00,CP-02,Running,46.42,20.57,6.6,288.93,28.26,57.96
2026-02-03 06:00:00,CP-05,Running,55.58,28.91,7.17,450.71,32.81,82.09
2026-02-28 22:00:00,CP-05,Stopped,28.3,12.36,6.87,31.16,27.5,6.34
2026-03-02 04:00:00,CP-01,Running,51.75,24.66,6.95,417.55,31.8,77.15
2026-03-28 19:00:00,CP-01,Running,49.41,22.75,6.6,295.0,27.54,61.35
2026-01-19 08:00:00,CP-03,Running,56.41,28.11,7.08,407.95,30.27,79.75
2026-03-25 06:00:00,CP-01,Running,56.99,27.47,6.97,404.34,32.97,82.52
2026-02-05 15:00:00,CP-04,Running,47.14,20.1,6.42,293.34,28.6,54.58
2026-03-21 18:00:00,CP-03,Running,49.5,23.91,6.84,330.62,29.38,65.39
2026-02-26 09:00:00,CP-05,Running,56.25,29.35,7.05,407.72,31.08,83.67
2026-01-27 09:00:00,CP-03,Running,51.66,25.77,7.08,409.84,32.41,80.23
2026-03-28 14:00:00,CP-03,Running,53.16,26.12,6.77,376.22,27.87,73.25
2026-02-08 14:00:00,CP-01,Stopped,29.19,11.73,6.79,20.24,26.45,3.92
2026-01-09 03:00:00,CP-05,Running,58.49,30.33,7.13,411.2,32.11,80.63
2026-01-14 19:00:00,CP-01,Stopped,26.15,10.49,6.67,17.57,25.54,3.42
2026-03-02 01:00:00,CP-03,Running,53.42,26.38,6.92,404.59,30.72,75.56
2026-03-19 10:00:00,CP-01,Running,51.84,24.51,6.85,367.03,31.32,73.51
2026-03-11 05:00:00,CP-03,Running,56.24,28.04,6.97,414.95,31.82,79.93
2026-02-27 01:00:00,CP-05,Running,58.94,30.72,7.0,419.79,31.77,83.16
2026-03-07 17:00:00,CP-03,Running,55.93,27.49,6.69,359.89,28.91,73.36
2026-03-09 00:00:00,CP-04,Running,48.34,20.94,6.73,324.96,29.13,61.79
2026-01-18 04:00:00,CP-02,Running,53.83,24.62,6.94,352.13,31.68,72.23
2026-01-30 17:00:00,CP-01,Running,49.59,23.05,6.79,348.37,28.56,65.64
2026-03-02 03:00:00,CP-03,Running,54.5,27.06,7.09,379.19,32.57,77.96
2026-02-15 07:00:00,CP-01,Running,59.58,28.65,6.92,433.58,31.84,81.39
2026-01-08 12:00:00,CP-04,Running,52.2,22.86,6.55,335.03,30.35,66.83
2026-01-08 01:00:00,CP-02,Running,51.22,22.95,6.76,338.91,30.93,62.98
2026-01-17 20:00:00,CP-02,Running,50.45,22.5,6.66,304.25,26.51,60.82
2026-01-02 18:00:00,CP-02,Stopped,28.74,11.24,6.63,28.68,24.64,5.14
2026-01-01 02:00:00,CP-03,Running,54.36,26.98,7.1,394.79,30.12,77.86
2026-01-10 14:00:00,CP-01,Running,51.28,23.67,6.68,341.37,28.16,62.51
2026-03-06 19:00:00,CP-01,Running,53.01,24.74,6.61,366.07,28.73,67.46
2026-03-14 13:00:00,CP-02,Running,51.03,23.15,6.65,355.34,29.74,68.43
2026-01-04 05:00:00,CP-01,Running,54.63,26.02,6.84,381.69,32.03,77.0
2026-02-22 12:00:00,CP-03,Running,47.7,22.92,6.97,297.76,30.15,63.08
2026-03-29 03:00:00,CP-04,Running,49.45,21.7,6.78,357.07,32.45,67.67
2026-02-07 15:00:00,CP-02,Running,50.3,22.06,6.61,279.48,29.56,53.27
2026-03-04 00:00:00,CP-04,Running,50.45,21.8,6.57,315.58,31.34,60.77
2026-03-09 13:00:00,CP-04,Running,48.75,21.15,6.52,329.66,29.06,62.38
2026-01-25 11:00:00,CP-01,Running,54.89,26.31,6.79,409.53,30.71,79.95
2026-01-19 11:00:00,CP-03,Running,57.4,28.95,6.85,464.26,31.53,85.45
2026-01-29 04:00:00,CP-01,Running,53.09,25.25,6.96,407.13,32.09,76.25
2026-02-02 13:00:00,CP-05,Running,51.48,25.82,6.94,334.13,30.86,65.4
2026-01-29 20:00:00,CP-02,Running,46.79,20.83,6.53,292.95,28.83,59.89
2026-01-05 08:00:00,CP-02,Running,50.77,22.97,6.74,347.41,30.65,67.34
2026-02-17 16:00:00,CP-01,Running,49.43,23.06,6.66,319.2,28.56,67.36
2026-02-22 21:00:00,CP-04,Running,47.09,20.21,6.55,277.7,28.25,57.57
2026-01-26 14:00:00,CP-04,Running,51.04,22.0,6.49,308.38,28.01,59.51
2026-02-13 18:00:00,CP-03,Running,51.2,25.04,6.66,383.76,26.81,71.02
2026-02-11 06:00:00,CP-03,Running,55.55,27.85,6.93,475.88,33.01,82.7
2026-03-12 21:00:00,CP-01,Running,49.25,22.88,6.68,332.6,29.03,65.51
2026-01-17 02:00:00,CP-03,Running,57.26,28.62,6.98,414.05,31.51,81.22
2026-03-20 04:00:00,CP-05,Running,52.87,27.4,7.08,415.29,32.2,80.46
2026-03-21 18:00:00,CP-04,Stopped,28.19,10.6,6.41,11.26,24.61,2.22
2026-03-16 06:00:00,CP-04,Running,53.56,23.51,6.79,351.7,32.28,67.85
2026-02-14 02:00:00,CP-01,Stopped,31.89,12.82,6.79,21.01,26.96,4.28
2026-02-04 23:00:00,CP-03,Running,48.82,23.96,6.77,393.27,30.64,72.66
2026-01-22 17:00:00,CP-05,Running,50.03,25.43,6.91,358.68,27.59,71.45
2026-01-09 17:00:00,CP-03,Running,50.98,24.53,6.78,336.46,28.49,63.64
2026-02-01 22:00:00,CP-05,Running,51.76,26.6,6.79,377.3,31.42,76.57
2026-03-05 22:00:00,CP-03,Running,50.62,24.55,6.73,354.88,28.99,67.28
2026-02-01 19:00:00,CP-02,Running,48.21,21.36,6.38,300.73,28.88,57.8
2026-02-16 03:00:00,CP-02,Running,50.83,23.17,6.9,378.47,31.43,70.62
2026-02-10 06:00:00,CP-02,Running,54.07,24.66,6.92,380.16,31.27,70.92
2026-03-30 16:00:00,CP-05,Running,49.31,24.93,6.9,369.45,27.33,68.92
2026-02-18 03:00:00,CP-04,Running,51.39,22.61,6.66,352.63,31.0,68.81
2026-01-06 13:00:00,CP-05,Running,54.08,27.71,6.95,408.77,29.91,75.14
2026-01-29 15:00:00,CP-04,Running,46.24,19.23,6.59,217.77,27.31,43.77
2026-03-27 18:00:00,CP-03,Running,52.26,25.63,6.72,352.09,28.11,72.39
2026-01-15 14:00:00,CP-03,Running,52.68,25.62,6.79,365.87,30.14,68.53
2026-02-27 18:00:00,CP-05,Running,49.91,25.3,6.69,356.31,29.25,70.28
2026-01-31 10:00:00,CP-04,Running,49.5,21.64,6.84,338.53,29.67,66.08
2026-02-10 05:00:00,CP-02,Running,55.3,25.17,6.69,381.8,31.37,70.12
2026-03-09 08:00:00,CP-03,Running,53.81,26.55,6.95,421.63,31.6,75.06
2026-02-09 08:00:00,CP-02,Running,50.09,22.63,6.93,362.07,32.09,66.52
2026-03-08 06:00:00,CP-03,Running,59.2,29.63,6.98,425.18,32.36,81.76
2026-01-14 08:00:00,CP-01,Running,51.31,24.12,6.93,360.88,31.92,70.9
2026-03-25 18:00:00,CP-05,Running,47.97,24.19,6.71,331.73,28.85,67.83
2026-03-14 08:00:00,CP-03,Running,56.58,28.21,7.14,415.64,31.84,80.03
2026-02-10 07:00:00,CP-03,Running,55.05,27.32,7.0,414.11,33.47,77.9
2026-02-02 12:00:00,CP-05,Running,58.2,30.08,7.01,410.96,30.25,79.22
2026-01-14 08:00:00,CP-04,Running,49.76,21.72,6.72,352.88,31.21,65.17
2026-01-20 06:00:00,CP-03,Running,55.62,27.78,6.96,385.06,32.39,80.82
2026-02-27 10:00:00,CP-03,Running,55.49,27.25,7.06,345.14,30.37,72.9
2026-02-07 11:00:00,CP-05,Running,54.84,28.35,7.03,432.27,31.53,79.26
2026-01-19 20:00:00,CP-03,Running,53.14,25.88,6.83,362.31,29.25,69.09
2026-02-28 12:00:00,CP-03,Running,52.45,25.94,6.84,380.59,30.15,76.19
2026-03-10 21:00:00,CP-05,Running,51.08,26.02,6.79,386.99,30.46,72.48
2026-01-21 04:00:00,CP-02,Running,48.78,22.07,6.94,327.09,31.23,67.33
2026-03-06 18:00:00,CP-05,Running,55.61,28.3,6.7,385.86,28.15,71.99
2026-03-16 12:00:00,CP-01,Running,52.58,24.96,6.82,406.06,30.21,75.45
2026-02-02 05:00:00,CP-03,Running,56.81,28.44,7.22,442.95,32.33,82.01
2026-01-22 19:00:00,CP-03,Running,53.1,25.67,6.71,313.08,27.37,65.79
2026-01-16 11:00:00,CP-05,Running,58.4,30.11,6.97,382.13,30.76,77.94
2026-03-13 12:00:00,CP-05,Running,57.41,30.05,6.98,451.91,30.02,85.22
2026-03-31 11:00:00,CP-01,Stopped,28.76,11.49,6.81,8.29,27.09,1.61
2026-03-03 23:00:00,CP-02,Running,50.38,22.55,6.81,342.29,30.4,62.32
2026-02-12 18:00:00,CP-04,Running,46.62,30.504,6.43,276.45,26.77,50.14
2026-03-07 06:00:00,CP-05,Running,54.54,28.25,7.26,421.4,32.35,80.27
2026-03-10 17:00:00,CP-04,Running,46.62,19.9,6.36,286.15,27.9,55.3
2026-01-14 01:00:00,CP-01,Running,55.22,26.27,6.82,402.3,30.51,76.34
2026-01-15 21:00:00,CP-01,Running,51.95,24.05,6.63,339.39,29.58,63.95
2026-02-06 04:00:00,CP-01,Running,53.12,25.24,6.91,382.19,30.65,75.87
2026-03-05 05:00:00,CP-03,Running,56.08,27.95,7.14,377.8,32.45,79.83
2026-02-23 09:00:00,CP-01,Running,51.73,24.36,7.01,380.95,31.19,71.69
2026-02-22 15:00:00,CP-05,Running,49.14,24.6,6.83,315.68,28.86,64.48
2026-03-27 23:00:00,CP-05,Running,53.24,27.37,6.96,379.57,30.77,76.68
2026-01-13 01:00:00,CP-05,Running,58.63,30.25,7.05,384.14,29.84,78.37
2026-02-20 17:00:00,CP-03,Running,56.59,28.19,6.8,387.65,28.1,79.62
2026-02-11 10:00:00,CP-04,Running,51.19,22.52,6.73,350.12,31.53,68.85
2026-01-02 02:00:00,CP-03,Running,54.63,26.97,7.12,398.12,30.28,75.49
2026-02-28 19:00:00,CP-01,Stopped,26.72,10.7,6.6,13.56,26.41,2.67
2026-02-23 20:00:00,CP-01,Running,49.98,23.21,6.61,314.73,28.89,65.34
2026-03-17 07:00:00,CP-05,Running,61.76,33.2,7.09,496.05,32.85,98.0
2026-03-10 19:00:00,CP-05,Running,50.25,25.2,6.77,354.41,28.89,65.26
2026-03-18 15:00:00,CP-04,Running,45.89,19.77,6.38,285.01,27.6,59.32
2026-02-20 12:00:00,CP-05,Running,54.74,28.22,7.1,388.82,31.84,78.0
2026-01-28 01:00:00,CP-05,Running,52.68,26.89,7.05,388.65,30.9,73.35
2026-02-14 07:00:00,CP-04,Running,54.59,24.17,6.87,344.66,31.65,71.72
2026-02-24 13:00:00,CP-01,Running,46.83,21.56,6.78,272.66,29.79,61.27
2026-03-25 21:00:00,CP-04,Running,51.98,22.38,6.46,295.43,27.91,58.95
2026-02-04 13:00:00,CP-02,Stopped,26.47,10.3,6.52,16.48,26.76,3.06
2026-03-14 06:00:00,CP-04,Running,48.77,21.15,6.76,304.29,29.65,62.33
2026-03-27 14:00:00,CP-01,Running,50.31,23.47,6.62,321.89,30.12,67.36
2026-02-23 15:00:00,CP-01,Stopped,28.55,11.47,6.71,19.23,26.78,3.84
2026-02-13 17:00:00,CP-02,Running,48.37,21.53,6.64,306.87,28.03,59.8
2026-02-21 02:00:00,CP-03,Running,59.13,29.31,6.97,406.34,31.22,77.28
2026-03-15 22:00:00,CP-05,Running,52.94,27.09,7.0,387.15,29.08,74.51
2026-02-18 15:00:00,CP-01,Running,46.77,21.39,6.65,291.85,28.92,58.49
2026-01-20 16:00:00,CP-05,Running,53.43,27.31,6.89,364.4,28.95,73.95
2026-01-23 16:00:00,CP-04,Running,48.06,20.45,6.54,257.45,29.47,53.91
2026-02-21 11:00:00,CP-01,Running,52.17,25.04,6.84,379.1,31.49,80.54
2026-03-10 13:00:00,CP-01,Running,52.28,24.51,6.68,355.96,30.65,69.67
2026-03-04 11:00:00,CP-02,Running,53.16,24.13,6.83,363.55,30.55,68.87
2026-03-14 04:00:00,CP-02,Running,53.04,24.19,6.89,370.49,30.22,70.88
2026-02-17 06:00:00,CP-04,Running,52.01,22.74,6.81,346.48,30.53,66.07
2026-03-08 12:00:00,CP-04,Running,48.33,20.87,6.51,301.05,28.52,60.32
2026-03-11 22:00:00,CP-03,Running,52.37,25.58,6.94,382.05,31.15,70.4
2026-01-15 10:00:00,CP-03,Running,54.32,26.61,6.98,367.34,30.1,71.83
2026-03-28 02:00:00,CP-02,Running,51.8,23.26,6.77,317.39,31.05,63.78
2026-03-31 10:00:00,CP-04,Stopped,28.05,10.6,6.71,21.31,28.65,4.36
2026-01-07 12:00:00,CP-02,Running,49.21,22.05,6.73,340.41,29.78,62.91
2026-03-29 09:00:00,CP-03,Running,55.55,27.89,6.84,418.03,30.51,83.38
2026-02-08 07:00:00,CP-02,Running,54.0,24.79,6.85,400.06,31.34,74.06
2026-03-19 03:00:00,CP-04,Running,52.49,22.97,6.7,337.27,32.28,66.33
2026-02-04 10:00:00,CP-03,Stopped,29.66,12.41,7.05,22.42,27.4,4.27
2026-02-11 23:00:00,CP-05,Running,59.36,30.99,7.03,410.86,28.76,83.91
2026-03-01 05:00:00,CP-01,Running,53.19,25.22,6.88,379.16,31.8,74.92
2026-01-12 09:00:00,CP-05,Running,56.67,29.8,7.15,434.61,31.95,87.29
2026-02-01 22:00:00,CP-03,Running,49.94,24.15,6.74,347.98,29.58,65.85
2026-01-19 02:00:00,CP-01,Running,52.35,24.77,6.9,367.41,29.93,73.87
2026-02-02 00:00:00,CP-01,Running,49.27,22.79,6.88,322.36,29.56,63.52
2026-03-11 20:00:00,CP-04,Running,45.61,19.25,6.3,271.24,28.27,50.32
2026-03-19 01:00:00,CP-04,Running,51.51,22.53,6.46,348.36,29.9,66.23
2026-01-20 11:00:00,CP-05,Running,58.02,30.38,6.98,430.94,31.54,85.31
2026-01-03 05:00:00,CP-02,Running,53.16,24.46,6.83,405.76,31.53,75.02
2026-01-19 12:00:00,CP-03,Running,51.19,25.19,6.85,361.13,30.21,73.95
2026-01-08 00:00:00,CP-05,Running,54.9,28.46,7.07,415.15,29.91,80.58
2026-03-03 02:00:00,CP-03,Running,55.43,27.84,7.04,452.35,31.13,83.44
2026-02-15 22:00:00,CP-04,Running,45.2,19.23,6.62,270.7,28.26,53.61
2026-01-05 16:00:00,CP-04,Running,46.96,20.12,6.49,307.07,27.56,56.91
2026-01-22 20:00:00,CP-02,Running,45.06,19.82,6.63,263.34,27.87,54.55
2026-01-18 18:00:00,CP-02,Running,44.78,20.0,6.56,302.5,29.82,61.35
2026-02-27 23:00:00,CP-04,Running,44.68,19.14,6.78,297.96,29.56,56.92
2026-03-04 14:00:00,CP-03,Running,51.4,24.9,6.77,341.57,28.69,66.69
2026-01-22 02:00:00,CP-03,Running,55.49,28.01,6.86,423.69,32.15,85.91
2026-01-18 11:00:00,CP-03,Running,50.85,24.9,7.04,361.89,30.07,71.65
2026-01-01 12:00:00,CP-01,Running,52.21,24.57,6.92,362.49,29.66,71.24
2026-02-18 22:00:00,CP-04,Stopped,28.11,10.61,6.4,18.53,27.46,3.69
2026-03-10 11:00:00,CP-04,Running,50.23,21.98,6.74,357.32,29.74,66.33
2026-01-24 23:00:00,CP-03,Running,47.9,23.31,6.81,355.04,30.23,68.69
2026-01-20 12:00:00,CP-03,Running,52.71,25.92,6.75,341.97,29.51,73.63
2026-02-03 07:00:00,CP-03,Running,55.72,27.79,6.99,423.46,32.06,80.25
2026-02-07 11:00:00,CP-04,Running,51.06,22.22,6.64,343.76,30.55,63.95
2026-01-20 02:00:00,CP-05,Running,57.98,30.21,7.18,403.06,33.18,83.04
2026-03-02 20:00:00,CP-05,Running,54.98,28.04,6.75,370.12,29.25,73.0
2026-02-28 18:00:00,CP-05,Running,51.86,26.56,6.78,391.82,29.17,74.84
2026-02-16 04:00:00,CP-05,Running,59.53,31.13,6.96,397.36,31.9,84.75
2026-01-10 04:00:00,CP-01,Running,57.01,27.36,6.82,405.32,32.51,80.45
2026-02-19 14:00:00,CP-05,Running,55.1,28.35,6.93,376.34,30.1,77.02
2026-02-05 06:00:00,CP-03,Running,56.11,27.71,7.04,411.43,31.7,75.61
2026-01-06 18:00:00,CP-03,Stopped,32.54,13.59,6.62,20.14,24.67,3.59
2026-03-01 15:00:00,CP-02,Running,50.93,22.89,6.56,336.62,29.52,64.19
2026-03-29 12:00:00,CP-05,Running,53.05,27.31,7.06,374.0,30.07,77.33
2026-03-22 05:00:00,CP-04,Running,52.3,23.06,6.83,324.94,31.22,69.77
2026-02-08 03:00:00,CP-01,Running,53.79,25.36,6.77,387.66,31.58,72.3
2026-03-25 07:00:00,CP-02,Running,51.79,23.74,6.84,369.03,31.73,73.36
2026-02-25 06:00:00,CP-02,Running,50.97,23.19,6.8,336.49,30.0,69.83
2026-03-26 18:00:00,CP-03,Running,47.73,22.92,6.74,316.99,28.41,62.64
2026-03-14 02:00:00,CP-02,Running,50.46,22.78,6.69,355.97,31.61,66.33
2026-03-31 01:00:00,CP-01,Running,50.65,23.62,6.8,318.12,30.57,67.13
2026-01-29 23:00:00,CP-05,Running,52.32,26.98,6.78,394.51,31.14,78.11
2026-01-27 16:00:00,CP-05,Running,56.08,28.94,6.92,397.89,28.77,78.49
2026-01-27 07:00:00,CP-05,Running,58.11,30.55,7.16,426.55,33.26,87.3
2026-01-27 19:00:00,CP-05,Running,51.0,26.21,6.79,376.11,30.07,76.46
2026-01-05 14:00:00,CP-04,Running,48.53,20.66,6.6,289.99,27.74,54.1
2026-02-10 19:00:00,CP-02,Running,47.2,20.82,6.66,271.14,29.11,55.76
2026-01-04 04:00:00,CP-01,Running,53.22,25.19,6.94,394.74,31.12,74.06
2026-01-15 23:00:00,CP-02,Running,50.87,22.8,6.75,316.2,28.15,62.96
2026-03-05 21:00:00,CP-02,Running,50.29,22.45,6.67,324.55,29.3,61.25
2026-01-26 19:00:00,CP-01,Running,47.15,21.63,6.68,287.6,28.05,59.8
2026-01-24 01:00:00,CP-02,Running,51.6,23.46,6.7,321.49,29.16,69.54
2026-03-20 18:00:00,CP-01,Running,48.85,22.59,6.62,321.17,28.47,63.29
2026-02-25 18:00:00,CP-01,Running,54.01,25.14,6.63,322.44,27.76,66.32
2026-02-05 16:00:00,CP-05,Running,49.93,25.35,6.83,358.7,28.3,70.9
2026-02-17 19:00:00,CP-04,Running,44.62,19.05,6.52,265.72,28.76,55.28
2026-03-28 10:00:00,CP-02,Running,52.96,24.0,6.92,363.98,29.86,68.05
2026-01-27 00:00:00,CP-04,Running,44.43,19.01,6.58,297.27,30.95,56.37
2026-03-05 01:00:00,CP-01,Running,54.08,25.6,6.79,394.43,30.91,74.19
2026-01-04 19:00:00,CP-04,Running,45.95,19.37,6.58,270.81,28.53,49.64
2026-02-28 08:00:00,CP-05,Running,53.65,27.84,7.15,428.63,31.31,81.02
2026-01-03 08:00:00,CP-03,Running,54.9,27.5,6.97,448.32,30.53,82.12
2026-01-06 15:00:00,CP-05,Running,55.81,28.73,6.99,407.79,29.12,77.26
2026-02-01 01:00:00,CP-01,Running,46.82,21.63,6.85,328.09,29.06,62.91
2026-03-11 23:00:00,CP-01,Running,51.2,23.76,6.88,345.03,27.78,64.9
2026-03-02 21:00:00,CP-04,Running,41.4,17.46,6.49,247.78,27.47,49.78
2026-03-20 07:00:00,CP-04,Running,52.03,22.7,6.62,331.19,32.75,65.03
2026-01-06 17:00:00,CP-03,Running,50.47,24.26,6.79,314.52,28.24,63.17
2026-01-14 16:00:00,CP-03,Running,50.3,24.08,6.81,296.88,29.55,61.37
2026-03-31 17:00:00,CP-01,Running,50.98,23.45,6.73,327.44,28.21,60.9
2026-03-13 19:00:00,CP-04,Running,40.57,16.97,6.48,246.38,27.96,46.37
2026-01-24 06:00:00,CP-04,Running,53.93,23.93,6.78,364.2,31.78,72.86
2026-02-17 17:00:00,CP-04,Running,50.17,21.58,6.38,298.79,26.84,58.67
2026-03-30 19:00:00,CP-02,Running,50.68,22.33,6.65,293.78,27.97,55.28
2026-03-07 19:00:00,CP-05,Running,49.31,25.28,6.93,388.65,29.66,75.37
2026-01-01 16:00:00,CP-01,Running,49.75,23.09,6.77,333.61,29.12,65.13
2026-02-12 03:00:00,CP-03,Running,58.9,29.28,6.88,438.86,30.74,78.67
2026-01-13 02:00:00,CP-02,Running,54.66,24.97,6.82,362.21,30.2,71.7
2026-03-17 07:00:00,CP-03,Running,57.41,29.08,7.05,448.94,31.68,87.51
2026-01-16 18:00:00,CP-02,Running,50.31,22.62,6.63,318.81,27.24,64.42
2026-03-24 15:00:00,CP-04,Running,49.46,21.48,6.44,302.6,28.54,62.86
2026-03-17 07:00:00,CP-02,Stopped,28.14,10.86,6.87,0.08,29.69,0.02
2026-03-26 09:00:00,CP-01,Running,57.74,27.66,6.93,420.42,30.81,79.72
2026-02-21 10:00:00,CP-05,Running,54.31,28.36,7.05,413.18,30.83,83.96
2026-02-25 16:00:00,CP-05,Running,48.61,24.5,6.75,324.89,28.53,67.42
2026-01-13 17:00:00,CP-05,Running,52.08,26.53,6.78,367.72,29.65,72.33
2026-01-24 01:00:00,CP-04,Running,48.09,20.79,6.65,299.21,30.67,60.85
2026-03-16 10:00:00,CP-05,Running,59.21,30.99,7.2,433.31,32.08,85.14
2026-01-12 13:00:00,CP-04,Running,47.29,20.27,6.41,301.29,31.04,57.01
2026-02-07 08:00:00,CP-01,Running,54.93,25.96,7.01,418.81,31.45,73.32
2026-03-11 18:00:00,CP-05,Running,51.89,26.25,6.88,374.7,28.7,69.21
2026-01-14 13:00:00,CP-02,Stopped,27.85,10.79,6.76,8.62,27.51,1.69
2026-03-03 01:00:00,CP-02,Running,51.29,23.4,6.82,358.47,30.63,71.22
2026-03-24 18:00:00,CP-01,Running,48.3,22.15,6.73,285.68,28.31,59.66
2026-02-15 14:00:00,CP-02,Running,46.9,20.87,6.81,290.16,28.86,59.88
2026-03-24 20:00:00,CP-04,Running,45.91,19.28,6.56,237.02,28.47,48.08
2026-03-08 17:00:00,CP-01,Running,46.6,21.25,6.81,311.34,28.69,57.13
2026-02-15 06:00:00,CP-05,Running,56.05,29.29,7.16,436.52,34.23,84.3
2026-03-11 00:00:00,CP-03,Running,50.85,25.11,,416.76,30.0,75.55
2026-02-05 19:00:00,CP-04,Running,44.22,18.74,6.51,285.52,27.47,52.04
2026-03-05 22:00:00,CP-01,Running,52.1,24.23,6.79,338.72,29.48,65.95
2026-03-30 21:00:00,CP-05,Running,53.97,27.62,6.94,393.79,29.81,74.51
2026-03-04 18:00:00,CP-05,Running,50.89,25.41,6.76,354.87,28.6,63.22
2026-02-28 22:00:00,CP-01,Running,53.65,25.38,6.81,362.45,30.04,73.86
2026-01-29 09:00:00,CP-02,Running,51.33,23.59,6.75,392.54,31.6,74.52
2026-01-20 08:00:00,CP-01,Stopped,27.92,11.29,6.94,31.12,27.1,6.24
2026-02-01 13:00:00,CP-02,Running,52.31,24.02,6.71,393.25,29.94,74.08
2026-01-24 00:00:00,CP-05,Running,56.55,28.99,6.94,384.49,29.04,75.36
2026-01-09 14:00:00,CP-01,Running,49.96,23.27,6.86,358.28,29.68,66.66
2026-02-02 09:00:00,CP-03,Running,55.54,27.32,7.07,387.16,30.57,73.73
2026-03-02 16:00:00,CP-04,Running,48.78,20.94,6.54,290.32,28.75,57.69
2026-02-20 21:00:00,CP-03,Running,52.14,25.25,6.72,351.55,29.96,66.48
2026-03-26 21:00:00,CP-02,Running,46.34,20.38,6.75,272.05,28.43,54.41
2026-02-17 13:00:00,CP-01,Running,48.74,22.82,6.75,354.79,29.39,68.98
2026-01-29 16:00:00,CP-04,Running,47.63,20.19,6.41,258.17,27.81,52.25
2026-01-27 07:00:00,CP-04,Running,50.13,22.05,6.82,340.56,30.88,68.7
2026-02-04 07:00:00,CP-03,Running,59.19,29.66,7.03,431.09,32.17,82.36
2026-01-31 03:00:00,CP-05,Running,55.75,28.77,7.21,429.53,31.12,78.47
2026-02-08 14:00:00,CP-02,Running,47.49,21.03,6.62,305.21,28.54,57.54
2026-03-20 23:00:00,CP-03,Running,52.42,25.77,6.9,337.79,30.22,73.44
2026-03-21 08:00:00,CP-02,Stopped,25.12,9.7,6.88,0.78,28.49,0.15
2026-01-26 16:00:00,CP-03,Running,48.79,23.57,6.8,334.84,29.26,65.35
2026-02-23 00:00:00,CP-03,Running,49.39,24.15,6.78,345.91,30.15,70.9
2026-02-12 14:00:00,CP-02,Running,49.44,22.05,6.56,318.01,28.05,60.83
2026-03-03 15:00:00,CP-03,Running,50.97,24.57,6.68,336.98,28.92,64.44
2026-03-27 02:00:00,CP-01,Running,51.53,24.19,6.86,341.62,31.9,70.3
2026-02-05 12:00:00,CP-04,Running,49.26,21.34,6.71,330.27,,61.73
2026-03-12 01:00:00,CP-05,Running,54.93,28.63,7.08,475.26,31.26,83.09
2026-02-17 08:00:00,CP-02,Running,51.89,23.97,6.91,391.18,32.14,76.91
2026-03-06 11:00:00,CP-01,Running,52.44,24.77,6.91,387.17,30.79,73.15
2026-01-24 09:00:00,CP-05,Stopped,27.64,12.09,7.06,35.2,28.52,7.02
2026-02-23 19:00:00,CP-04,Running,45.43,19.16,6.37,250.57,26.24,49.85
2026-01-16 18:00:00,CP-04,Running,45.26,19.26,6.34,275.37,27.49,53.95
2026-03-22 02:00:00,CP-01,Running,50.09,23.32,6.87,307.66,30.95,66.42
2026-03-20 03:00:00,CP-03,Running,52.92,26.43,7.01,409.26,31.7,80.81
2026-01-25 23:00:00,CP-03,Running,57.13,28.41,6.94,384.77,30.1,78.71
2026-03-15 14:00:00,CP-03,Running,51.76,25.09,6.92,349.6,29.94,66.95
2026-01-06 00:00:00,CP-01,Running,51.06,23.81,6.7,359.37,29.75,67.13
2026-01-03 21:00:00,CP-03,Running,53.25,26.03,6.79,358.89,29.87,70.78
2026-01-11 01:00:00,CP-04,Stopped,30.25,11.45,6.84,25.55,28.91,4.92
2026-03-23 00:00:00,CP-01,Running,47.4,21.99,6.76,310.11,29.46,64.93
2026-03-01 14:00:00,CP-03,Running,54.86,27.21,6.77,406.33,29.61,77.54
2026-02-28 15:00:00,CP-02,Running,50.48,22.68,6.55,318.39,29.51,64.09
2026-01-05 11:00:00,CP-01,Running,54.38,25.91,6.95,400.54,30.59,77.19
2026-01-20 00:00:00,CP-05,Running,55.03,28.32,6.94,406.73,29.87,77.07
2026-02-01 17:00:00,CP-01,Running,49.64,23.07,6.6,335.91,27.93,65.55
2026-03-25 11:00:00,CP-02,Running,51.13,23.2,6.77,346.7,29.42,68.59
2026-02-23 16:00:00,CP-02,Running,46.4,20.5,6.59,290.41,29.03,56.67
2026-01-20 02:00:00,CP-04,Running,50.2,21.73,6.64,305.39,29.64,61.59
2026-02-28 02:00:00,CP-01,Running,52.89,25.06,6.88,374.65,31.85,74.57
2026-01-16 16:00:00,CP-03,Running,50.38,24.46,6.71,353.83,29.39,67.73
2026-01-05 23:00:00,CP-02,Running,49.45,22.26,6.46,356.46,29.56,65.07
2026-03-30 05:00:00,CP-03,Running,57.3,28.59,7.09,404.13,32.72,80.31
2026-02-23 04:00:00,CP-01,Running,52.91,25.23,6.78,376.6,32.51,77.56
2026-03-11 17:00:00,CP-05,Running,50.75,25.39,6.87,349.23,28.96,64.06
2026-02-03 00:00:00,CP-04,Running,51.5,22.41,6.49,327.21,30.03,63.91
2026-03-15 09:00:00,CP-04,Running,49.37,21.63,6.74,342.05,31.6,67.09
2026-03-16 00:00:00,CP-02,Running,53.01,24.09,6.56,365.91,29.48,69.31
2026-03-31 13:00:00,CP-04,Running,43.68,18.61,6.66,261.87,29.79,54.4
2026-03-20 19:00:00,CP-04,Stopped,30.93,11.71,6.49,24.45,25.65,5.03
2026-02-12 01:00:00,CP-01,Running,54.79,26.03,6.89,382.51,30.96,75.71
2026-01-01 13:00:00,CP-01,Running,48.6,22.89,6.69,361.65,29.42,71.83
2026-01-04 08:00:00,CP-03,Running,56.19,27.94,7.07,420.11,32.21,78.78
2026-01-25 06:00:00,CP-03,Running,56.31,28.12,7.01,393.25,32.2,80.79
2026-02-08 16:00:00,CP-05,Running,52.74,26.71,6.97,364.15,27.72,69.67
2026-01-15 02:00:00,CP-01,Running,57.4,27.55,6.95,409.69,31.04,80.45
2026-03-04 14:00:00,CP-04,Running,49.12,20.88,6.52,269.14,27.58,53.34
2026-01-22 03:00:00,CP-04,Running,49.96,21.9,6.79,327.41,31.21,67.11
2026-02-19 04:00:00,CP-04,Running,48.72,21.32,6.58,308.54,31.21,66.32
2026-01-02 02:00:00,CP-04,Running,51.23,22.53,6.62,353.08,31.34,68.72
2026-02-23 03:00:00,CP-02,Running,52.86,24.07,6.83,363.31,30.39,70.24
2026-02-12 06:00:00,CP-03,Running,53.94,26.71,6.95,396.1,33.25,76.81
2026-01-20 10:00:00,CP-02,Running,53.49,24.35,6.84,336.6,30.17,70.08
2026-02-07 05:00:00,CP-01,Running,51.82,24.58,6.98,400.16,32.68,74.99
2026-02-13 01:00:00,CP-05,Running,59.57,30.95,,405.77,32.68,81.57
2026-02-27 16:00:00,CP-05,Running,54.46,27.71,6.91,359.46,29.58,71.8
2026-03-17 01:00:00,CP-05,Running,52.05,26.51,6.96,363.5,31.54,72.28
2026-01-17 17:00:00,CP-01,Running,53.61,25.05,6.68,337.54,28.0,68.17
2026-03-08 01:00:00,CP-03,Running,52.32,25.6,6.93,385.79,31.08,71.32
2026-01-14 20:00:00,CP-01,Running,50.36,23.4,6.72,338.71,28.05,65.63
2026-01-02 03:00:00,CP-02,Running,52.35,23.97,6.7,382.92,32.24,72.74
2026-03-08 03:00:00,CP-01,Running,49.08,23.01,6.79,378.63,31.99,69.68
2026-03-09 10:00:00,CP-03,Running,51.55,25.44,7.05,394.29,30.93,75.24
2026-01-13 08:00:00,CP-02,Running,54.12,24.77,7.01,357.82,32.9,72.59
2026-03-03 03:00:00,CP-03,Running,55.3,27.45,7.1,379.72,32.24,78.0
2026-02-03 23:00:00,CP-04,Running,49.03,21.22,6.56,328.29,28.94,61.41
2026-01-31 17:00:00,CP-01,Running,50.54,23.46,6.57,328.28,27.15,65.09
2026-01-28 12:00:00,CP-03,Running,54.72,26.75,6.91,343.01,31.55,70.87
2026-03-26 17:00:00,CP-05,Running,48.37,24.21,6.83,327.25,28.71,64.47
2026-03-17 04:00:00,CP-02,Running,51.9,23.6,6.79,371.89,30.17,69.72
2026-01-30 16:00:00,CP-04,Running,49.18,21.16,6.48,277.64,30.05,58.8
2026-03-19 17:00:00,CP-01,Running,48.75,22.42,6.63,312.53,28.57,60.93
2026-02-12 18:00:00,CP-05,Running,52.95,26.54,6.8,334.94,29.11,64.96
2026-03-14 09:00:00,CP-04,Running,48.99,21.4,6.61,334.04,32.21,65.56
2026-01-20 08:00:00,CP-03,Running,53.43,26.88,7.01,421.27,31.49,84.26
2026-01-03 22:00:00,CP-02,Running,50.82,22.93,6.77,359.53,28.83,66.01
2026-02-15 17:00:00,CP-04,Running,47.74,20.43,6.33,293.61,27.68,56.29
2026-01-16 10:00:00,CP-02,Running,52.45,23.7,6.8,321.56,30.32,66.65
2026-02-06 18:00:00,CP-04,Running,48.47,20.64,6.34,290.86,27.63,54.07
2026-01-06 15:00:00,CP-04,Running,42.9,18.01,6.56,250.49,28.4,47.9
2026-01-13 12:00:00,CP-01,Running,51.16,24.02,6.86,384.28,29.73,70.21
2026-03-05 12:00:00,CP-02,Running,52.63,23.88,6.87,362.02,30.49,68.64
2026-01-03 16:00:00,CP-03,Running,53.04,25.94,6.72,377.86,27.44,71.07
2026-01-02 08:00:00,CP-05,Running,58.44,30.66,7.17,454.49,31.43,86.3
2026-03-23 12:00:00,CP-04,Running,49.91,21.73,6.56,307.25,29.95,64.04
2026-01-10 17:00:00,CP-05,Running,49.83,25.54,6.88,373.11,27.53,75.2
2026-02-27 00:00:00,CP-02,Running,49.89,22.53,6.66,333.35,29.98,66.47
2026-01-12 21:00:00,CP-02,Running,49.38,21.81,6.49,291.24,28.47,56.46
2026-03-20 21:00:00,CP-02,Running,47.52,21.27,6.39,303.37,30.01,62.45
2026-01-21 01:00:00,CP-04,Running,52.05,22.67,6.48,307.69,30.56,64.22
2026-03-10 17:00:00,CP-03,Running,44.9,21.47,6.76,319.59,29.62,60.76
2026-03-25 07:00:00,CP-04,Running,51.12,22.55,6.87,337.33,32.32,70.14
2026-02-19 11:00:00,CP-01,Running,53.01,25.28,7.05,396.4,33.17,77.51
2026-03-01 16:00:00,CP-04,Running,48.25,20.54,6.23,274.22,28.05,54.06
2026-03-23 17:00:00,CP-01,Running,50.7,23.74,6.64,340.59,27.9,69.05
2026-01-30 15:00:00,CP-04,Running,44.92,18.94,6.4,267.71,26.89,49.66
2026-03-19 19:00:00,CP-03,Running,49.52,24.15,6.82,350.34,28.22,69.83
2026-02-14 20:00:00,CP-02,Running,48.61,21.54,6.53,291.24,28.0,57.83
2026-01-22 09:00:00,CP-03,Stopped,31.04,13.1,7.0,38.93,28.98,7.76
2026-03-13 20:00:00,CP-05,Running,52.91,26.74,6.88,338.77,29.56,68.82
2026-01-13 09:00:00,CP-05,Running,60.46,31.72,6.99,457.02,32.47,86.25
2026-03-11 02:00:00,CP-02,Running,51.67,23.42,6.8,350.37,31.5,68.13
2026-01-25 07:00:00,CP-05,Running,56.09,29.47,7.15,431.4,31.19,86.97
2026-03-17 18:00:00,CP-02,Running,52.64,23.61,6.45,324.39,25.76,63.22
2026-01-01 01:00:00,CP-01,Running,53.12,24.9,6.84,344.31,29.54,69.53
2026-03-08 06:00:00,CP-05,Running,54.63,28.54,7.07,431.9,31.63,84.18
2026-01-13 13:00:00,CP-05,Running,56.58,29.26,6.98,402.09,29.09,79.38
2026-03-20 14:00:00,CP-04,Running,45.0,19.09,6.42,253.88,28.65,52.45
2026-03-20 22:00:00,CP-03,Running,51.39,25.01,6.86,331.69,29.18,68.75
2026-02-11 00:00:00,CP-02,Running,48.22,21.69,6.7,331.53,29.59,64.55
2026-02-10 18:00:00,CP-01,Running,46.77,21.66,6.7,330.66,27.27,64.14
2026-01-02 07:00:00,CP-01,Stopped,26.33,10.54,6.96,11.92,29.15,2.3
2026-01-08 05:00:00,CP-04,Running,51.11,22.58,6.61,394.83,31.62,70.72
2026-02-20 07:00:00,CP-02,Running,46.8,21.37,6.72,356.78,31.17,71.6
2026-02-09 14:00:00,CP-04,Running,48.67,21.01,6.57,312.96,30.29,60.18
2026-03-26 21:00:00,CP-05,Running,52.16,26.54,6.91,353.76,29.79,71.92
2026-01-11 06:00:00,CP-04,Running,51.02,22.57,6.7,388.97,32.05,71.41
2026-02-16 04:00:00,CP-04,Running,53.32,23.19,6.71,314.88,30.11,63.58
2026-03-02 00:00:00,CP-05,Running,53.67,27.57,6.9,381.49,30.6,76.39
2026-01-20 15:00:00,CP-02,Running,49.07,21.81,6.51,311.6,29.2,59.19
2026-03-05 00:00:00,CP-04,Running,48.19,20.69,6.63,311.9,29.78,57.87
2026-03-06 07:00:00,CP-03,Running,56.29,28.24,7.12,456.84,33.26,82.96
2026-02-28 10:00:00,CP-03,Running,51.93,25.65,6.98,402.43,31.24,75.55
2026-01-10 01:00:00,CP-04,Running,47.96,20.75,6.62,320.28,29.83,61.3
2026-02-06 08:00:00,CP-02,Running,52.85,24.18,6.85,383.7,32.95,72.39
2026-01-03 10:00:00,CP-03,Running,58.96,29.67,6.95,417.45,31.47,84.46
2026-01-18 06:00:00,CP-05,Running,51.18,26.38,7.11,379.6,32.74,77.86
2026-02-25 12:00:00,CP-05,Running,56.29,29.0,6.91,373.64,31.5,77.72
2026-01-09 03:00:00,CP-03,Running,53.44,26.65,6.93,419.23,31.71,80.15
2026-03-07 03:00:00,CP-03,Running,55.04,27.37,7.0,430.63,31.14,78.85
2026-01-25 17:00:00,CP-02,Running,49.5,22.27,6.51,315.83,27.98,64.85
2026-02-15 07:00:00,CP-02,Running,53.7,24.86,6.79,389.4,,77.9
2026-01-18 03:00:00,CP-01,Running,54.77,25.99,6.86,377.24,31.57,75.17
2026-01-04 08:00:00,CP-02,Running,54.48,25.34,6.92,434.31,32.45,80.11
2026-01-06 06:00:00,CP-04,Running,51.94,23.02,6.73,406.85,32.59,72.28
2026-01-29 23:00:00,CP-01,Running,52.71,24.51,6.63,347.97,29.41,65.98
2026-03-03 08:00:00,CP-01,Stopped,32.27,13.04,6.82,32.21,28.15,6.19
2026-03-29 18:00:00,CP-02,Running,45.28,20.06,6.5,288.24,29.18,57.83
2026-01-10 14:00:00,CP-04,Running,47.06,20.12,6.58,297.12,28.49,55.84
2026-02-16 07:00:00,CP-03,Running,58.95,29.85,6.96,433.64,31.49,87.38
2026-03-26 22:00:00,CP-05,Running,53.24,27.17,6.9,354.03,28.77,73.22
2026-03-31 09:00:00,CP-01,Running,53.78,25.6,6.83,377.27,31.78,76.59
2026-01-08 18:00:00,CP-04,Running,45.16,19.11,6.52,271.78,28.34,51.42
2026-03-06 11:00:00,CP-04,Running,45.79,19.64,6.73,288.79,28.92,57.31
2026-02-11 20:00:00,CP-03,Running,54.39,26.49,6.8,372.94,28.65,69.17
2026-03-06 06:00:00,CP-01,Running,55.04,26.17,7.03,393.37,31.35,76.1
2026-02-21 18:00:00,CP-05,Running,49.92,24.94,6.94,314.99,29.47,63.56
2026-01-20 15:00:00,CP-05,Running,52.13,26.01,6.88,315.03,28.85,62.93
2026-03-01 21:00:00,CP-01,Running,46.52,21.44,6.78,312.67,29.5,61.91
2026-03-05 16:00:00,CP-03,Running,50.18,24.41,6.67,337.32,28.8,68.58
2026-01-27 21:00:00,CP-04,Running,53.74,22.92,6.61,284.2,27.44,54.84
2026-01-05 02:00:00,CP-05,Running,55.75,28.81,7.06,423.4,31.73,79.13
2026-01-02 02:00:00,CP-05,Running,57.24,29.8,6.97,440.94,32.5,82.71
2026-02-26 16:00:00,CP-01,Running,46.55,21.24,6.63,294.58,28.44,57.3
2026-01-27 13:00:00,CP-04,Running,48.47,20.75,6.46,257.57,29.22,56.52
2026-03-17 06:00:00,CP-05,Running,57.58,30.13,7.18,465.45,31.66,84.93
2026-01-02 09:00:00,CP-04,Running,51.8,22.64,6.65,322.94,31.66,65.96
2026-02-15 17:00:00,CP-03,Running,49.45,23.9,6.71,323.68,27.73,65.57
2026-03-20 00:00:00,CP-02,Running,50.52,22.87,6.55,342.31,29.73,67.64
2026-01-26 18:00:00,CP-05,Running,54.54,27.88,6.91,357.53,28.72,73.94
2026-03-05 13:00:00,CP-01,Running,51.97,24.29,6.71,360.26,30.11,68.31
2026-01-08 06:00:00,CP-03,Running,56.9,28.67,7.03,455.44,31.77,84.97
2026-02-13 07:00:00,CP-04,Running,51.25,22.69,6.72,365.25,31.76,71.8
2026-02-10 04:00:00,CP-04,Running,52.73,23.55,6.79,409.67,30.98,75.8
2026-01-08 23:00:00,CP-02,Running,48.58,21.46,6.41,293.44,29.18,56.57
2026-02-09 17:00:00,CP-04,Running,49.06,20.84,6.45,286.76,27.38,52.96
2026-03-04 00:00:00,CP-03,Running,53.65,26.47,6.96,391.81,30.45,75.21
2026-03-04 14:00:00,CP-02,Running,49.15,22.2,6.6,350.24,29.37,66.45
2026-02-26 10:00:00,CP-02,Running,49.65,22.48,6.75,333.19,30.58,67.62
2026-03-30 11:00:00,CP-03,Running,51.47,25.25,6.96,347.75,30.79,72.45
2026-03-28 13:00:00,CP-02,Running,53.28,24.32,6.66,372.37,30.33,71.32
2026-01-15 02:00:00,CP-03,Running,52.77,26.25,7.05,413.59,31.11,78.87
2026-01-31 16:00:00,CP-05,Running,51.66,26.57,6.86,394.37,29.32,76.84
2026-01-18 04:00:00,CP-04,Running,50.77,22.21,6.72,353.89,31.02,66.37
2026-02-12 14:00:00,CP-03,Running,50.18,24.48,6.83,339.96,29.92,69.85
2026-03-20 02:00:00,CP-03,Running,55.71,27.69,7.02,397.76,31.53,78.45
2026-01-23 13:00:00,CP-05,Running,56.14,29.28,7.01,410.5,30.12,83.46
2026-01-14 23:00:00,CP-05,Running,51.53,26.3,6.9,390.0,29.35,73.32
2026-01-23 14:00:00,CP-04,Running,45.72,19.67,6.51,283.59,29.76,58.65
2026-03-14 10:00:00,CP-04,Running,49.07,21.37,6.74,328.38,31.48,64.16
2026-01-03 20:00:00,CP-05,Running,53.42,26.98,6.9,366.32,29.25,68.51
2026-03-02 00:00:00,CP-04,Running,45.16,19.19,6.68,267.03,29.22,53.13
2026-02-16 21:00:00,CP-03,Running,54.56,26.53,6.64,337.01,29.4,68.37
2026-02-14 00:00:00,CP-05,Running,55.88,29.16,6.87,444.73,31.12,83.76
2026-02-17 06:00:00,CP-02,Running,55.28,25.51,6.91,369.72,32.68,76.53
2026-02-16 16:00:00,CP-02,Running,51.28,22.96,6.75,311.44,27.36,62.59
2026-02-21 21:00:00,CP-05,Running,52.31,26.55,6.92,327.59,28.33,70.77
2026-03-31 22:00:00,CP-02,Running,51.19,22.85,6.58,310.39,29.86,61.13
2026-02-24 00:00:00,CP-02,Running,51.6,23.36,6.6,343.84,30.92,67.63
2026-03-01 00:00:00,CP-04,Running,48.81,21.18,6.75,326.61,30.15,62.46
2026-02-27 09:00:00,CP-04,Running,54.95,24.43,6.76,371.29,31.3,73.73
2026-03-11 00:00:00,CP-02,Running,47.85,21.51,6.73,337.6,29.71,64.39
2026-01-23 11:00:00,CP-01,Running,51.79,24.37,6.8,335.61,32.27,71.2
2026-01-02 16:00:00,CP-01,Running,50.51,22.88,6.62,255.75,27.02,54.08
2026-03-18 11:00:00,CP-03,Running,56.88,28.5,7.04,422.65,31.89,82.36
2026-03-30 14:00:00,CP-02,Running,50.85,22.54,6.51,304.99,28.46,57.93
2026-03-13 20:00:00,CP-02,Running,49.53,21.87,6.74,273.34,28.0,56.24
2026-02-13 03:00:00,CP-02,Running,55.25,24.96,6.95,346.23,31.79,66.55
2026-02-13 19:00:00,CP-03,Stopped,30.12,12.6,6.68,21.28,26.35,4.29
2026-03-23 15:00:00,CP-05,Running,55.95,28.72,6.95,392.29,28.41,76.0
2026-03-25 08:00:00,CP-04,Running,51.97,22.81,6.45,339.75,31.77,67.73
2026-02-15 13:00:00,CP-02,Running,48.17,21.48,6.61,303.91,30.37,60.8
2026-03-12 06:00:00,CP-03,Running,52.2,25.98,6.97,412.86,32.05,79.12
2026-01-18 19:00:00,CP-04,Running,45.35,19.26,6.44,262.91,27.86,52.92
2026-02-03 04:00:00,CP-05,Running,59.85,31.62,7.11,441.27,32.04,89.56
2026-03-28 06:00:00,CP-01,Running,53.85,25.56,6.93,384.85,32.06,75.36
2026-01-11 21:00:00,CP-03,Running,52.38,25.8,6.74,377.94,28.75,74.32
2026-03-12 16:00:00,CP-04,Running,45.25,19.03,6.52,248.31,27.19,48.59
2026-02-06 20:00:00,CP-02,Running,51.05,22.68,6.42,296.65,29.56,59.03
2026-03-31 05:00:00,CP-04,Running,54.67,24.16,6.71,359.76,32.36,70.89
2026-03-03 15:00:00,CP-04,Running,46.81,19.99,6.41,295.83,29.23,55.37
2026-02-25 09:00:00,CP-04,Running,49.45,21.58,6.81,321.05,30.57,65.06
2026-02-11 17:00:00,CP-03,Running,52.18,25.37,6.75,369.6,29.53,68.39
2026-02-19 20:00:00,CP-03,Running,53.23,25.9,6.89,337.19,28.58,68.65
2026-01-25 02:00:00,CP-05,Stopped,28.69,12.51,7.12,29.51,28.6,5.93
2026-03-17 17:00:00,CP-01,Running,49.52,22.88,6.67,333.57,27.48,62.92
2026-01-13 18:00:00,CP-01,Running,49.13,22.42,6.62,293.76,27.86,57.35
2026-01-24 09:00:00,CP-02,Running,53.96,24.58,6.66,345.96,30.02,70.43
2026-01-12 08:00:00,CP-01,Running,55.96,26.95,7.02,443.66,30.87,82.19
2026-03-15 19:00:00,CP-01,Stopped,31.39,12.6,6.74,19.03,24.85,3.63
2026-02-01 16:00:00,CP-05,Running,53.7,27.54,6.89,387.49,28.56,75.54
2026-01-24 07:00:00,CP-04,Running,53.79,23.71,6.65,345.91,31.0,69.8
2026-02-21 11:00:00,CP-03,Running,54.1,26.64,6.81,345.71,30.22,74.28
2026-03-22 18:00:00,CP-05,Running,53.14,27.29,6.94,386.07,30.39,76.21
2026-01-04 23:00:00,CP-03,Running,55.15,27.21,6.91,383.43,29.49,75.13
2026-03-19 17:00:00,CP-02,Running,50.51,22.49,6.45,303.84,28.22,59.98
2026-02-12 05:00:00,CP-02,Running,49.76,22.72,6.86,359.52,32.88,71.42
2026-03-14 15:00:00,CP-05,Running,55.23,28.18,6.92,366.15,28.61,73.16
2026-03-27 05:00:00,CP-02,Running,49.63,22.48,6.85,333.17,31.74,67.88
2026-03-29 15:00:00,CP-03,Running,52.29,25.32,6.76,322.83,29.73,66.54
2026-02-04 14:00:00,CP-05,Running,56.46,29.02,6.81,405.35,30.17,76.56
2026-03-17 21:00:00,CP-02,Running,43.78,19.34,6.48,276.93,28.85,56.62
2026-03-02 13:00:00,CP-03,Running,52.18,25.34,6.79,343.1,29.5,67.76
2026-03-30 06:00:00,CP-01,Running,56.66,27.08,6.86,378.36,32.1,78.52
2026-01-01 11:00:00,CP-05,Running,55.12,28.75,6.92,408.54,30.98,83.56
2026-01-01 02:00:00,CP-04,Running,54.18,23.85,6.66,360.15,30.45,69.17
2026-03-11 01:00:00,CP-03,Running,53.19,26.4,6.84,416.62,30.73,77.92
2026-02-09 04:00:00,CP-03,Running,52.16,25.83,7.04,449.48,31.71,76.77
2026-03-11 10:00:00,CP-01,Running,59.96,29.0,6.91,458.43,30.78,84.12
2026-03-23 18:00:00,CP-04,Running,47.26,19.96,6.38,246.45,27.24,50.5
2026-02-04 08:00:00,CP-03,Running,55.18,27.85,6.97,428.88,31.74,85.82
2026-03-11 05:00:00,CP-05,Running,51.85,27.08,7.13,432.7,32.04,84.09
2026-02-14 01:00:00,CP-04,Running,49.09,21.4,6.62,340.06,31.87,64.67
2026-01-14 09:00:00,CP-03,Running,55.31,27.42,7.0,385.22,31.22,77.37
2026-03-20 16:00:00,CP-05,Stopped,28.75,12.54,6.72,30.92,26.1,6.13
2026-02-19 20:00:00,CP-04,Running,47.2,19.87,6.47,221.83,26.92,49.11
2026-02-05 17:00:00,CP-01,Running,51.88,24.11,6.52,338.45,28.05,65.54
2026-01-08 15:00:00,CP-02,Running,48.74,21.92,6.61,323.67,27.4,64.68
2026-03-25 23:00:00,CP-05,Running,51.56,26.48,6.84,375.47,30.35,76.29
2026-03-03 11:00:00,CP-01,Running,51.64,24.05,7.09,336.79,30.81,66.6
2026-03-19 13:00:00,CP-04,Running,50.51,22.04,6.55,339.51,30.12,65.06
2026-02-09 03:00:00,CP-01,Running,54.88,26.06,6.89,436.76,31.29,75.6
2026-02-18 20:00:00,CP-05,Stopped,29.14,12.55,6.8,3.92,24.47,0.81
2026-02-26 20:00:00,CP-03,Running,53.99,26.18,6.85,342.3,28.79,67.13
2026-03-02 23:00:00,CP-05,Running,49.36,25.19,6.94,382.2,30.5,73.34
2026-02-19 06:00:00,CP-04,Stopped,27.07,10.15,6.67,6.05,27.93,1.14
2026-03-16 16:00:00,CP-03,Running,50.26,24.24,6.91,317.02,29.08,64.7
2026-03-17 03:00:00,CP-02,Running,53.97,24.97,6.85,401.15,31.65,77.73
2026-03-11 18:00:00,CP-04,Running,45.09,18.94,6.44,262.03,28.22,48.21
2026-01-01 03:00:00,CP-03,Running,58.09,28.87,6.99,409.39,31.73,78.5
2026-03-07 16:00:00,CP-03,Running,55.95,27.52,6.74,395.38,29.27,73.77
2026-01-27 06:00:00,CP-01,Running,55.45,26.6,6.88,388.46,32.48,80.32
2026-02-03 18:00:00,CP-04,Running,47.59,20.34,6.35,276.39,27.4,55.7
2026-01-21 02:00:00,CP-02,Running,54.01,24.73,6.68,386.45,31.17,72.68
2026-03-07 11:00:00,CP-01,Running,50.88,23.83,6.72,363.45,28.87,69.18
2026-02-17 05:00:00,CP-03,Running,57.32,29.06,7.09,421.12,33.28,87.91
2026-01-21 23:00:00,CP-02,Running,52.54,24.07,6.73,372.54,29.92,72.97
2026-01-05 17:00:00,CP-01,Running,47.21,21.72,6.66,328.5,28.32,61.07
2026-02-06 20:00:00,CP-01,Running,54.2,25.09,6.62,340.88,27.97,63.92
2026-01-16 20:00:00,CP-05,Stopped,27.36,11.78,6.89,4.38,25.73,0.86
2026-02-19 22:00:00,CP-03,Running,52.74,25.85,6.88,345.16,30.52,72.1
2026-01-16 23:00:00,CP-02,Running,52.4,23.8,6.65,346.59,29.62,69.12
2026-03-01 17:00:00,CP-02,Running,45.03,19.7,6.56,237.79,28.17,52.11
2026-02-19 16:00:00,CP-03,Running,51.61,25.03,6.9,339.5,29.27,67.1
2026-02-03 22:00:00,CP-01,Running,50.31,23.31,6.53,331.11,28.23,64.33
2026-01-31 07:00:00,CP-01,Stopped,29.34,11.81,7.03,24.01,29.74,4.53
2026-02-10 20:00:00,CP-02,Running,52.81,23.84,6.54,355.32,28.86,66.33
2026-02-07 02:00:00,CP-02,Running,54.52,24.86,6.97,376.78,31.36,70.98
2026-01-17 08:00:00,CP-01,Running,56.26,26.79,6.88,376.54,31.1,76.74
2026-02-28 11:00:00,CP-02,Stopped,27.4,10.65,6.63,15.27,27.26,3.02
2026-03-02 19:00:00,CP-04,Running,47.91,20.63,6.51,309.84,28.48,59.16
2026-02-01 14:00:00,CP-04,Running,48.08,20.59,6.46,311.83,29.41,56.52
2026-01-16 04:00:00,CP-02,Running,53.22,24.54,6.7,364.94,30.23,76.15
2026-03-14 04:00:00,CP-04,Running,45.93,19.96,6.91,341.68,29.61,63.2
2026-03-28 12:00:00,CP-04,Running,46.74,19.97,6.54,273.81,29.25,55.64
2026-02-25 11:00:00,CP-05,Running,58.96,30.71,7.0,397.03,31.59,82.91
2026-01-16 12:00:00,CP-03,Running,53.23,26.29,6.91,404.91,30.43,75.58
2026-01-16 23:00:00,CP-04,Running,47.1,20.22,6.61,279.4,28.3,57.71
2026-03-01 08:00:00,CP-05,Running,58.21,31.05,7.22,490.84,32.46,94.2
2026-03-30 00:00:00,CP-05,Running,54.48,27.89,6.89,356.08,29.41,74.63
2026-01-02 20:00:00,CP-05,Running,52.1,26.53,6.9,367.27,28.0,72.14
2026-01-12 04:00:00,CP-01,Running,54.8,26.32,7.02,406.66,32.59,80.78
2026-02-20 11:00:00,CP-04,Running,47.74,20.75,6.54,304.44,29.17,63.37
2026-01-17 06:00:00,CP-02,Running,49.19,22.57,6.83,375.02,31.78,73.85
2026-03-20 09:00:00,CP-03,Stopped,29.11,12.24,6.91,31.22,28.81,6.38
2026-03-02 16:00:00,CP-03,Running,52.76,25.84,6.61,362.37,29.47,71.68
2026-03-03 11:00:00,CP-04,Running,49.58,21.56,6.73,313.88,29.89,63.53
2026-01-14 03:00:00,CP-04,Running,49.5,21.52,6.61,314.38,30.16,63.3
2026-02-27 03:00:00,CP-02,Running,48.79,22.2,6.95,372.51,31.26,69.85
2026-03-12 15:00:00,CP-05,Running,51.88,26.27,6.92,373.53,28.52,69.64
2026-01-13 16:00:00,CP-01,Stopped,29.98,12.02,6.66,15.46,25.09,3.01
2026-02-25 01:00:00,CP-01,Running,55.59,26.49,6.71,384.66,31.29,77.16
2026-02-19 10:00:00,CP-01,Running,50.65,23.7,6.86,330.08,31.55,68.63
2026-01-17 10:00:00,CP-02,Running,51.33,23.59,6.72,388.24,31.19,74.54
2026-02-17 00:00:00,CP-02,Running,46.74,20.77,6.65,296.06,29.65,59.28
2026-01-09 10:00:00,CP-05,Running,55.53,28.99,7.16,459.54,29.52,83.8
2026-01-09 18:00:00,CP-02,Running,48.79,21.83,6.59,319.51,27.48,62.26
2026-02-16 11:00:00,CP-01,Running,51.22,23.96,6.78,347.79,30.57,68.58
2026-03-26 11:00:00,CP-04,Running,52.97,23.03,6.54,316.93,29.72,63.52
2026-03-14 17:00:00,CP-03,Running,46.95,22.56,6.67,328.62,28.43,63.01
2026-03-27 01:00:00,CP-03,Running,52.76,25.73,6.97,337.94,28.28,69.72
2026-02-04 12:00:00,CP-01,Running,48.67,22.51,6.88,356.05,29.17,63.47
2026-03-10 08:00:00,CP-03,Running,53.16,26.46,6.99,382.97,30.78,79.12
2026-03-26 16:00:00,CP-01,Stopped,28.26,11.27,6.79,5.11,26.45,1.06
2026-02-21 20:00:00,CP-04,Running,42.56,18.08,6.54,257.39,28.6,52.99
2026-03-30 09:00:00,CP-03,Running,54.28,26.43,6.95,350.14,30.31,69.05
2026-02-15 14:00:00,CP-03,Running,49.74,23.95,6.97,322.29,29.63,63.88
2026-02-03 02:00:00,CP-04,Running,45.79,19.84,6.68,330.28,30.64,62.02
2026-02-07 10:00:00,CP-03,Running,52.72,26.04,7.02,397.36,31.55,75.7
2026-03-05 03:00:00,CP-01,Running,57.79,27.56,7.0,396.11,30.91,77.58
2026-03-13 00:00:00,CP-03,Stopped,27.04,11.19,6.95,0.7,26.8,0.12
2026-02-02 16:00:00,CP-01,Running,49.86,23.21,6.6,354.03,27.83,66.33
2026-03-01 14:00:00,CP-05,Running,53.8,27.61,6.71,384.02,30.05,75.93
2026-03-18 04:00:00,CP-02,Stopped,29.19,11.28,6.86,3.31,27.49,0.67
2026-03-28 20:00:00,CP-01,Running,51.62,24.25,6.81,361.67,29.21,70.59
2026-02-11 07:00:00,CP-01,Running,54.26,25.79,6.82,392.52,31.01,75.97
2026-02-16 18:00:00,CP-05,Running,52.44,26.34,6.89,318.78,29.16,66.01
2026-01-09 19:00:00,CP-05,Running,47.15,23.72,6.72,353.92,29.26,66.6
2026-01-23 06:00:00,CP-02,Running,52.24,24.09,6.89,373.16,31.54,76.08
2026-01-08 23:00:00,CP-04,Running,42.86,18.25,6.56,276.84,28.51,54.06
2026-01-14 10:00:00,CP-04,Running,48.46,21.11,6.79,311.07,30.21,64.41
2026-02-22 16:00:00,CP-01,Running,49.06,22.61,6.5,290.01,28.64,61.82
2026-01-18 13:00:00,CP-03,Running,52.84,26.03,6.92,348.55,30.43,74.38
2026-03-21 17:00:00,CP-04,Running,45.31,19.24,6.45,263.5,30.08,52.96
2026-02-05 12:00:00,CP-02,Running,53.19,24.14,6.65,368.3,30.48,68.62
2026-02-19 14:00:00,CP-04,Running,46.72,19.88,6.5,267.42,28.59,53.85
2026-01-09 01:00:00,CP-05,Running,58.83,30.43,6.98,431.98,30.17,79.63
2026-02-15 00:00:00,CP-04,Running,45.89,19.3,6.51,251.34,28.12,48.54
2026-02-24 02:00:00,CP-04,Running,48.03,21.08,6.69,307.43,31.33,67.72
2026-02-01 13:00:00,CP-05,Running,51.94,26.87,7.0,407.29,30.46,79.56
2026-02-21 16:00:00,CP-03,Running,47.4,22.58,6.63,296.38,27.84,59.0
2026-03-07 13:00:00,CP-04,Running,50.16,21.61,6.5,317.87,29.12,59.42
2026-02-23 12:00:00,CP-03,Running,59.03,29.45,7.07,376.96,30.83,80.35
2026-02-16 09:00:00,CP-03,Running,56.77,28.53,7.09,455.87,32.1,83.83
2026-03-11 05:00:00,CP-01,Running,57.58,27.68,7.0,419.02,31.77,81.37
2026-02-15 08:00:00,CP-04,Running,50.16,21.95,6.79,325.17,32.89,66.29
2026-02-07 01:00:00,CP-05,Running,55.33,28.58,7.12,416.59,29.89,78.86
2026-02-04 17:00:00,CP-03,Running,50.67,24.67,6.72,367.85,28.89,69.03
2026-01-04 11:00:00,CP-04,Running,47.79,20.91,6.76,356.42,30.2,66.35
2026-02-07 22:00:00,CP-04,Running,45.38,19.48,6.52,300.24,28.9,57.66
2026-03-01 18:00:00,CP-01,Running,46.42,21.0,6.55,275.06,28.59,53.42
2026-01-22 11:00:00,CP-01,Running,47.99,22.18,6.79,285.64,29.77,63.09
2026-01-19 18:00:00,CP-01,Running,50.0,22.8,6.69,292.98,28.79,57.1
2026-02-09 10:00:00,CP-02,Running,50.05,22.46,6.82,336.39,31.26,63.68
2026-03-03 18:00:00,CP-02,Running,48.05,21.54,6.67,328.24,29.43,63.02
2026-02-27 09:00:00,CP-05,Running,57.06,29.97,7.01,434.36,31.86,86.86
2026-01-13 11:00:00,CP-02,Running,49.11,22.24,6.72,364.76,30.87,67.67
2026-03-24 04:00:00,CP-04,Running,49.06,21.3,6.78,316.91,31.61,62.86
2026-01-12 16:00:00,CP-01,Running,50.46,23.48,6.65,346.24,27.61,66.1
2026-03-14 23:00:00,CP-02,Running,46.17,20.4,6.78,304.97,28.41,56.58
2026-01-22 16:00:00,CP-01,Stopped,28.76,11.5,6.71,8.55,25.39,1.79
2026-01-14 10:00:00,CP-03,Running,54.86,27.43,6.97,407.98,31.42,81.31
2026-01-05 15:00:00,CP-03,Running,49.66,24.26,6.71,396.76,29.26,70.48
2026-02-16 09:00:00,CP-02,Running,53.44,24.6,6.87,391.05,31.99,75.28
2026-02-04 23:00:00,CP-04,Running,44.87,19.3,6.6,324.19,28.19,58.63
2026-03-13 19:00:00,CP-03,Running,47.01,22.92,6.83,372.31,27.47,69.49
2026-03-29 21:00:00,CP-04,Running,46.85,19.78,6.46,244.07,28.63,50.23
2026-02-12 00:00:00,CP-03,Running,54.06,26.56,6.88,388.72,30.87,73.2
2026-01-31 01:00:00,CP-04,Running,54.24,23.89,6.74,338.34,31.37,69.4
2026-02-24 21:00:00,CP-05,Running,54.5,27.52,6.82,339.11,29.95,68.44
2026-02-21 12:00:00,CP-04,Running,50.0,21.89,6.52,344.75,31.32,66.49
2026-02-09 13:00:00,CP-05,Running,55.69,28.73,7.03,403.82,31.45,78.28
2026-02-24 01:00:00,CP-04,Running,49.91,21.79,6.5,315.47,30.23,65.3
2026-01-02 17:00:00,CP-03,Running,52.17,25.37,6.73,359.73,27.59,68.45
2026-01-19 03:00:00,CP-01,Running,52.16,25.04,6.91,386.17,31.09,80.73
2026-01-31 14:00:00,CP-04,Running,47.18,20.22,6.48,290.7,28.27,56.96
2026-01-03 08:00:00,CP-01,Running,55.24,26.34,7.06,399.02,32.04,77.42
2026-02-09 15:00:00,CP-02,Running,47.91,21.21,6.5,312.81,27.49,57.39
2026-03-05 13:00:00,CP-03,Running,47.74,23.0,6.91,326.43,29.33,64.1
2026-01-07 07:00:00,CP-02,Running,56.03,25.88,6.89,414.1,31.2,76.78
2026-01-08 08:00:00,CP-04,Stopped,28.51,10.71,6.68,9.61,27.72,1.77
2026-02-02 01:00:00,CP-05,Running,53.5,27.65,6.88,417.95,31.83,79.19
2026-03-21 21:00:00,CP-03,Running,48.54,23.17,6.93,279.13,29.75,59.88
2026-03-19 15:00:00,CP-05,Running,50.96,26.08,6.93,352.79,27.12,74.5
2026-01-17 19:00:00,CP-05,Running,49.92,25.1,6.83,335.32,29.1,66.37
2026-01-29 13:00:00,CP-02,Running,50.14,22.47,6.83,314.81,28.89,63.0
2026-02-18 19:00:00,CP-02,Running,47.79,21.34,6.46,289.87,28.09,61.4
2026-01-03 15:00:00,CP-02,Running,47.6,21.16,6.52,299.76,29.82,59.27
2026-03-21 05:00:00,CP-01,Running,52.94,25.26,6.97,369.83,31.18,77.77
2026-01-25 22:00:00,CP-05,Running,53.24,27.09,7.03,361.29,28.56,71.91
2026-02-07 09:00:00,CP-03,Running,55.83,27.91,7.08,432.63,31.02,81.34
2026-01-17 11:00:00,CP-02,Running,51.18,23.31,6.83,343.44,29.55,70.29
2026-01-26 05:00:00,CP-05,Running,55.46,28.87,7.14,426.5,32.83,82.55
2026-02-23 01:00:00,CP-03,Running,57.31,28.44,7.04,354.78,31.11,77.85
2026-02-13 08:00:00,CP-01,Running,53.29,25.04,7.02,360.33,32.3,70.7
2026-01-20 19:00:00,CP-01,Running,47.45,21.54,6.58,283.67,26.82,55.11
2026-03-06 01:00:00,CP-01,Running,51.97,24.51,6.85,346.66,31.14,72.47
2026-03-30 23:00:00,CP-01,Running,48.37,22.69,6.84,359.47,28.72,69.79
2026-01-11 07:00:00,CP-01,Running,59.73,28.66,6.79,416.06,31.61,80.47
2026-02-13 01:00:00,CP-04,Running,52.81,23.1,6.7,323.58,29.04,66.09
2026-03-03 05:00:00,CP-01,Running,53.03,24.82,6.92,343.75,31.32,68.91
2026-02-16 11:00:00,CP-05,Running,56.6,29.35,7.07,416.1,30.31,80.76
2026-03-28 16:00:00,CP-05,Running,51.68,26.3,6.74,332.67,27.91,71.91
2026-01-11 17:00:00,CP-03,Running,47.51,22.35,6.89,281.68,28.03,53.41
2026-03-19 04:00:00,CP-05,Running,55.63,29.44,6.97,460.77,31.52,90.41
2026-02-26 01:00:00,CP-03,Running,52.37,25.43,7.09,324.09,29.79,67.78
2026-02-12 02:00:00,CP-05,Running,53.71,27.79,7.17,379.22,30.45,79.64
2026-03-11 20:00:00,CP-01,Running,51.68,23.89,6.71,323.62,27.62,63.23
2026-01-15 14:00:00,CP-05,Running,52.39,26.81,6.95,372.62,28.92,74.49
2026-02-28 08:00:00,CP-02,Running,50.99,23.38,6.83,378.78,32.12,73.37
2026-02-11 12:00:00,CP-02,Running,49.07,21.95,6.68,327.55,28.9,61.99
2026-01-17 06:00:00,CP-01,Running,51.88,24.72,6.92,386.41,32.45,77.07
2026-01-05 15:00:00,CP-02,Running,45.1,20.14,6.51,321.15,28.54,61.48
2026-03-27 15:00:00,CP-04,Running,40.51,17.11,6.38,263.11,28.71,50.41
2026-02-23 05:00:00,CP-04,Running,51.6,22.51,6.65,292.89,31.73,64.91
2026-03-25 04:00:00,CP-05,Running,53.9,28.07,7.1,388.52,31.53,82.75
2026-01-21 12:00:00,CP-05,Running,55.07,28.69,6.99,413.53,29.83,82.99
2026-02-05 09:00:00,CP-04,Stopped,28.06,10.5,6.6,1.46,26.14,0.29
2026-01-12 17:00:00,CP-05,Running,53.61,27.19,6.94,378.05,27.93,70.48
2026-01-08 03:00:00,CP-05,Running,58.12,30.94,7.05,490.48,30.33,93.23
2026-03-13 15:00:00,CP-02,Running,48.29,21.37,6.55,283.11,28.52,57.23
2026-01-03 01:00:00,CP-05,Running,55.14,28.62,7.03,427.7,32.33,81.13
2026-02-06 17:00:00,CP-04,Running,50.47,21.83,6.47,322.91,28.5,61.1
2026-02-10 08:00:00,CP-01,Running,53.69,25.38,7.01,399.27,30.45,73.49
2026-03-23 16:00:00,CP-05,Running,57.01,29.04,6.92,360.68,29.03,72.46
2026-02-24 13:00:00,CP-03,Running,54.15,26.72,6.77,375.57,29.25,75.13
2026-01-01 22:00:00,CP-02,Running,51.34,23.3,6.53,351.32,28.29,68.68
2026-03-23 01:00:00,CP-03,Running,57.0,28.3,6.87,375.13,30.71,78.11
2026-02-27 09:00:00,CP-02,Stopped,26.23,10.31,6.81,36.39,28.85,7.3
2026-02-11 20:00:00,CP-04,Stopped,28.23,10.68,6.41,23.06,26.8,4.59
2026-01-16 06:00:00,CP-01,Stopped,29.59,12.0,6.98,37.31,28.05,7.51
2026-03-09 10:00:00,CP-05,Running,56.32,28.99,7.02,411.23,31.55,77.31
2026-02-19 00:00:00,CP-03,Running,50.33,24.61,6.83,364.66,29.26,70.96
2026-03-17 04:00:00,CP-05,Stopped,29.17,12.56,7.05,4.35,28.28,0.85
2026-01-17 13:00:00,CP-05,Running,54.63,28.3,6.92,414.36,29.23,80.3
2026-03-08 09:00:00,CP-04,Stopped,29.04,11.06,6.54,37.33,30.08,7.2
2026-03-20 18:00:00,CP-03,Running,49.8,23.88,6.85,304.03,26.72,62.11
2026-02-02 22:00:00,CP-03,Running,54.18,26.54,6.77,354.68,29.59,71.82
2026-01-24 20:00:00,CP-02,Running,45.06,19.73,6.57,238.25,27.69,52.63
2026-01-04 07:00:00,CP-04,Running,56.34,25.17,6.78,404.63,32.39,75.94
2026-03-18 22:00:00,CP-05,Running,51.83,26.34,7.04,347.48,29.37,71.3
2026-03-10 15:00:00,CP-03,Running,54.7,26.64,6.8,354.92,28.93,69.0
2026-02-14 04:00:00,CP-03,Running,57.78,28.54,7.1,344.92,32.12,75.65
2026-03-22 03:00:00,CP-04,Running,49.52,21.6,6.68,322.39,31.13,65.05
2026-02-19 11:00:00,CP-02,Running,50.6,23.07,6.68,347.06,31.48,70.82
2026-03-15 03:00:00,CP-01,Running,50.84,23.79,6.82,354.2,30.65,68.76
2026-03-13 09:00:00,CP-02,Running,50.34,22.86,6.77,356.52,32.54,68.98
2026-01-22 09:00:00,CP-01,Running,52.76,24.89,6.83,370.66,30.26,72.58
2026-02-14 17:00:00,CP-02,Running,48.18,21.45,6.63,302.86,29.31,60.1
2026-01-07 03:00:00,CP-04,Running,47.73,20.87,6.8,365.33,30.19,66.1
2026-01-14 23:00:00,CP-03,Running,51.43,25.2,6.92,365.12,30.58,71.94
2026-02-18 22:00:00,CP-05,Running,54.18,27.81,7.05,358.3,30.08,75.95
2026-02-16 19:00:00,CP-04,Running,45.36,19.41,6.57,271.1,27.77,56.23
2026-01-28 08:00:00,CP-01,Running,55.58,26.87,6.86,395.26,30.84,83.9
2026-01-22 14:00:00,CP-03,Running,49.75,24.03,6.82,316.85,30.15,65.34
2026-03-29 20:00:00,CP-04,Running,49.03,20.97,6.6,286.83,28.72,56.02
2026-02-24 16:00:00,CP-03,Running,51.37,24.74,6.78,316.47,28.13,63.94
2026-03-29 14:00:00,CP-01,Running,47.62,22.01,6.77,322.08,29.58,63.27
2026-03-24 16:00:00,CP-03,Running,51.96,25.23,6.78,318.65,27.64,67.76
2026-02-06 21:00:00,CP-03,Running,51.85,25.26,6.71,363.17,29.25,69.19
2026-02-18 21:00:00,CP-04,Running,46.43,20.09,6.43,298.47,28.47,61.25
2026-03-06 08:00:00,CP-02,Running,58.66,27.04,6.75,399.7,32.34,75.97
2026-02-28 03:00:00,CP-01,Running,52.02,24.29,6.91,340.78,31.58,67.79
2026-03-23 13:00:00,CP-03,Running,54.62,26.97,6.87,357.42,28.47,75.52
2026-02-09 11:00:00,CP-02,Stopped,28.47,11.03,6.71,7.96,28.2,1.58
2026-01-11 05:00:00,CP-02,Running,52.48,23.96,6.85,383.16,31.35,71.48
2026-02-13 12:00:00,CP-03,Stopped,32.56,13.65,6.89,25.77,28.16,5.25
2026-03-28 02:00:00,CP-03,Running,53.55,26.72,6.9,398.29,31.07,80.43
2026-02-26 05:00:00,CP-05,Stopped,26.54,11.46,7.05,9.11,28.7,1.79
2026-01-01 01:00:00,CP-02,Running,53.02,24.07,6.58,357.05,29.68,68.91
2026-01-07 01:00:00,CP-02,Running,49.38,22.59,6.81,388.49,28.73,72.44
2026-03-14 15:00:00,CP-01,Running,51.64,24.37,6.76,379.53,29.34,72.57
2026-02-28 15:00:00,CP-01,Running,55.05,25.6,6.72,333.38,27.72,65.88
2026-03-05 02:00:00,CP-03,Running,58.52,29.32,6.98,438.6,32.12,82.3
2026-02-24 10:00:00,CP-05,Running,54.47,28.13,7.05,385.16,29.55,78.8
2026-02-23 17:00:00,CP-02,Running,49.6,22.02,6.53,275.73,27.75,58.8
2026-03-22 23:00:00,CP-05,Running,54.16,28.06,7.06,403.77,30.92,80.36
2026-01-18 10:00:00,CP-02,Running,47.33,21.43,6.7,327.29,30.93,67.55
2026-01-29 14:00:00,CP-02,Stopped,27.66,10.78,6.75,19.04,25.85,3.81
2026-01-01 13:00:00,CP-02,Running,49.36,22.02,6.67,292.17,29.81,60.89
2026-02-16 20:00:00,CP-03,Running,50.78,24.6,6.66,320.28,27.6,66.71
2026-03-16 05:00:00,CP-03,Running,54.88,27.21,7.07,389.72,31.41,77.46
2026-02-12 22:00:00,CP-03,Running,55.53,27.35,6.81,396.79,29.94,74.27
2026-02-27 08:00:00,CP-03,Running,58.58,29.06,7.04,391.19,32.83,77.64
2026-03-17 13:00:00,CP-02,Running,50.02,22.44,6.64,316.78,29.84,63.44
2026-01-08 22:00:00,CP-05,Running,55.42,28.6,6.98,402.13,29.64,78.5
2026-01-17 19:00:00,CP-04,Running,47.8,20.52,6.45,308.33,28.62,57.67
2026-03-15 10:00:00,CP-05,Running,57.65,30.35,7.12,450.23,31.86,87.9
2026-02-12 00:00:00,CP-04,Running,46.51,20.04,6.64,316.64,29.82,59.37
2026-03-11 12:00:00,CP-03,Running,51.37,25.2,6.84,387.37,29.04,72.43
2026-03-10 07:00:00,CP-02,Running,54.24,25.06,6.95,414.18,32.49,76.91
2026-02-03 07:00:00,CP-04,Running,51.33,22.85,6.61,376.14,32.11,74.4
2026-02-25 05:00:00,CP-03,Running,53.47,26.38,7.0,366.6,30.94,75.0
2026-01-11 18:00:00,CP-05,Running,52.96,27.02,6.96,410.26,29.74,73.18
2026-01-16 13:00:00,CP-02,Running,50.49,22.46,6.57,311.78,28.78,59.73
2026-01-23 10:00:00,CP-05,Running,56.79,29.76,7.07,418.65,30.6,85.75
2026-03-07 06:00:00,CP-02,Running,54.07,24.84,6.86,387.54,32.38,74.33
2026-01-15 19:00:00,CP-02,Running,49.59,22.22,6.57,296.49,30.71,62.89
2026-03-30 19:00:00,CP-01,Running,51.28,23.61,6.64,298.36,28.3,61.37
2026-01-13 20:00:00,CP-03,Running,49.31,23.75,6.75,331.31,28.97,63.95
2026-01-07 10:00:00,CP-05,Running,54.25,28.16,7.11,434.71,31.36,81.14
2026-01-07 07:00:00,CP-05,Running,61.03,32.26,7.12,439.67,31.63,89.89
2026-01-23 05:00:00,CP-02,Running,51.13,23.38,6.92,353.16,30.53,72.18
2026-03-17 19:00:00,CP-04,Running,45.45,19.21,6.3,258.79,27.23,50.92
2026-01-04 20:00:00,CP-01,Running,51.37,23.86,6.59,325.41,29.48,65.46
2026-03-23 11:00:00,CP-04,Running,47.31,20.46,6.58,335.92,28.97,61.16
2026-02-26 13:00:00,CP-03,Running,51.93,25.47,6.88,347.06,29.03,72.35
2026-02-27 09:00:00,CP-03,Running,56.01,27.88,6.99,391.75,31.58,79.16
2026-03-13 15:00:00,CP-01,Running,47.11,21.74,6.67,328.75,28.56,62.4
2026-01-26 04:00:00,CP-02,Running,54.86,25.44,6.84,396.05,32.18,78.62
2026-02-04 04:00:00,CP-03,Running,60.34,30.72,6.9,477.38,32.37,90.01
2026-01-18 14:00:00,CP-02,Stopped,28.36,11.07,6.56,23.55,27.49,4.71
2026-01-20 10:00:00,CP-04,Running,52.93,23.26,6.62,358.68,31.96,68.22
2026-01-21 15:00:00,CP-03,Running,49.54,24.28,6.71,351.89,30.26,72.0
2026-02-25 17:00:00,CP-03,Running,50.11,24.39,6.67,354.45,28.05,68.8
2026-02-14 11:00:00,CP-05,Running,57.57,29.92,7.07,416.05,31.97,81.85
2026-01-15 15:00:00,CP-05,Stopped,28.62,12.5,6.96,32.72,25.74,6.57
2026-01-30 22:00:00,CP-02,Running,46.93,20.96,6.62,321.02,29.22,61.4
2026-03-09 23:00:00,CP-02,Running,56.81,26.18,6.68,396.31,29.01,75.75
2026-01-01 09:00:00,CP-02,Running,45.61,20.25,6.72,280.74,31.94,58.69
2026-01-13 23:00:00,CP-04,Running,45.73,19.72,6.54,285.57,29.84,59.68
2026-01-28 18:00:00,CP-03,Running,49.23,23.72,6.81,315.33,27.72,64.17
2026-02-23 06:00:00,CP-05,Running,57.31,30.02,7.21,425.43,32.73,85.51
2026-03-18 09:00:00,CP-02,Running,51.25,23.29,6.85,347.79,31.0,69.26
2026-01-06 07:00:00,CP-05,Running,55.39,28.7,6.93,440.03,32.91,80.46
2026-03-22 23:00:00,CP-02,Running,46.28,20.7,6.61,311.58,29.43,62.15
2026-02-26 10:00:00,CP-05,Running,55.18,28.64,6.99,366.76,30.42,81.23
2026-03-15 13:00:00,CP-04,Running,49.05,21.16,6.45,319.9,29.53,60.0
2026-03-10 06:00:00,CP-02,Running,56.3,26.04,6.92,419.76,30.78,77.5
2026-03-15 00:00:00,CP-01,Running,49.84,23.46,6.68,360.99,31.43,71.42
2026-01-09 08:00:00,CP-03,Running,55.06,27.51,7.05,419.4,33.44,81.06
2026-02-01 02:00:00,CP-04,Running,47.5,20.55,6.54,327.17,30.21,61.29
2026-02-20 04:00:00,CP-04,Running,51.17,22.33,6.75,329.16,30.51,65.08
2026-03-25 03:00:00,CP-05,Running,54.44,28.06,7.12,385.18,33.12,77.8
2026-03-05 07:00:00,CP-01,Running,57.73,27.75,7.01,424.24,31.47,81.25
2026-02-21 07:00:00,CP-03,Running,55.93,28.03,7.06,405.59,31.06,82.42
2026-01-25 14:00:00,CP-03,Running,55.06,27.36,6.9,401.91,30.42,78.55
2026-03-18 03:00:00,CP-04,Running,47.29,20.57,6.71,291.76,31.59,63.61
2026-02-03 04:00:00,CP-03,Running,54.33,27.23,7.06,445.85,31.39,82.5
2026-02-28 14:00:00,CP-03,Running,57.54,28.5,6.83,395.37,30.82,76.95
2026-02-10 00:00:00,CP-05,Running,52.52,26.95,6.94,407.04,29.05,75.82
2026-01-07 09:00:00,CP-02,Running,55.11,25.43,6.95,390.2,30.8,76.41
2026-03-23 23:00:00,CP-05,Running,54.24,28.02,6.97,383.87,29.36,78.91
2026-01-19 06:00:00,CP-05,Running,59.23,31.09,7.1,421.81,32.91,86.48
2026-02-07 18:00:00,CP-05,Running,46.21,22.97,6.86,340.01,28.49,61.32
2026-01-04 15:00:00,CP-04,Running,48.8,20.93,6.42,289.68,28.6,57.24
2026-03-26 12:00:00,CP-04,Running,48.87,21.13,6.61,311.28,28.31,60.99
2026-02-19 13:00:00,CP-02,Running,49.79,22.36,6.77,332.72,29.52,63.91
2026-03-15 01:00:00,CP-05,Running,52.3,27.11,7.05,423.55,32.48,80.52
2026-01-29 08:00:00,CP-02,Running,53.53,24.67,6.88,383.28,31.96,75.82
2026-02-28 13:00:00,CP-01,Running,48.41,22.63,6.72,346.88,29.71,68.34
2026-01-25 16:00:00,CP-03,Running,55.46,27.21,6.79,350.92,30.1,72.58
2026-01-02 16:00:00,CP-05,Running,53.82,27.7,6.93,386.02,29.61,77.13
2026-01-13 15:00:00,CP-02,Running,48.39,21.48,6.46,294.5,27.65,58.64
2026-02-24 08:00:00,CP-04,Running,50.32,22.05,6.69,367.65,30.15,66.96
2026-01-11 14:00:00,CP-03,Running,57.49,28.61,6.68,404.48,29.09,79.16
2026-03-01 05:00:00,CP-03,Running,55.68,27.81,7.07,434.34,33.76,80.83
2026-02-06 13:00:00,CP-03,Running,56.5,27.88,6.7,393.75,29.45,75.16
2026-01-08 06:00:00,CP-05,Running,57.67,30.29,7.16,485.18,33.8,86.8
2026-02-04 17:00:00,CP-01,Running,57.22,26.89,6.68,371.89,29.04,70.76
2026-02-27 21:00:00,CP-02,Running,43.88,19.57,6.54,319.84,29.42,60.83
2026-01-17 18:00:00,CP-05,Running,50.43,25.7,6.77,353.92,28.54,72.6
2026-02-19 09:00:00,CP-02,Running,53.95,24.81,6.79,368.16,32.24,74.71
2026-03-28 11:00:00,CP-01,Running,52.37,24.33,6.83,338.1,30.16,65.54
2026-03-12 02:00:00,CP-05,Running,60.49,32.07,6.94,492.76,31.93,91.28
2026-01-02 04:00:00,CP-02,Running,51.06,23.25,7.01,359.2,32.62,70.19
2026-02-13 18:00:00,CP-02,Running,45.9,20.41,6.64,322.54,28.27,59.44
2026-01-31 11:00:00,CP-04,Running,51.87,22.69,6.8,355.91,30.93,66.31
2026-03-21 05:00:00,CP-04,Running,56.84,25.29,6.85,367.22,31.4,74.04
2026-02-16 03:00:00,CP-05,Running,57.27,30.26,7.08,446.65,32.25,89.66
2026-02-07 21:00:00,CP-05,Running,51.58,26.11,6.97,370.04,28.31,69.44
2026-02-28 19:00:00,CP-03,Running,55.01,26.71,6.73,345.66,29.63,67.77
2026-02-13 00:00:00,CP-01,Running,54.61,25.67,6.89,347.71,30.81,70.8
2026-02-14 01:00:00,CP-05,Running,53.62,27.59,6.89,395.21,29.64,77.1
2026-03-18 21:00:00,CP-05,Running,51.22,25.73,6.97,327.96,29.32,66.02
2026-01-08 05:00:00,CP-01,Running,53.63,25.81,7.05,434.62,33.14,81.92
2026-01-14 08:00:00,CP-05,Running,57.75,30.26,7.19,,31.91,85.61
2026-01-12 13:00:00,CP-05,Running,50.15,25.66,6.88,362.32,28.95,74.45
2026-03-07 12:00:00,CP-03,Running,52.29,25.57,7.0,384.44,30.57,70.88
2026-01-07 03:00:00,CP-02,Running,52.32,23.62,6.64,366.25,30.42,66.37
2026-02-19 04:00:00,CP-03,Running,54.72,27.68,6.89,422.85,32.24,86.84
2026-03-18 11:00:00,CP-01,Stopped,28.84,11.52,6.91,8.29,27.38,1.66
2026-01-15 04:00:00,CP-01,Running,54.12,25.62,6.83,399.24,31.25,74.16
2026-01-08 03:00:00,CP-01,Running,52.09,24.69,6.99,386.65,29.16,74.71
2026-01-25 04:00:00,CP-03,Running,52.68,25.96,7.07,358.88,32.35,74.56
2026-03-15 15:00:00,CP-03,Running,54.01,26.68,6.73,390.55,30.54,75.75
2026-01-14 14:00:00,CP-05,Running,55.01,28.41,6.87,412.34,29.01,78.89
2026-03-30 17:00:00,CP-04,Stopped,28.38,10.77,6.63,28.47,25.4,5.82
2026-02-27 18:00:00,CP-03,Running,50.89,24.8,6.69,353.8,28.11,69.36
2026-03-27 11:00:00,CP-03,Running,55.75,27.89,6.95,422.62,30.89,81.65
2026-01-02 21:00:00,CP-05,Running,51.13,25.86,7.02,373.8,30.24,69.17
2026-02-25 23:00:00,CP-02,Running,48.54,21.7,6.72,295.87,27.66,61.91
2026-01-07 10:00:00,CP-03,Running,54.69,27.01,6.94,421.72,30.75,75.64
2026-02-18 21:00:00,CP-03,Stopped,33.37,14.07,6.67,37.42,25.09,7.56
2026-01-05 23:00:00,CP-05,Running,55.03,28.44,6.95,416.8,29.33,79.21
2026-01-19 04:00:00,CP-05,Running,56.84,29.7,7.24,411.38,32.51,84.28
2026-01-30 02:00:00,CP-05,Stopped,26.04,11.22,7.05,5.71,27.08,1.17
2026-02-11 01:00:00,CP-04,Running,48.79,21.35,6.6,359.42,31.17,66.44
2026-01-03 20:00:00,CP-02,Running,50.37,22.42,6.57,308.12,29.15,59.84
2026-02-10 15:00:00,CP-03,Running,47.72,23.29,6.79,369.61,28.39,70.06
2026-01-26 11:00:00,CP-02,Running,51.17,23.4,6.57,349.19,30.84,72.13
2026-02-01 04:00:00,CP-02,Running,58.36,26.99,6.85,397.1,31.68,77.43
2026-01-07 21:00:00,CP-01,Running,49.33,23.01,6.69,361.59,28.32,67.3
2026-03-22 17:00:00,CP-01,Running,44.34,20.36,6.58,290.23,28.6,60.14
2026-03-25 17:00:00,CP-02,Running,49.62,22.18,6.46,281.48,27.68,61.82
2026-02-26 17:00:00,CP-04,Running,47.19,20.14,6.35,279.46,27.72,55.02
2026-02-21 13:00:00,CP-04,Running,45.71,19.49,6.6,260.48,30.29,54.79
2026-03-20 07:00:00,CP-01,Running,53.9,25.46,6.96,362.43,30.8,73.11
2026-01-15 11:00:00,CP-03,Running,54.27,26.97,6.86,400.16,30.42,78.55
2026-02-13 22:00:00,CP-01,Running,47.81,21.83,6.69,285.76,28.17,57.67
2026-01-28 02:00:00,CP-05,Running,55.76,29.0,7.05,416.06,31.66,82.12
2026-03-10 18:00:00,CP-01,Running,54.2,25.11,6.53,359.23,,64.13
2026-02-19 00:00:00,CP-02,Running,49.21,22.19,6.69,339.16,30.59,65.77
2026-01-26 04:00:00,CP-01,Running,52.4,24.77,7.01,377.26,31.98,73.56
2026-01-09 05:00:00,CP-05,Running,58.09,30.64,7.14,453.77,31.46,88.75
2026-03-11 19:00:00,CP-05,Running,48.33,24.31,6.83,360.62,27.89,66.63
2026-01-24 20:00:00,CP-05,Running,60.1,30.94,6.8,377.9,29.57,77.38
2026-02-06 12:00:00,CP-04,Running,48.48,20.83,6.64,320.28,30.72,58.11
2026-03-08 08:00:00,CP-02,Running,50.11,22.81,6.87,400.91,32.51,69.97
2026-03-11 13:00:00,CP-04,Running,46.32,20.11,6.66,325.91,29.57,62.67
2026-01-18 03:00:00,CP-05,Stopped,27.28,11.79,7.04,10.67,29.4,2.15
2026-03-26 12:00:00,CP-02,Running,46.82,20.91,6.8,299.92,30.35,61.32
2026-01-07 11:00:00,CP-01,Running,52.11,24.66,6.74,407.09,29.97,74.03
2026-03-13 01:00:00,CP-01,Running,49.15,22.79,6.8,309.97,30.6,64.64
2026-01-28 17:00:00,CP-01,Running,47.5,21.61,6.69,288.67,27.43,56.03
2026-03-09 06:00:00,CP-04,Running,51.05,22.72,6.68,377.99,31.84,74.15
2026-02-06 01:00:00,CP-05,Running,57.6,30.1,7.02,461.24,31.4,84.35
2026-03-31 12:00:00,CP-04,Running,49.71,21.39,6.64,308.43,29.58,58.88
2026-02-06 01:00:00,CP-04,Running,51.48,22.24,6.71,308.52,30.64,60.56
2026-02-07 02:00:00,CP-01,Running,54.3,25.73,6.9,406.21,31.9,74.44
2026-01-20 18:00:00,CP-04,Running,45.25,19.28,6.19,264.86,29.63,54.29
2026-01-08 04:00:00,CP-02,Running,54.6,24.91,6.75,366.15,32.53,71.11
2026-01-03 19:00:00,CP-01,Running,52.06,24.39,6.68,357.03,28.4,69.35
2026-03-21 16:00:00,CP-03,Running,47.09,22.52,6.76,301.29,28.37,60.77
2026-02-24 00:00:00,CP-03,Running,50.05,24.68,6.99,368.72,30.41,74.82
2026-01-19 03:00:00,CP-02,Running,52.85,23.95,6.83,332.51,31.28,68.08
2026-02-14 18:00:00,CP-03,Running,51.03,24.77,6.83,346.24,27.83,67.56
2026-03-18 05:00:00,CP-01,Running,54.85,26.01,6.96,392.58,31.72,74.97
2026-01-13 04:00:00,CP-04,Running,51.45,22.74,6.72,383.42,32.07,71.08
2026-02-16 02:00:00,CP-04,Running,46.48,20.01,6.72,298.05,30.97,59.1
2026-01-19 01:00:00,CP-04,Running,45.87,19.61,6.59,269.07,31.72,55.88
2026-02-09 18:00:00,CP-02,Running,48.31,21.47,6.58,320.84,27.75,59.07
2026-01-12 23:00:00,CP-05,Running,51.44,26.17,6.96,376.33,29.44,71.86
2026-02-11 01:00:00,CP-01,Running,50.74,24.04,6.92,400.73,30.98,74.5
2026-01-30 10:00:00,CP-01,Running,60.32,29.21,6.99,428.17,30.61,84.82
2026-03-09 09:00:00,CP-02,Running,49.2,22.46,6.74,379.12,30.64,71.37
2026-03-24 18:00:00,CP-03,Running,46.23,22.14,6.71,318.45,29.47,61.35
2026-01-18 19:00:00,CP-05,Running,48.44,24.49,6.9,339.3,28.28,68.98
2026-03-06 19:00:00,CP-02,Running,47.81,21.22,6.53,287.73,28.43,58.59
2026-02-10 10:00:00,CP-02,Stopped,29.51,11.51,6.79,22.85,27.48,4.35
2026-02-23 17:00:00,CP-01,Running,47.19,21.53,6.58,290.05,27.49,57.21
2026-02-25 16:00:00,CP-04,Running,46.0,19.61,6.6,283.31,27.69,54.68
2026-02-20 21:00:00,CP-05,Running,52.15,26.68,6.83,359.53,30.13,74.37
2026-01-31 15:00:00,CP-05,Running,54.92,27.98,6.91,362.39,29.37,72.41
2026-02-26 08:00:00,CP-04,Running,53.58,23.77,6.63,326.12,30.26,72.74
2026-02-22 20:00:00,CP-04,Running,45.19,18.97,6.5,231.9,29.12,47.85
2026-03-27 12:00:00,CP-01,Running,55.87,26.58,6.86,392.57,30.02,76.45
2026-02-23 18:00:00,CP-04,Running,42.9,18.14,6.44,237.46,26.91,50.98
2026-01-31 14:00:00,CP-01,Running,52.33,24.72,6.68,377.89,29.3,73.13
2026-01-21 20:00:00,CP-05,Running,52.3,26.41,6.9,327.55,29.53,68.42
2026-02-21 22:00:00,CP-03,Running,52.84,25.87,6.79,334.62,29.77,71.6
2026-01-11 06:00:00,CP-02,Running,52.57,24.05,6.75,406.61,31.13,72.39
2026-01-09 07:00:00,CP-01,Stopped,28.48,11.39,6.98,12.21,29.02,2.15
2026-03-18 20:00:00,CP-03,Running,52.4,25.8,6.71,357.03,30.05,74.22
2026-03-30 23:00:00,CP-05,Running,49.82,25.41,6.76,354.49,30.78,73.06
2026-03-13 02:00:00,CP-04,Running,48.4,20.7,6.65,309.04,29.92,56.12
2026-03-09 16:00:00,CP-02,Running,52.34,23.3,6.66,309.94,27.55,59.88
2026-01-18 06:00:00,CP-01,Running,52.09,24.8,6.86,363.89,31.12,76.76
2026-01-14 07:00:00,CP-03,Running,59.08,29.95,6.87,459.71,33.0,87.91
2026-03-15 18:00:00,CP-01,Running,42.81,19.38,6.64,267.07,28.28,53.81
2026-01-07 09:00:00,CP-01,Running,50.12,23.69,6.81,370.48,31.89,73.28
2026-03-18 02:00:00,CP-02,Running,51.51,23.59,6.71,331.72,31.51,72.82
2026-03-01 09:00:00,CP-02,Stopped,29.26,11.42,6.78,21.16,28.23,4.51
2026-03-23 02:00:00,CP-01,Running,54.7,26.36,6.72,435.75,31.52,82.45
2026-02-03 16:00:00,CP-02,Running,50.57,22.44,6.58,317.32,28.2,58.59
2026-02-28 06:00:00,CP-03,Running,56.73,28.41,7.03,442.42,31.22,81.99
2026-01-10 17:00:00,CP-03,Running,47.04,22.68,6.84,355.11,27.9,64.59
2026-03-31 15:00:00,CP-01,Running,47.61,21.69,6.7,280.44,28.05,56.58
2026-02-04 09:00:00,CP-05,Running,55.46,28.93,7.24,440.68,32.17,83.59
2026-01-20 21:00:00,CP-01,Running,48.86,22.36,6.62,283.22,29.14,58.72
2026-01-25 13:00:00,CP-05,Running,52.43,27.23,6.88,415.38,30.16,81.44
2026-02-10 15:00:00,CP-04,Running,45.76,19.38,6.58,271.35,28.38,51.69
2026-01-29 09:00:00,CP-03,Running,53.06,26.41,7.06,434.26,30.91,79.14
2026-02-10 12:00:00,CP-05,Running,55.51,28.4,7.06,392.33,30.65,74.36
2026-02-27 08:00:00,CP-04,Running,50.88,22.53,6.87,367.14,31.77,71.77
2026-02-11 17:00:00,CP-02,Running,47.17,20.79,6.53,292.22,28.57,55.51
2026-02-23 19:00:00,CP-05,Running,49.84,25.18,6.85,333.47,28.05,68.66
2026-02-12 04:00:00,CP-03,Running,53.48,26.51,6.99,399.23,31.29,77.35
2026-02-10 02:00:00,CP-01,Running,53.38,25.13,6.81,382.85,30.78,71.53
2026-01-15 11:00:00,CP-02,Running,54.27,25.02,6.65,368.68,31.4,76.07
2026-03-18 18:00:00,CP-01,Running,47.9,21.8,6.58,291.47,26.96,56.19
2026-03-01 05:00:00,CP-04,Stopped,30.05,11.38,6.82,25.23,29.38,5.05
2026-01-01 07:00:00,CP-02,Running,55.34,25.5,6.89,390.06,33.01,75.79
2026-01-02 06:00:00,CP-04,Running,50.98,22.54,6.83,387.88,32.08,71.03
2026-03-20 07:00:00,CP-05,Running,60.52,32.14,7.21,475.04,32.62,92.02
2026-02-24 04:00:00,CP-01,Running,59.59,28.6,6.99,431.14,32.51,80.54
2026-02-01 04:00:00,CP-04,Stopped,30.42,11.39,6.75,2.85,28.12,0.51
2026-02-06 21:00:00,CP-04,Running,48.45,20.88,6.6,317.98,27.07,59.57
2026-02-14 15:00:00,CP-04,Running,47.12,19.92,6.52,265.87,27.77,50.91
2026-01-06 11:00:00,CP-03,Running,53.53,26.56,6.92,400.92,30.81,77.75
2026-01-28 23:00:00,CP-05,Running,53.6,27.45,6.93,378.79,30.32,74.87
2026-03-09 17:00:00,CP-03,Stopped,27.23,11.37,6.78,20.38,27.09,3.73
2026-03-29 22:00:00,CP-04,Running,47.56,20.36,6.51,265.56,28.79,56.53
2026-01-05 19:00:00,CP-05,Running,48.89,24.58,6.69,341.72,28.35,66.35
2026-03-24 10:00:00,CP-02,Running,50.31,22.78,6.71,330.99,30.74,67.67
2026-01-18 00:00:00,CP-02,Running,46.81,21.24,6.59,338.61,29.85,68.68
2026-02-21 01:00:00,CP-03,Stopped,27.81,11.63,6.93,19.92,27.37,4.14
2026-02-07 11:00:00,CP-03,Running,53.71,26.48,6.97,404.83,30.99,74.67
2026-01-12 12:00:00,CP-04,Running,51.21,22.28,6.61,312.51,29.54,63.7
2026-03-01 10:00:00,CP-04,Running,50.89,22.38,6.69,358.3,31.4,68.61
2026-03-28 23:00:00,CP-03,Running,51.43,25.25,6.92,360.08,30.22,72.83
2026-03-31 05:00:00,CP-05,Running,56.43,29.46,7.14,430.47,32.44,83.97
2026-03-17 16:00:00,CP-05,Running,52.94,26.86,6.96,342.32,28.15,70.55
2026-01-27 12:00:00,CP-03,Running,53.72,26.4,6.79,370.8,29.76,73.25
2026-03-13 22:00:00,CP-05,Running,52.4,26.65,6.96,370.04,29.74,71.71
2026-03-26 11:00:00,CP-05,Running,59.02,30.61,6.93,400.88,31.01,80.82
2026-03-11 19:00:00,CP-04,Stopped,27.08,10.17,6.54,8.36,24.99,1.63
2026-02-24 08:00:00,CP-01,Running,50.71,24.24,6.97,369.59,30.59,78.6
2026-01-09 02:00:00,CP-04,Running,47.8,20.56,6.79,302.53,29.65,58.52
2026-02-11 05:00:00,CP-05,Running,56.58,29.47,7.2,447.61,31.58,82.88
2026-02-05 11:00:00,CP-01,Running,52.81,24.92,6.89,405.74,29.73,72.64
2026-01-31 22:00:00,CP-02,Running,46.13,20.7,6.76,340.84,28.46,63.44
2026-03-31 05:00:00,CP-01,Running,53.25,25.01,6.85,349.01,32.25,70.43
2026-03-20 17:00:00,CP-01,Running,50.2,23.2,6.58,337.07,27.99,63.2
2026-03-17 21:00:00,CP-03,Running,52.17,25.63,6.81,401.78,31.02,73.22
2026-02-28 00:00:00,CP-01,Running,53.49,25.56,6.85,380.0,30.91,78.59
2026-01-19 10:00:00,CP-04,Running,49.68,21.77,6.65,318.86,30.54,67.11
2026-01-16 06:00:00,CP-03,Running,55.2,27.86,7.06,433.89,31.98,85.89
2026-03-22 02:00:00,CP-02,Running,52.98,24.03,6.68,342.05,30.97,68.35
2026-01-12 01:00:00,CP-01,Running,53.68,25.46,6.81,391.1,29.42,74.92
2026-03-29 06:00:00,CP-01,Running,60.35,28.87,6.97,412.89,31.81,78.98
2026-01-18 03:00:00,CP-03,Stopped,28.55,12.03,7.03,33.69,28.75,7.14
2026-02-22 07:00:00,CP-02,Running,52.64,24.43,6.7,382.79,32.19,78.96
2026-01-30 12:00:00,CP-03,Running,50.89,24.95,6.91,365.63,30.7,72.23
2026-01-13 03:00:00,CP-05,Running,57.48,30.07,7.16,466.38,32.4,84.94
2026-01-10 07:00:00,CP-02,Running,50.01,22.74,6.88,344.95,30.7,69.62
2026-03-20 16:00:00,CP-04,Running,45.95,19.45,6.44,247.65,28.04,51.44
2026-01-15 00:00:00,CP-03,Running,53.85,26.41,6.94,358.53,29.75,72.4
2026-03-01 01:00:00,CP-05,Running,53.21,27.56,7.0,409.4,29.79,80.19
2026-01-05 22:00:00,CP-04,Running,49.23,21.08,6.42,303.99,30.35,56.61
2026-01-28 16:00:00,CP-02,Running,48.71,21.75,6.47,311.04,28.29,61.3
2026-03-09 14:00:00,CP-02,Running,48.16,21.5,6.57,323.07,29.83,61.23
2026-01-10 04:00:00,CP-02,Running,51.05,23.24,6.82,373.89,31.6,70.1
2026-02-10 19:00:00,CP-03,Running,49.85,23.85,6.9,326.31,29.88,60.91
2026-03-12 20:00:00,CP-04,Running,43.37,18.16,6.46,247.26,26.8,46.61
2026-03-25 10:00:00,CP-01,Running,51.17,23.96,6.84,342.55,31.11,69.08
2026-01-21 20:00:00,CP-01,Running,53.94,25.3,6.74,350.27,28.61,69.88
2026-01-06 17:00:00,CP-04,Running,45.54,19.36,6.52,261.61,29.26,53.29
2026-01-05 07:00:00,CP-04,Running,52.63,23.22,6.73,368.85,31.26,70.06
2026-01-23 17:00:00,CP-04,Running,43.12,18.09,6.5,238.71,28.59,47.6
2026-02-18 15:00:00,CP-03,Running,50.89,24.76,6.84,331.91,27.46,68.55
2026-02-24 20:00:00,CP-03,Stopped,29.94,12.48,6.8,14.99,25.87,2.91
2026-01-22 11:00:00,CP-05,Running,58.72,30.45,7.09,390.78,31.17,80.73
2026-03-01 19:00:00,CP-03,Running,50.6,24.56,6.82,375.46,28.45,67.47
2026-03-12 17:00:00,CP-02,Running,49.21,22.15,6.69,344.94,29.08,64.82
2026-01-27 14:00:00,CP-01,Running,46.59,21.15,6.76,284.41,27.83,55.03
2026-03-26 18:00:00,CP-05,Running,52.34,26.69,6.81,369.84,29.11,72.97
2026-01-25 11:00:00,CP-05,Stopped,30.27,13.15,6.92,21.5,27.81,4.24
2026-01-24 16:00:00,CP-04,Running,44.1,18.63,6.48,237.61,28.14,50.62
2026-01-11 03:00:00,CP-04,Running,44.82,19.36,6.75,314.86,30.9,60.61
2026-03-26 06:00:00,CP-04,Running,53.54,23.53,6.74,346.41,32.52,68.39
2026-03-01 05:00:00,CP-02,Running,53.13,24.24,6.9,350.23,32.23,71.16
2026-02-13 17:00:00,CP-04,Running,43.48,18.5,6.46,267.34,29.14,53.73
2026-02-10 16:00:00,CP-04,Running,44.65,18.91,6.44,280.94,27.57,51.77
2026-03-22 14:00:00,CP-02,Running,51.88,23.42,6.57,296.25,26.94,66.22
2026-03-25 00:00:00,CP-05,Running,55.42,28.72,7.0,384.72,30.89,80.45
2026-03-13 06:00:00,CP-04,Running,52.2,23.08,6.8,375.18,30.65,71.09
2026-03-12 00:00:00,CP-05,Running,56.02,28.63,6.88,411.75,27.87,73.86
2026-02-10 20:00:00,CP-01,Running,48.53,22.52,6.71,347.59,30.26,64.86
2026-03-04 17:00:00,CP-04,Running,49.09,20.97,6.59,291.41,28.59,55.66
2026-02-02 20:00:00,CP-01,Running,53.31,24.78,6.67,351.64,27.98,65.68
2026-01-25 21:00:00,CP-05,Running,57.65,30.02,6.93,398.4,28.97,82.7
2026-02-04 07:00:00,CP-02,Running,49.12,22.53,6.87,391.91,31.83,73.55
2026-01-30 06:00:00,CP-03,Running,55.58,28.05,7.07,436.24,31.98,85.77
2026-02-20 14:00:00,CP-04,Running,45.87,19.68,6.56,291.64,28.47,57.46
2026-03-02 00:00:00,CP-01,Running,52.91,24.56,6.89,334.94,29.26,65.17
2026-03-08 15:00:00,CP-03,Running,47.5,22.57,6.68,304.85,26.36,57.93
2026-03-08 05:00:00,CP-05,Running,54.34,28.32,7.08,428.58,30.72,83.16
2026-02-03 22:00:00,CP-02,Running,48.46,21.7,6.56,326.73,28.24,62.71
2026-01-14 15:00:00,CP-01,Running,49.78,23.17,6.68,342.26,27.68,66.41
2026-02-06 12:00:00,CP-03,Running,53.41,26.27,6.86,388.53,29.62,73.61
2026-03-09 19:00:00,CP-01,Running,52.13,24.29,6.57,359.11,29.46,66.81
2026-01-26 08:00:00,CP-01,Running,52.5,24.74,7.03,358.77,30.33,72.06
2026-02-22 00:00:00,CP-02,Running,52.75,23.89,6.68,336.08,29.49,67.69
2026-01-30 17:00:00,CP-02,Running,49.1,21.61,6.54,276.08,27.51,54.8
2026-03-08 09:00:00,CP-05,Running,58.34,30.39,7.15,407.06,30.87,82.85
2026-03-07 20:00:00,CP-01,Running,50.03,23.12,6.75,333.95,28.2,63.05
2026-01-31 02:00:00,CP-04,Running,49.5,21.39,6.57,325.29,30.63,60.71
2026-01-28 19:00:00,CP-03,Running,50.32,24.3,6.81,325.43,28.32,65.21
2026-01-31 09:00:00,CP-05,Running,57.95,30.06,7.2,429.27,31.28,80.89
2026-01-06 00:00:00,CP-02,Running,48.52,21.7,6.79,343.88,27.71,61.95
2026-02-06 09:00:00,CP-01,Running,49.04,22.68,6.83,346.97,31.16,63.37
2026-03-01 01:00:00,CP-02,Running,46.25,20.7,6.75,315.43,31.07,62.45
2026-01-26 18:00:00,CP-02,Running,46.1,20.26,6.49,259.12,27.64,54.11
2026-03-25 05:00:00,CP-05,Running,54.56,28.55,7.16,414.56,33.03,84.97
2026-01-12 15:00:00,CP-04,Running,51.49,22.33,6.55,322.42,28.1,62.33
2026-03-10 07:00:00,CP-01,Running,51.29,24.54,7.04,417.32,31.6,79.18
2026-02-10 11:00:00,CP-03,Running,54.6,26.88,7.01,377.74,29.81,74.08
2026-01-06 23:00:00,CP-02,Running,47.16,21.0,6.61,329.29,28.08,60.12
2026-01-29 11:00:00,CP-04,Running,48.3,20.45,6.58,267.86,29.61,51.57
2026-03-09 18:00:00,CP-05,Running,55.9,28.55,6.96,397.44,28.76,73.62
2026-03-18 21:00:00,CP-04,Running,45.52,19.24,6.53,254.64,28.28,50.9
2026-03-29 05:00:00,CP-04,Running,55.45,24.53,6.84,366.94,32.07,71.38
2026-02-18 21:00:00,CP-04,Running,46.43,20.09,6.43,298.47,28.47,61.25
2026-01-03 18:00:00,CP-05,Stopped,29.73,12.9,6.75,18.8,25.88,3.8
2026-01-22 16:00:00,CP-04,Running,46.84,20.04,6.5,263.03,27.66,56.32
2026-01-02 11:00:00,CP-04,Running,50.08,21.87,6.56,352.58,31.08,65.52
2026-02-05 04:00:00,CP-05,Running,51.67,26.88,7.09,452.62,31.64,82.22
2026-01-03 23:00:00,CP-05,Running,52.8,27.12,6.97,400.52,29.79,76.2
2026-02-19 01:00:00,CP-04,Running,51.18,22.38,6.69,335.49,29.91,66.12
2026-01-27 22:00:00,CP-01,Running,52.13,24.32,6.7,323.28,29.3,67.46
2026-03-19 08:00:00,CP-04,Running,52.55,23.23,6.82,370.8,31.08,71.05
2026-03-22 11:00:00,CP-03,Running,53.3,26.29,6.8,359.46,31.51,74.92
2026-03-06 01:00:00,CP-05,Stopped,23.85,10.31,7.09,13.19,28.12,2.52
2026-03-07 00:00:00,CP-02,Stopped,29.62,11.65,6.68,41.11,27.37,7.39
2026-01-04 16:00:00,CP-05,Running,48.63,24.51,6.84,348.57,28.63,67.49
2026-01-23 21:00:00,CP-02,Running,52.29,23.52,6.61,319.77,27.99,64.71
2026-03-25 03:00:00,CP-04,Running,50.64,22.04,6.71,299.78,30.71,63.97
2026-02-17 16:00:00,CP-02,Running,49.37,21.77,6.66,287.63,28.05,55.74
2026-02-05 20:00:00,CP-01,Running,51.55,23.72,6.75,323.68,27.91,61.13
2026-03-01 21:00:00,CP-02,Running,50.09,22.54,6.63,333.08,28.86,64.78
2026-02-15 00:00:00,CP-02,Running,50.05,22.48,6.8,321.17,29.24,63.89
2026-01-24 22:00:00,CP-01,Running,51.53,24.07,6.77,330.3,29.48,68.0
2026-03-11 11:00:00,CP-04,Running,47.46,20.64,6.79,333.9,30.23,63.44
2026-01-29 16:00:00,CP-03,Running,50.44,24.25,6.82,321.18,29.55,63.28
2026-03-26 09:00:00,CP-02,Running,55.08,25.54,6.92,382.67,32.35,78.63
2026-01-23 20:00:00,CP-03,Running,50.05,24.08,6.75,291.52,27.52,63.53
2026-03-29 23:00:00,CP-03,Running,51.89,25.33,6.8,352.98,30.6,70.17
2026-02-04 03:00:00,CP-01,Running,49.85,23.46,7.01,376.09,29.95,71.35
2026-01-02 15:00:00,CP-04,Running,41.2,17.39,6.36,251.31,27.69,50.23
2026-03-26 22:00:00,CP-04,Running,46.21,19.61,6.54,254.12,29.76,52.64
2026-03-26 10:00:00,CP-04,Running,52.5,23.38,6.68,355.46,32.46,74.52
2026-01-29 08:00:00,CP-01,Running,53.45,25.73,6.84,424.81,32.99,81.93
2026-01-12 19:00:00,CP-02,Running,50.02,22.67,6.62,368.32,27.4,68.11
2026-03-28 14:00:00,CP-04,Running,46.9,20.08,6.54,289.06,27.84,56.46
2026-03-12 01:00:00,CP-01,Running,49.17,22.74,7.02,309.02,31.65,63.38
2026-01-17 20:00:00,CP-04,Running,43.23,18.04,6.46,227.0,28.52,45.17
2026-03-11 12:00:00,CP-04,Running,53.39,23.29,6.7,354.72,31.55,64.96
2026-03-20 06:00:00,CP-04,Running,51.58,22.86,6.69,373.43,30.68,72.27
2026-01-08 17:00:00,CP-01,Running,55.76,26.05,6.69,370.15,26.81,68.04
2026-01-21 13:00:00,CP-02,Running,48.86,21.91,6.8,320.9,28.28,63.29
2026-03-14 16:00:00,CP-05,Running,52.33,26.65,6.8,378.88,29.44,72.26
2026-02-15 07:00:00,CP-04,Running,49.91,22.04,6.76,342.83,33.29,70.49
2026-02-03 04:00:00,CP-04,Running,50.7,22.13,6.7,343.97,32.06,65.17
2026-03-26 05:00:00,CP-04,Running,52.88,23.16,6.65,339.15,31.28,66.81
2026-03-14 18:00:00,CP-02,Running,52.47,23.26,6.57,307.68,28.98,57.96
2026-03-07 02:00:00,CP-03,Running,57.09,28.98,7.02,494.31,32.53,88.57
2026-03-01 03:00:00,CP-02,Running,52.82,24.06,6.93,355.35,30.92,70.45
2026-03-09 22:00:00,CP-03,Running,51.02,24.69,6.85,357.38,28.97,66.08
2026-03-19 04:00:00,CP-02,Running,57.98,27.07,6.92,418.44,30.58,81.96
2026-03-26 12:00:00,CP-05,Running,52.17,26.59,6.96,358.46,30.15,72.64
2026-02-19 20:00:00,CP-05,Running,54.97,27.87,6.91,348.89,29.9,70.33
2026-03-10 06:00:00,CP-05,Running,57.52,29.94,7.12,447.58,32.15,82.52
2026-03-14 08:00:00,CP-01,Running,55.74,26.5,6.96,387.02,31.32,76.12
2026-03-31 23:00:00,CP-01,Running,53.7,25.05,6.68,352.64,28.15,67.44
2026-03-19 18:00:00,CP-03,Stopped,30.91,12.85,6.69,9.61,26.77,1.91
2026-03-23 06:00:00,CP-02,Running,55.0,25.28,6.86,357.12,31.83,74.62
2026-01-12 21:00:00,CP-03,Running,50.91,24.81,6.63,366.39,29.31,69.38
2026-03-23 03:00:00,CP-01,Stopped,29.46,11.87,6.84,25.29,27.47,5.15
2026-01-28 12:00:00,CP-01,Running,50.81,23.77,6.71,345.78,31.05,68.72
2026-03-14 20:00:00,CP-05,Running,53.45,26.91,6.94,348.3,29.06,67.0
2026-02-14 08:00:00,CP-02,Running,51.52,23.55,6.83,344.82,31.83,72.11
2026-02-17 07:00:00,CP-04,Running,50.53,22.39,6.83,368.94,32.89,72.15
2026-01-01 02:00:00,CP-01,Running,50.89,23.99,6.86,385.99,31.66,72.08
2026-03-26 18:00:00,CP-02,Running,51.57,22.88,6.47,296.63,26.42,58.51
2026-03-01 15:00:00,CP-01,Running,56.08,26.27,6.67,360.07,29.12,69.28
2026-03-09 04:00:00,CP-03,Running,56.48,28.43,7.01,453.55,32.52,84.46
2026-01-01 22:00:00,CP-01,Running,49.27,23.09,6.54,340.81,29.1,69.41
2026-02-21 04:00:00,CP-01,Running,54.02,26.03,6.96,375.73,32.84,82.3
2026-03-30 12:00:00,CP-01,Running,48.94,22.76,6.7,328.59,30.22,65.84
2026-02-06 22:00:00,CP-03,Running,50.55,24.53,6.64,349.01,28.82,67.41
2026-02-01 12:00:00,CP-05,Running,57.42,30.01,7.05,456.26,31.02,84.54
2026-03-10 06:00:00,CP-01,Running,56.89,27.25,6.85,406.94,30.31,79.61
2026-03-06 17:00:00,CP-05,Running,49.76,25.17,6.82,382.85,28.38,69.18
2026-03-03 12:00:00,CP-01,Running,53.31,24.93,6.81,354.54,30.93,68.48
2026-03-27 18:00:00,CP-01,Running,49.69,22.88,6.53,309.18,28.26,61.51
2026-03-22 06:00:00,CP-04,Running,49.2,21.45,6.65,327.74,32.56,64.76
2026-01-04 08:00:00,CP-05,Stopped,31.1,13.59,7.25,35.17,29.22,6.71
2026-01-25 22:00:00,CP-03,Running,50.7,24.62,6.86,338.31,30.06,67.82
2026-01-12 22:00:00,CP-05,Running,54.62,27.95,6.81,377.58,28.47,74.49
2026-02-12 13:00:00,CP-05,Running,52.26,26.83,6.88,369.2,29.88,76.08
2026-01-22 19:00:00,CP-04,Running,43.09,17.97,6.36,218.92,27.36,45.0
2026-01-17 09:00:00,CP-01,Running,51.05,24.41,6.9,409.04,31.77,78.8
2026-03-11 04:00:00,CP-02,Running,53.9,24.66,6.65,386.26,31.65,72.33
2026-01-23 03:00:00,CP-05,Running,57.05,29.84,7.11,419.56,31.39,84.87
2026-01-20 21:00:00,CP-05,Running,48.79,24.77,6.82,361.31,30.42,70.84
2026-03-21 05:00:00,CP-05,Running,62.58,32.99,7.2,441.84,32.12,88.52
2026-02-10 05:00:00,CP-03,Running,56.11,28.07,7.07,434.75,30.91,81.54
2026-02-14 23:00:00,CP-05,Running,49.95,25.58,6.94,365.67,29.27,74.83
2026-02-18 02:00:00,CP-04,Running,53.63,23.49,6.51,332.78,30.38,66.91
2026-01-13 12:00:00,CP-03,Running,55.5,27.15,6.98,376.76,29.8,71.06
2026-03-28 15:00:00,CP-04,Running,45.03,19.14,6.37,266.47,27.38,53.29
2026-03-13 04:00:00,CP-05,Running,55.09,28.74,7.29,430.79,31.7,83.6
2026-03-22 14:00:00,CP-05,Running,49.81,25.2,7.09,326.57,29.4,69.25
2026-01-25 23:00:00,CP-05,Running,52.15,26.77,7.0,365.12,30.55,75.91
2026-02-14 10:00:00,CP-02,Running,53.33,24.5,6.83,369.11,31.03,74.38
2026-01-02 18:00:00,CP-01,Running,52.85,24.84,6.55,375.58,28.54,70.89
2026-03-30 09:00:00,CP-05,Running,51.9,26.79,6.97,392.68,32.24,78.58
2026-02-06 04:00:00,CP-05,Running,62.64,33.37,7.15,462.98,33.01,93.66
2026-01-27 19:00:00,CP-01,Running,45.69,20.87,6.61,281.77,28.54,57.75
2026-02-17 23:00:00,CP-04,Running,51.36,22.23,6.51,321.14,29.84,61.52
2026-01-21 10:00:00,CP-05,Running,54.85,28.75,7.11,420.34,32.31,85.84
2026-01-24 19:00:00,CP-05,Running,51.58,26.35,6.85,369.45,30.44,73.76
2026-02-20 00:00:00,CP-05,Running,53.08,26.93,6.86,342.63,30.69,70.44
2026-01-08 23:00:00,CP-01,Running,53.35,25.06,6.85,373.3,29.82,70.48
2026-03-17 09:00:00,CP-01,Running,54.7,26.21,6.81,371.35,32.75,79.78
2026-01-11 08:00:00,CP-01,Running,57.56,27.03,6.8,367.24,31.46,70.43
2026-01-07 01:00:00,CP-04,Running,52.09,22.66,6.79,319.08,29.76,63.67
2026-02-21 20:00:00,CP-02,Running,49.09,21.38,6.65,240.15,28.23,50.2
2026-03-04 03:00:00,CP-02,Running,50.5,23.09,6.92,378.58,31.13,72.16
2026-02-22 08:00:00,CP-03,Running,55.99,28.06,7.03,406.44,32.2,82.37
2026-03-30 21:00:00,CP-02,Running,49.55,22.27,6.75,317.8,27.82,64.27
2026-03-21 18:00:00,CP-01,Running,51.41,23.9,6.5,311.95,29.72,65.8
2026-02-26 12:00:00,CP-03,Running,54.84,27.19,7.01,378.79,30.96,77.45
2026-02-20 09:00:00,CP-02,Running,48.64,21.9,6.71,327.53,31.82,65.04
2026-03-24 11:00:00,CP-01,Running,55.79,26.32,6.92,358.84,30.76,72.42
2026-01-09 10:00:00,CP-03,Running,54.57,27.25,6.85,406.37,31.27,80.69
2026-01-09 23:00:00,CP-04,Running,46.67,20.01,6.57,302.61,28.36,57.32
2026-02-04 06:00:00,CP-03,Running,56.3,28.13,7.08,444.95,32.54,81.04
2026-01-02 16:00:00,CP-03,Running,49.96,24.17,6.8,333.36,27.32,66.06
2026-03-27 07:00:00,CP-04,Running,52.54,22.98,6.8,336.51,31.6,66.19
2026-02-05 04:00:00,CP-02,Running,53.41,24.61,6.75,404.79,32.11,75.68
2026-02-11 16:00:00,CP-01,Stopped,33.89,13.66,6.74,27.52,26.92,5.21
2026-02-08 20:00:00,CP-04,Running,47.52,20.3,6.42,304.97,27.07,55.53
2026-01-25 09:00:00,CP-04,Running,47.42,20.74,6.75,338.8,30.65,66.18
2026-01-20 20:00:00,CP-04,Running,47.84,20.41,6.44,284.31,28.5,55.0
2026-03-15 06:00:00,CP-03,Running,55.3,27.95,6.97,420.45,32.57,86.36
2026-02-10 11:00:00,CP-01,Running,52.72,24.88,6.81,361.34,30.16,72.7
2026-03-29 13:00:00,CP-03,Running,55.67,27.43,6.85,359.92,29.4,74.48
2026-01-13 12:00:00,CP-04,Running,43.74,18.77,6.65,290.52,29.25,57.48
2026-01-16 08:00:00,CP-01,Running,56.0,26.68,6.97,388.56,32.08,77.15
2026-01-08 00:00:00,CP-03,Running,50.65,24.81,6.89,376.95,31.19,71.72
2026-01-15 21:00:00,CP-02,Stopped,28.29,11.08,6.6,29.61,26.5,5.91
2026-02-05 13:00:00,CP-03,Running,52.37,25.66,6.86,386.66,30.34,71.96
2026-03-15 20:00:00,CP-05,Stopped,33.14,14.48,6.82,33.49,25.26,6.51
2026-02-06 08:00:00,CP-01,Running,54.16,25.93,7.09,404.84,32.16,79.42
2026-01-10 19:00:00,CP-01,Running,47.43,21.65,6.52,312.24,28.05,57.57
2026-03-16 04:00:00,CP-02,Running,75.1245,23.63,6.73,364.75,32.51,71.0
2026-02-17 20:00:00,CP-03,Running,54.8,26.73,6.78,363.36,28.3,69.92
2026-02-25 11:00:00,CP-04,Running,51.68,22.21,6.61,287.25,29.35,58.21
2026-01-01 08:00:00,CP-01,Running,56.5,26.74,6.98,412.73,32.72,74.07
2026-01-10 17:00:00,CP-04,Running,49.67,21.21,6.5,308.2,27.82,55.42
2026-03-18 01:00:00,CP-05,Running,57.76,29.84,7.11,372.52,30.67,79.0
2026-03-12 12:00:00,CP-02,Running,49.46,22.19,6.83,332.33,31.88,63.47
2026-02-13 16:00:00,CP-02,Stopped,27.67,10.81,6.62,26.44,26.25,4.76
2026-01-25 13:00:00,CP-02,Running,51.52,23.11,6.75,297.05,28.86,63.26
2026-03-05 06:00:00,CP-03,Running,57.79,28.99,7.0,440.93,32.48,82.97
2026-01-24 20:00:00,CP-04,Running,44.84,18.97,6.5,251.06,27.27,51.16
2026-02-10 13:00:00,CP-02,Running,50.76,22.85,6.67,342.18,28.88,64.93
2026-01-04 16:00:00,CP-01,Running,51.68,24.39,6.7,380.25,28.39,72.78
2026-01-18 00:00:00,CP-05,Running,54.98,28.45,6.91,384.21,28.84,79.81
2026-01-20 04:00:00,CP-01,Running,53.88,25.35,7.03,360.77,31.69,71.21
2026-02-07 12:00:00,CP-01,Running,50.34,23.53,6.77,349.52,30.14,68.17
2026-03-17 08:00:00,CP-03,Running,57.58,28.85,7.05,408.86,30.05,82.28
2026-01-03 04:00:00,CP-01,Running,58.45,28.33,7.03,434.88,32.13,85.17
2026-01-11 00:00:00,CP-01,Stopped,26.38,10.64,6.88,30.8,26.2,5.56
2026-02-09 12:00:00,CP-04,Running,47.59,20.34,6.68,302.12,28.83,55.81
2026-03-31 13:00:00,CP-05,Running,55.06,28.6,6.92,426.75,28.5,81.53
2026-01-09 21:00:00,CP-02,Running,51.48,22.96,6.67,308.26,28.35,60.7
2026-01-15 12:00:00,CP-03,Running,51.16,24.77,6.82,365.3,29.81,66.35
2026-01-28 04:00:00,CP-04,Running,55.83,24.73,6.68,382.49,30.92,71.91
2026-02-24 01:00:00,CP-03,Running,50.95,25.03,6.85,345.02,31.42,73.18
2026-01-10 15:00:00,CP-05,Running,53.25,27.03,6.77,363.03,28.79,70.77
2026-02-21 04:00:00,CP-05,Running,57.89,30.25,7.25,430.88,32.58,84.32
2026-03-21 17:00:00,CP-01,Running,50.19,23.16,6.73,313.0,28.2,62.41
2026-02-14 19:00:00,CP-02,Running,45.13,19.71,6.56,261.51,27.83,51.47
2026-01-17 14:00:00,CP-02,Running,45.35,20.28,6.48,289.55,29.26,62.03
2026-03-21 16:00:00,CP-01,Running,49.24,22.82,6.58,344.01,27.05,64.43
2026-01-30 09:00:00,CP-02,Running,51.65,23.48,6.86,381.76,32.44,69.46
2026-01-11 04:00:00,CP-02,Running,50.8,22.99,6.73,364.31,32.2,67.3
2026-01-10 22:00:00,CP-03,Running,54.21,26.51,6.82,370.83,29.24,70.99
2026-03-11 14:00:00,CP-05,Running,52.59,27.06,7.14,402.4,28.37,77.05
2026-03-24 06:00:00,CP-02,Running,55.78,25.74,,363.33,32.18,76.41
2026-01-26 12:00:00,CP-01,Running,52.0,24.37,6.7,328.79,29.58,69.48
2026-03-13 16:00:00,CP-05,Running,52.18,26.37,6.95,356.13,28.09,68.69
2026-01-04 04:00:00,CP-03,Running,55.83,27.95,6.93,425.17,30.98,81.86
2026-01-26 05:00:00,CP-01,Running,56.75,27.38,7.02,420.45,32.71,83.06
2026-03-24 01:00:00,CP-03,Running,56.44,28.29,6.98,388.74,31.41,82.58
2026-01-10 15:00:00,CP-01,Running,53.59,25.02,6.61,378.46,29.04,67.78
2026-03-12 11:00:00,CP-05,Running,52.08,26.77,7.17,432.06,30.65,76.51
2026-01-31 02:00:00,CP-03,Running,55.5,27.8,6.96,412.92,31.11,82.27
2026-01-18 06:00:00,CP-04,Running,58.32,26.05,6.74,378.68,32.21,75.83
2026-02-28 13:00:00,CP-02,Running,46.62,20.91,6.49,311.34,28.81,63.43
2026-03-26 03:00:00,CP-01,Running,52.75,25.12,6.73,384.97,31.33,76.91
2026-03-24 19:00:00,CP-05,Running,51.39,25.71,6.94,300.45,27.96,64.13
2026-01-25 08:00:00,CP-05,Running,58.34,30.71,7.15,431.81,32.29,87.76
2026-02-26 19:00:00,CP-01,Running,48.75,22.38,6.66,283.61,28.16,60.13
2026-03-03 06:00:00,CP-02,Running,52.68,24.06,6.88,382.52,31.17,71.66
2026-01-31 19:00:00,CP-03,Running,49.49,23.84,6.79,320.16,28.07,64.12
2026-01-06 15:00:00,CP-01,Running,48.84,22.46,6.62,293.5,29.44,60.96
2026-02-27 22:00:00,CP-02,Running,53.04,24.02,6.75,331.95,29.86,67.62
2026-03-17 10:00:00,CP-05,Running,47.16,24.13,7.16,380.44,29.68,74.48
2026-02-11 18:00:00,CP-05,Running,52.05,26.31,6.8,367.55,26.78,68.85
2026-02-19 05:00:00,CP-04,Running,52.79,23.24,6.66,345.06,31.85,69.2
2026-01-11 05:00:00,CP-04,Running,49.98,21.66,6.73,329.76,31.72,62.12
2026-03-04 21:00:00,CP-04,Running,48.77,20.94,6.52,294.42,28.38,57.77
2026-01-21 12:00:00,CP-01,Running,51.57,24.09,6.78,350.66,30.21,68.03
2026-03-12 23:00:00,CP-04,Running,53.23,23.45,6.41,403.45,29.18,69.53
2026-02-21 07:00:00,CP-02,Stopped,29.36,11.55,6.88,36.11,29.53,7.67
2026-01-12 01:00:00,CP-04,Running,50.74,22.05,6.66,323.54,30.87,63.16
2026-01-25 16:00:00,CP-02,Running,48.3,21.52,6.62,314.59,28.1,60.28
2026-02-27 21:00:00,CP-01,Running,47.58,21.94,6.69,311.63,28.51,62.0
2026-03-22 01:00:00,CP-01,Running,53.84,25.3,6.99,354.92,30.03,70.7
2026-03-29 19:00:00,CP-04,Running,46.09,19.68,6.39,283.08,27.79,55.26
2026-03-12 03:00:00,CP-03,Running,56.68,28.3,7.06,439.68,31.85,80.66
2026-03-23 19:00:00,CP-05,Running,51.72,26.41,6.83,370.12,28.67,73.58
2026-01-31 01:00:00,CP-03,Running,58.45,29.29,6.86,459.36,31.25,82.35
2026-02-14 22:00:00,CP-03,Running,54.1,26.78,6.81,374.5,30.94,76.56
2026-03-02 08:00:00,CP-05,Running,54.32,28.3,7.03,411.44,32.94,82.89
2026-01-04 07:00:00,CP-05,Running,55.16,28.54,7.22,430.4,31.27,79.72
2026-03-28 22:00:00,CP-05,Stopped,29.18,12.79,6.89,36.86,25.53,7.89
2026-02-16 11:00:00,CP-03,Running,49.61,24.38,6.86,353.22,31.08,73.2
2026-01-11 02:00:00,CP-05,Running,57.0,29.64,7.05,454.45,30.88,82.12
2026-03-14 14:00:00,CP-01,Running,50.94,23.56,6.75,333.48,29.28,63.51
2026-01-29 02:00:00,CP-05,Running,55.25,28.55,7.01,429.12,32.06,79.14
2026-01-29 07:00:00,CP-01,Stopped,32.28,12.95,7.02,16.58,28.4,3.25
2026-03-08 15:00:00,CP-05,Running,53.37,27.28,6.97,385.41,30.05,74.01
2026-02-24 10:00:00,CP-03,Running,57.91,29.15,7.04,435.09,31.87,84.54
2026-01-13 02:00:00,CP-04,Running,55.94,24.79,6.88,368.03,30.79,72.15
2026-03-15 01:00:00,CP-04,Running,51.07,22.41,6.64,346.49,30.46,67.61
2026-01-02 10:00:00,CP-04,Stopped,31.8,12.12,6.68,37.94,28.4,7.49
2026-03-19 00:00:00,CP-02,Running,54.0,24.81,6.67,377.23,31.56,74.31
2026-03-15 06:00:00,CP-01,Running,54.87,26.26,6.95,390.32,31.26,79.09
2026-02-13 07:00:00,CP-01,Running,54.76,25.92,6.89,400.32,32.29,74.02
2026-02-08 00:00:00,CP-01,Running,49.9,23.31,6.87,381.02,29.96,67.89
2026-02-13 15:00:00,CP-03,Running,51.77,25.16,6.86,342.42,29.89,68.25
2026-01-11 12:00:00,CP-02,Running,48.14,21.61,6.66,322.08,28.83,63.59
2026-01-19 11:00:00,CP-01,Running,53.36,24.93,6.72,331.92,29.06,68.08
2026-01-22 23:00:00,CP-05,Running,53.9,27.5,6.84,367.58,30.37,73.08
2026-02-14 20:00:00,CP-05,Running,52.35,26.45,7.03,336.52,28.63,68.67
2026-03-03 10:00:00,CP-02,Running,55.31,25.15,6.82,354.54,32.32,69.63
2026-01-30 08:00:00,CP-05,Running,54.28,28.37,7.05,444.12,32.75,84.36
2026-01-21 10:00:00,CP-04,Running,47.57,20.64,6.76,289.75,31.71,62.49
2026-03-23 08:00:00,CP-01,Running,57.59,27.71,6.86,408.22,31.68,81.7
2026-01-01 23:00:00,CP-02,Running,46.73,20.77,6.68,289.53,28.39,59.22
2026-02-11 16:00:00,CP-03,Running,51.6,25.22,6.79,387.3,28.31,70.73
2026-02-11 05:00:00,CP-01,Running,53.09,25.27,6.94,405.32,31.02,76.74
2026-01-27 21:00:00,CP-05,Running,52.48,26.83,7.07,358.47,28.05,74.04
2026-02-13 05:00:00,CP-03,Stopped,29.83,12.51,6.98,27.11,28.76,5.44
2026-03-10 06:00:00,CP-04,Running,53.84,23.89,6.81,383.11,33.15,72.91
2026-01-17 11:00:00,CP-05,Running,53.37,27.48,6.95,390.19,30.01,77.5
2026-01-15 03:00:00,CP-04,Running,51.92,23.17,6.62,372.77,31.66,75.44
2026-03-01 07:00:00,CP-01,Running,54.61,26.35,7.0,444.86,31.9,82.99
2026-03-15 11:00:00,CP-03,Running,53.77,26.74,6.96,393.58,30.89,78.73
2026-02-26 09:00:00,CP-01,Running,58.21,27.87,6.97,405.09,31.11,79.39
2026-02-13 04:00:00,CP-03,Running,57.34,28.8,7.05,438.4,30.74,83.55
2026-01-11 16:00:00,CP-05,Running,52.98,26.86,6.89,363.86,29.52,70.17
2026-01-09 00:00:00,CP-03,Stopped,29.88,12.42,6.93,9.52,27.47,1.89
2026-01-13 01:00:00,CP-02,Running,50.1,22.91,6.74,352.48,29.6,72.1
2026-03-11 16:00:00,CP-03,Running,54.6,26.49,6.84,365.51,28.35,67.29
2026-03-09 12:00:00,CP-02,Running,46.24,20.77,6.65,343.37,29.14,63.98
2026-03-26 13:00:00,CP-02,Running,50.85,22.6,6.8,297.58,28.52,59.2
2026-01-01 20:00:00,CP-01,Running,50.3,23.06,6.69,290.3,28.65,59.53
2026-01-22 11:00:00,CP-03,Running,56.46,27.91,6.99,355.05,29.67,75.92
2026-03-14 23:00:00,CP-03,Running,52.81,25.75,6.91,372.57,29.63,69.58
2026-03-03 04:00:00,CP-05,Running,52.77,27.4,6.97,423.18,31.65,81.37
2026-03-05 00:00:00,CP-03,Running,49.16,23.94,6.98,360.83,30.35,69.05
2026-03-18 01:00:00,CP-01,Running,56.38,26.88,6.81,401.58,29.68,77.37
2026-02-05 22:00:00,CP-01,Running,49.5,22.7,6.88,316.35,28.19,59.54
2026-01-19 21:00:00,CP-01,Running,50.19,22.9,6.66,267.54,27.43,57.35
2026-02-02 00:00:00,CP-04,Running,44.98,19.32,6.59,288.41,31.37,57.94
2026-02-04 05:00:00,CP-05,Running,59.92,31.55,7.29,472.81,32.73,87.99
2026-03-29 03:00:00,CP-02,Running,51.94,23.49,6.78,335.85,31.02,67.08
2026-01-20 03:00:00,CP-01,Running,54.44,26.08,6.79,397.61,30.85,79.64
2026-01-31 20:00:00,CP-01,Running,49.85,22.97,6.61,306.25,28.5,61.77
2026-01-29 19:00:00,CP-03,Running,48.42,23.37,6.87,326.36,28.96,64.93
2026-01-28 12:00:00,CP-02,Running,54.54,24.82,6.73,325.11,29.46,69.92
2026-03-27 21:00:00,CP-02,Running,49.03,21.86,6.55,299.52,30.26,60.6
2026-01-29 01:00:00,CP-05,Running,53.78,28.06,6.98,410.6,30.4,83.67
2026-02-25 14:00:00,CP-03,Running,49.97,24.36,6.95,361.35,31.33,69.64
2026-02-12 19:00:00,CP-04,Running,47.5,20.3,6.41,284.1,28.37,55.67
2026-03-03 12:00:00,CP-04,Running,48.3,20.88,6.61,314.63,29.39,60.96
2026-01-28 01:00:00,CP-02,Running,51.46,23.31,6.67,332.47,30.0,67.88
2026-02-28 04:00:00,CP-02,Running,53.09,24.27,6.82,352.26,31.5,72.01
2026-02-08 06:00:00,CP-04,Running,56.6,25.08,6.81,391.51,33.38,72.21
2026-02-09 00:00:00,CP-05,Running,53.2,27.34,7.01,394.34,29.17,76.56
2026-01-12 22:00:00,CP-03,Running,50.22,24.56,6.63,364.59,30.11,71.0
2026-01-23 00:00:00,CP-03,Running,53.85,26.51,6.97,346.41,30.12,74.07
2026-02-12 09:00:00,CP-03,Running,52.92,26.44,6.98,432.72,31.43,80.98
2026-03-31 21:00:00,CP-01,Running,50.39,23.19,6.74,289.04,28.36,61.23
2026-01-21 08:00:00,CP-05,Running,60.95,32.27,7.06,467.41,32.77,90.63
2026-02-22 05:00:00,CP-02,Running,53.12,24.33,6.9,357.38,33.25,72.9
2026-03-09 19:00:00,CP-04,Running,47.85,20.6,6.38,324.59,27.66,58.99
2026-02-19 13:00:00,CP-01,Running,47.95,22.12,6.74,294.86,29.15,62.31
2026-02-14 07:00:00,CP-01,Running,52.49,24.75,6.97,369.71,32.72,72.31
2026-02-26 04:00:00,CP-01,Running,55.47,26.51,7.0,405.81,31.32,78.53
2026-02-23 12:00:00,CP-04,Running,55.49,24.28,6.68,326.32,30.76,66.41
2026-02-14 18:00:00,CP-02,Running,53.39,24.08,6.45,330.9,28.95,65.82
2026-03-08 19:00:00,CP-04,Running,46.46,19.87,6.5,307.65,28.31,56.15
2026-03-20 17:00:00,CP-05,Running,50.4,25.45,6.83,343.03,28.12,68.37
2026-03-06 01:00:00,CP-02,Running,49.28,22.27,6.72,364.08,29.14,66.87
2026-01-29 19:00:00,CP-02,Running,47.91,21.39,6.6,284.48,28.0,61.28
2026-01-25 03:00:00,CP-04,Running,48.44,21.14,6.68,322.62,31.14,65.11
2026-01-14 05:00:00,CP-05,Running,58.22,30.64,7.21,456.91,33.22,87.71
2026-03-05 23:00:00,CP-01,Running,53.15,24.98,6.71,359.92,30.17,70.74
2026-03-13 05:00:00,CP-05,Running,55.63,29.47,7.11,469.34,31.52,90.8
2026-02-03 13:00:00,CP-03,Running,49.9,24.13,6.84,366.67,30.02,65.85
2026-02-04 19:00:00,CP-03,Running,49.87,23.95,6.84,350.17,29.57,62.84
2026-03-21 16:00:00,CP-02,Running,46.71,20.67,6.53,288.97,29.25,57.26
2026-03-18 17:00:00,CP-05,Stopped,27.08,11.69,6.94,,24.43,1.91
2026-03-02 02:00:00,CP-04,Running,53.4,23.5,6.54,368.86,31.36,68.96
2026-02-19 15:00:00,CP-03,Running,50.41,24.34,6.79,307.53,29.08,65.07
2026-02-23 21:00:00,CP-01,Running,46.45,21.32,6.66,288.57,29.37,59.96
2026-02-23 00:00:00,CP-05,Running,55.34,28.44,7.03,373.7,29.69,76.47
2026-02-14 03:00:00,CP-03,Running,56.32,28.44,7.04,427.66,31.9,86.02
2026-01-23 20:00:00,CP-02,Running,47.74,21.12,6.51,278.52,29.09,57.06
2026-03-09 12:00:00,CP-03,Running,50.47,24.53,6.91,378.82,30.18,68.17
2026-01-28 22:00:00,CP-04,Running,49.29,21.26,6.5,305.96,28.65,59.82
2026-03-02 10:00:00,CP-03,Running,55.43,27.62,7.0,421.72,31.97,79.79
2026-03-31 22:00:00,CP-05,Running,53.66,27.55,7.03,376.45,29.19,76.07
2026-01-26 05:00:00,CP-04,Running,51.78,23.08,6.83,362.95,30.15,74.84
2026-01-06 22:00:00,CP-05,Running,49.31,24.73,7.03,351.56,28.66,65.21
2026-02-24 14:00:00,CP-05,Running,53.64,27.16,7.02,346.66,28.59,69.7
2026-01-24 03:00:00,CP-03,Running,56.69,28.45,6.93,430.17,31.59,83.06
2026-03-14 15:00:00,CP-03,Running,49.79,24.09,6.73,343.41,29.7,66.13
2026-01-07 21:00:00,CP-02,Running,49.91,22.55,6.57,371.22,29.54,66.67
2026-02-25 07:00:00,CP-05,Running,51.13,26.33,7.1,382.85,32.59,77.41
2026-03-04 21:00:00,CP-01,Running,51.02,23.85,6.78,373.38,29.07,68.3
2026-01-21 15:00:00,CP-05,Stopped,30.02,13.13,6.86,35.85,28.17,7.07
2026-02-08 18:00:00,CP-01,Running,45.95,21.22,6.64,318.72,28.81,62.64
2026-03-18 07:00:00,CP-03,Stopped,29.42,12.26,7.05,14.14,28.81,2.85
2026-03-16 12:00:00,CP-02,Running,49.44,22.4,6.71,351.17,30.15,67.84
2026-03-22 20:00:00,CP-03,Running,51.84,24.9,6.96,308.41,27.97,62.69
2026-01-16 22:00:00,CP-03,Running,52.21,25.46,6.69,352.07,31.47,69.69
2026-03-28 00:00:00,CP-02,Running,52.91,23.79,6.56,326.27,29.61,64.55
2026-01-13 11:00:00,CP-01,Running,57.28,27.18,6.85,402.11,30.22,75.25
2026-01-24 10:00:00,CP-04,Running,53.04,23.22,6.61,314.39,31.27,66.66
2026-02-01 10:00:00,CP-05,Running,58.43,30.43,6.97,426.1,31.01,82.7
2026-01-19 12:00:00,CP-04,Running,50.71,22.01,6.71,311.67,30.49,62.67
2026-03-26 09:00:00,CP-05,Stopped,28.82,12.42,7.13,5.93,28.59,1.18
2026-01-20 07:00:00,CP-05,Running,54.6,28.5,7.15,400.8,31.64,83.81
2026-01-10 12:00:00,CP-05,Running,52.79,27.41,6.95,423.07,29.16,81.33
2026-03-29 10:00:00,CP-02,Running,53.82,24.57,6.82,352.55,29.63,71.49
2026-03-23 23:00:00,CP-04,Stopped,27.18,10.2,6.62,6.58,27.79,1.31
2026-03-06 10:00:00,CP-05,Running,53.61,27.83,7.14,400.65,31.5,81.13
2026-02-28 17:00:00,CP-05,Running,54.1,27.5,6.92,342.17,27.1,71.4
2026-01-30 11:00:00,CP-01,Running,52.95,25.22,6.85,394.91,31.22,77.04
2026-03-06 21:00:00,CP-04,Running,46.06,19.37,6.63,275.19,27.27,48.6
2026-01-19 01:00:00,CP-01,Running,53.53,25.25,6.63,347.28,30.78,72.44
2026-02-27 16:00:00,CP-01,Stopped,29.69,11.94,6.76,21.8,25.53,4.33
2026-01-13 21:00:00,CP-04,Running,50.5,21.9,6.45,340.02,29.48,62.35
2026-01-06 14:00:00,CP-05,Running,52.01,26.32,6.96,349.5,30.18,69.46
2026-01-26 07:00:00,CP-05,Running,54.0,27.64,7.13,371.68,32.98,74.7
2026-01-24 15:00:00,CP-03,Running,54.9,26.9,6.65,349.68,27.84,71.87
2026-01-26 04:00:00,CP-04,Running,49.68,21.88,6.83,348.12,30.83,69.39
2026-01-03 23:00:00,CP-04,Running,43.25,18.21,6.55,261.38,28.98,49.17
2026-01-11 22:00:00,CP-01,Running,45.96,21.21,6.85,344.75,27.41,62.51
2026-03-26 10:00:00,CP-01,Running,53.87,25.48,6.91,327.9,32.19,73.74
2026-02-18 16:00:00,CP-03,Running,50.3,24.3,6.7,297.05,26.42,65.29
2026-02-08 12:00:00,CP-03,Running,50.76,24.91,6.99,395.04,29.54,72.58
2026-03-14 03:00:00,CP-02,Running,51.43,23.34,6.78,361.93,32.28,68.7
2026-02-04 08:00:00,CP-01,Running,56.18,27.01,6.99,433.36,34.03,81.35
2026-02-15 03:00:00,CP-02,Running,52.89,24.18,6.84,371.2,31.92,72.06
2026-02-28 09:00:00,CP-02,Running,52.07,23.51,6.87,303.92,32.19,66.33
2026-03-31 16:00:00,CP-05,Running,51.74,26.21,6.9,350.82,29.26,69.85
2026-02-05 02:00:00,CP-03,Running,56.19,27.87,6.95,397.63,30.62,77.61
2026-03-07 20:00:00,CP-04,Running,45.96,19.61,6.55,286.91,29.46,54.93
2026-01-14 14:00:00,CP-04,Running,45.38,19.41,6.71,281.05,28.02,56.09
2026-02-17 02:00:00,CP-04,Running,49.68,21.45,6.63,309.18,30.91,60.24
2026-02-05 04:00:00,CP-01,Running,53.12,25.46,6.84,402.23,31.8,79.78
2026-03-09 06:00:00,CP-05,Running,55.17,28.57,7.07,443.88,32.71,80.21
2026-02-17 12:00:00,CP-04,Running,50.9,22.12,6.49,326.39,31.09,63.27
2026-03-07 07:00:00,CP-02,Running,56.51,26.09,6.82,400.24,32.14,76.64
2026-01-02 06:00:00,CP-05,Running,56.03,29.29,7.08,443.71,,84.52
2026-02-20 03:00:00,CP-01,Running,56.22,26.51,6.94,365.09,31.1,72.33
2026-03-25 10:00:00,CP-05,Running,53.43,27.55,7.24,392.94,31.47,78.08
2026-03-31 07:00:00,CP-02,Running,51.69,23.47,6.84,359.95,30.43,69.0
2026-02-07 02:00:00,CP-05,Running,57.37,30.06,7.14,465.56,32.49,85.71
2026-01-24 12:00:00,CP-04,Running,50.38,21.79,6.59,303.48,29.41,61.08
2026-01-26 20:00:00,CP-02,Running,47.62,21.06,6.55,271.64,28.1,57.07
2026-03-30 04:00:00,CP-02,Running,51.62,23.61,6.78,363.88,31.7,72.33
2026-02-15 12:00:00,CP-04,Running,48.02,20.72,6.55,281.34,30.88,60.12
2026-01-08 08:00:00,CP-05,Running,59.19,31.12,7.18,469.91,32.54,87.28
2026-02-02 09:00:00,CP-01,Running,53.54,25.32,6.8,392.31,31.64,73.7
2026-01-21 10:00:00,CP-02,Running,54.17,24.82,6.85,357.21,29.59,73.13
2026-02-20 08:00:00,CP-03,Running,54.87,27.36,7.13,400.03,31.02,80.1
2026-02-26 15:00:00,CP-05,Running,54.0,27.84,6.88,387.28,29.64,78.03
2026-03-01 04:00:00,CP-01,Running,56.0,26.58,7.02,413.62,31.54,75.37
2026-02-12 13:00:00,CP-01,Running,52.33,24.44,6.63,341.72,29.49,67.92
2026-02-18 02:00:00,CP-02,Running,50.13,22.8,6.94,350.71,30.39,69.7
2026-03-13 07:00:00,CP-01,Running,56.37,26.95,6.95,416.95,32.1,78.68
2026-02-13 09:00:00,CP-02,Running,51.03,23.2,6.79,352.58,31.51,69.59
2026-02-27 06:00:00,CP-01,Running,57.73,27.86,6.89,439.09,31.94,83.03
2026-01-30 02:00:00,CP-03,Running,55.2,27.75,7.03,427.14,30.53,83.97
2026-03-22 04:00:00,CP-04,Running,51.86,22.86,6.88,331.04,32.1,69.74
2026-02-01 12:00:00,CP-02,Running,52.96,23.84,6.69,355.26,28.87,65.02
2026-02-09 21:00:00,CP-03,Running,48.47,23.11,6.86,305.39,27.89,59.48
2026-01-22 15:00:00,CP-05,Running,54.33,27.98,6.8,358.97,29.56,77.49
2026-01-29 01:00:00,CP-02,Running,49.8,22.7,6.77,358.79,30.51,70.64
2026-01-20 05:00:00,CP-01,Running,53.79,25.37,7.09,363.83,32.41,72.46
2026-01-01 21:00:00,CP-05,Running,56.01,28.8,6.85,392.68,28.93,76.72
2026-02-14 15:00:00,CP-01,Running,49.38,22.98,6.63,362.53,29.79,66.22
2026-03-16 01:00:00,CP-03,Running,51.1,25.09,6.98,370.84,30.49,72.89
2026-01-08 20:00:00,CP-03,Running,51.71,25.21,6.6,369.89,26.92,69.55
2026-01-14 06:00:00,CP-05,Running,55.43,28.92,7.22,429.56,32.76,83.7
2026-01-09 07:00:00,CP-02,Running,49.86,22.86,7.0,383.57,33.23,73.3
2026-03-13 08:00:00,CP-05,Running,56.56,29.56,7.07,438.51,30.64,84.46
2026-02-09 12:00:00,CP-01,Running,53.07,25.11,6.74,377.06,30.51,73.85
2026-02-20 14:00:00,CP-02,Running,49.0,21.87,6.63,300.6,29.01,61.08
2026-01-14 08:00:00,CP-02,Running,50.37,22.72,6.8,340.27,30.41,65.81
2026-01-15 10:00:00,CP-02,Running,53.63,24.64,6.76,364.34,31.03,74.47
2026-02-14 15:00:00,CP-02,Running,51.35,22.91,6.57,310.55,26.12,61.0
2026-01-04 16:00:00,CP-03,Running,51.01,25.14,6.8,391.54,29.87,74.56
2026-02-27 05:00:00,CP-04,Running,50.75,22.34,6.8,348.58,32.4,69.22
2026-03-11 04:00:00,CP-03,Running,51.74,25.42,6.92,379.83,34.04,73.06
2026-01-17 17:00:00,CP-03,Running,48.78,23.63,6.67,332.79,28.4,66.61
2026-02-12 04:00:00,CP-02,Running,52.76,23.9,6.84,362.0,31.08,67.84
2026-03-08 13:00:00,CP-01,Stopped,28.41,11.47,6.89,29.71,26.88,5.73
2026-03-14 05:00:00,CP-05,Running,54.5,28.38,7.14,407.42,31.6,82.79
2026-03-06 16:00:00,CP-01,Running,48.93,22.72,6.66,339.8,28.69,65.32
2026-03-30 05:00:00,CP-04,Running,50.34,22.12,6.79,332.07,31.75,68.29
2026-03-09 07:00:00,CP-03,Running,57.61,28.96,6.94,447.52,33.47,83.8
2026-02-01 15:00:00,CP-02,Running,46.58,20.41,6.46,270.5,28.46,52.96
2026-02-24 11:00:00,CP-02,Stopped,26.94,10.43,6.77,6.49,27.3,1.28
2026-01-12 06:00:00,CP-02,Running,52.54,24.4,6.96,412.12,31.68,79.29
2026-01-30 20:00:00,CP-03,Running,51.37,24.81,6.76,341.39,27.9,65.18
2026-03-09 13:00:00,CP-05,Running,51.39,26.52,7.02,415.73,29.55,78.45
2026-03-08 07:00:00,CP-01,Running,56.0,26.92,6.96,418.92,33.93,81.31
2026-01-22 00:00:00,CP-05,Running,54.96,28.41,7.08,401.86,29.18,79.28
2026-01-25 14:00:00,CP-02,Running,51.42,22.99,6.67,311.7,28.19,61.91
2026-02-11 14:00:00,CP-02,Running,49.14,21.96,6.55,303.21,28.31,61.62
2026-01-20 03:00:00,CP-05,Running,57.05,29.78,7.09,412.16,32.05,83.95
2026-01-10 03:00:00,CP-02,Running,51.19,23.57,6.81,393.68,32.45,75.28
2026-02-04 20:00:00,CP-02,Running,50.71,22.64,6.52,332.71,28.87,61.29
2026-02-18 08:00:00,CP-05,Running,54.1,28.38,7.06,400.06,32.52,86.16
2026-03-22 04:00:00,CP-05,Running,57.27,29.76,7.0,413.79,32.21,81.61
2026-03-15 14:00:00,CP-05,Running,51.64,26.63,6.94,399.43,30.25,78.08
2026-01-01 13:00:00,CP-04,Running,46.21,19.59,6.67,270.38,26.99,52.08
2026-03-26 14:00:00,CP-02,Running,47.74,21.29,6.72,289.11,28.24,60.77
2026-02-20 22:00:00,CP-01,Running,50.8,23.64,6.7,323.01,27.96,66.22
2026-01-04 03:00:00,CP-02,Running,52.28,23.71,6.97,359.25,31.14,68.32
2026-02-23 00:00:00,CP-02,Running,50.78,22.96,6.76,346.38,30.66,66.9
2026-03-15 15:00:00,CP-02,Running,43.35,19.32,6.54,312.42,28.55,60.48
2026-02-13 09:00:00,CP-03,Running,56.97,28.94,6.9,417.31,32.61,88.86
2026-02-02 08:00:00,CP-03,Running,55.07,27.5,6.9,442.51,32.08,80.78
2026-03-09 11:00:00,CP-05,Running,54.02,27.96,6.88,428.96,29.37,79.85
2026-01-08 08:00:00,CP-03,Running,54.81,27.77,6.98,452.7,,87.62
2026-01-30 13:00:00,CP-04,Running,45.86,19.29,6.49,245.87,27.61,48.73
2026-03-25 23:00:00,CP-04,Running,51.17,22.2,6.6,306.14,28.53,62.49
2026-03-29 10:00:00,CP-04,Running,51.55,22.49,6.68,322.6,30.89,64.97
2026-02-18 16:00:00,CP-02,Running,45.68,20.27,6.55,286.66,29.04,58.56
2026-01-31 00:00:00,CP-01,Running,51.99,24.46,6.86,366.65,29.57,71.19
2026-02-09 20:00:00,CP-01,Running,48.47,22.53,6.66,346.63,28.57,65.68
2026-03-06 22:00:00,CP-05,Stopped,31.29,13.63,6.98,27.88,25.51,5.39
2026-01-10 05:00:00,CP-05,Running,53.99,28.22,7.06,435.8,31.44,84.42
2026-01-24 15:00:00,CP-04,Running,46.51,20.19,6.58,318.05,28.45,62.74
2026-01-13 00:00:00,CP-02,Running,51.55,23.6,6.64,375.46,30.86,72.64
2026-03-06 00:00:00,CP-04,Running,52.16,22.89,6.67,362.82,30.07,67.6
2026-03-16 07:00:00,CP-01,Running,54.91,26.31,6.96,432.63,33.46,79.8
2026-01-06 07:00:00,CP-02,Running,53.14,24.48,6.92,412.55,31.39,75.62
2026-01-10 18:00:00,CP-01,Running,47.08,21.76,6.61,328.25,28.69,63.04
2026-02-07 10:00:00,CP-01,Running,57.59,27.55,6.81,407.14,31.37,79.04
2026-01-24 04:00:00,CP-04,Running,48.24,21.1,6.8,342.39,32.47,66.3
2026-01-02 21:00:00,CP-04,Running,47.25,20.16,6.53,256.53,28.64,55.06
2026-03-14 03:00:00,CP-04,Running,52.08,22.91,6.75,354.49,31.65,68.82
2026-02-02 15:00:00,CP-01,Running,53.07,24.92,6.63,366.83,29.55,70.41
2026-03-21 03:00:00,CP-05,Running,60.59,32.05,7.11,460.23,31.32,90.11
2026-01-05 10:00:00,CP-02,Running,57.04,26.35,6.93,410.28,30.8,76.81
2026-02-15 01:00:00,CP-05,Running,56.95,29.76,7.09,416.03,30.93,84.35
2026-02-09 15:00:00,CP-05,Running,53.13,27.34,6.86,402.94,29.04,77.22
2026-02-15 02:00:00,CP-01,Running,51.99,24.51,6.87,397.43,31.68,72.22
2026-03-04 03:00:00,CP-04,Running,49.55,21.93,6.64,353.89,32.01,71.64
2026-01-30 06:00:00,CP-05,Running,62.3,32.89,7.06,464.9,31.23,89.28
2026-03-09 01:00:00,CP-02,Running,47.99,21.52,6.57,340.9,30.83,63.26
2026-01-22 07:00:00,CP-01,Running,53.91,25.91,7.03,393.4,32.4,81.28
2026-03-05 21:00:00,CP-04,Running,46.61,19.87,6.4,280.81,27.99,54.73
2026-01-09 09:00:00,CP-02,Running,48.98,22.01,6.84,342.67,31.44,64.18
2026-03-30 03:00:00,CP-05,Running,56.35,29.06,7.24,369.59,30.82,78.09
2026-03-25 06:00:00,CP-04,Stopped,29.0,10.98,6.82,23.78,29.78,5.06
2026-02-08 13:00:00,CP-04,Running,47.87,20.67,6.53,332.91,28.85,60.36
2026-03-17 05:00:00,CP-01,Running,55.38,26.54,6.96,406.85,31.79,79.95
2026-01-23 04:00:00,CP-05,Running,60.26,32.1,7.25,443.34,31.75,93.5
2026-02-18 03:00:00,CP-02,Stopped,34.07,13.39,6.74,34.12,27.73,7.12
2026-03-14 22:00:00,CP-04,Running,48.89,20.96,6.63,300.9,29.03,57.15
2026-02-24 06:00:00,CP-04,Running,48.81,21.38,6.72,329.74,30.81,66.9
2026-02-15 12:00:00,CP-02,Stopped,30.2,11.75,6.73,16.1,27.23,3.22
2026-01-10 21:00:00,CP-02,Stopped,29.93,11.71,6.48,29.28,26.52,5.37
2026-03-05 14:00:00,CP-01,Running,50.73,23.6,6.61,350.58,27.94,66.17
2026-02-25 07:00:00,CP-04,Stopped,27.29,10.34,6.81,25.67,29.52,5.15
2026-02-28 06:00:00,CP-02,Running,57.58,26.72,6.88,415.07,30.85,79.05
2026-03-12 08:00:00,CP-03,Running,51.29,25.43,6.93,419.64,31.91,77.33
2026-02-06 23:00:00,CP-01,Running,51.82,24.23,6.64,361.55,30.75,68.35
2026-03-18 13:00:00,CP-05,Running,54.75,28.02,6.97,391.19,31.0,74.64
2026-03-28 20:00:00,CP-04,Running,44.98,19.09,6.54,262.05,28.45,52.56
2026-02-10 10:00:00,CP-05,Running,53.05,27.7,6.98,426.31,30.8,83.99
2026-03-21 00:00:00,CP-05,Running,53.29,27.45,6.98,412.66,30.0,77.52
2026-02-28 17:00:00,CP-04,Running,44.37,18.64,6.44,248.81,28.59,48.22
2026-01-04 19:00:00,CP-05,Running,48.28,24.25,6.87,352.67,27.8,65.88
2026-01-19 22:00:00,CP-04,Running,48.87,20.92,6.45,284.47,29.55,56.56
2026-01-23 02:00:00,CP-04,Running,48.16,20.93,6.67,314.03,28.75,63.32
2026-03-25 19:00:00,CP-02,Running,43.89,19.23,6.46,259.01,27.58,52.91
2026-02-18 03:00:00,CP-03,Running,54.21,26.92,6.93,403.86,31.17,78.19
2026-02-18 18:00:00,CP-04,Stopped,24.91,9.34,6.37,5.91,25.99,1.23
2026-03-20 10:00:00,CP-04,Running,52.4,22.9,6.76,354.98,32.14,65.91
2026-02-10 18:00:00,CP-02,Running,51.64,23.38,6.5,339.61,29.8,67.53
2026-02-11 23:00:00,CP-03,Running,49.38,23.78,6.93,339.04,28.91,64.02
2026-03-13 20:00:00,CP-04,Running,47.47,20.41,6.38,325.93,28.47,58.51
2026-02-21 03:00:00,CP-04,Stopped,31.03,11.76,6.65,26.04,29.04,5.28
2026-01-03 04:00:00,CP-02,Running,55.83,25.86,6.82,401.61,32.58,78.18
2026-01-10 00:00:00,CP-01,Running,51.21,24.22,6.88,397.83,30.06,73.68
2026-02-18 11:00:00,CP-01,Running,52.46,24.66,6.79,356.63,31.38,70.97
2026-01-02 22:00:00,CP-03,Running,56.51,27.68,6.92,378.37,28.64,71.75
2026-02-19 16:00:00,CP-02,Running,47.56,20.84,6.58,257.01,26.5,52.96
2026-03-12 20:00:00,CP-01,Running,52.95,24.92,6.76,386.23,29.33,71.44
2026-02-27 10:00:00,CP-01,Running,54.56,26.26,6.81,366.9,30.36,81.91
2026-02-10 14:00:00,CP-04,Running,43.55,18.49,6.41,268.82,29.03,52.93
2026-01-20 11:00:00,CP-03,Stopped,29.29,12.29,7.0,26.3,25.86,5.45
2026-03-19 14:00:00,CP-05,Running,54.16,27.25,6.9,335.54,30.44,66.65
2026-03-26 17:00:00,CP-01,Running,50.76,23.44,6.75,302.58,27.6,62.67
2026-03-24 16:00:00,CP-02,Running,46.01,20.42,6.65,289.26,28.59,58.65
2026-03-27 16:00:00,CP-05,Running,52.63,27.24,6.92,379.63,30.22,79.82
2026-02-07 07:00:00,CP-05,Running,57.97,30.24,7.28,426.4,32.8,83.49
2026-03-10 09:00:00,CP-04,Running,46.43,20.05,6.64,323.63,30.68,60.32
2026-03-19 05:00:00,CP-02,Running,51.72,23.71,6.81,368.96,32.19,73.36
2026-02-17 19:00:00,CP-02,Running,46.97,20.8,6.6,279.94,27.89,57.53
2026-01-12 14:00:00,CP-03,Running,51.17,24.93,6.85,362.86,27.92,69.27
2026-01-27 17:00:00,CP-05,Running,48.31,23.98,6.8,307.83,28.63,60.56
2026-03-01 12:00:00,CP-03,Running,53.09,26.15,7.09,377.98,29.65,74.28
2026-01-28 19:00:00,CP-04,Stopped,27.53,10.4,6.35,20.06,26.11,3.99
2026-01-07 22:00:00,CP-01,Running,49.67,23.31,6.83,382.63,29.87,70.03
2026-01-28 07:00:00,CP-04,Running,52.34,23.24,6.67,393.09,32.47,73.08
2026-02-11 19:00:00,CP-04,Running,47.69,20.24,6.5,276.78,26.91,52.61
2026-01-24 07:00:00,CP-01,Running,56.91,27.14,6.98,375.93,32.36,77.51
2026-03-03 22:00:00,CP-05,Running,51.87,25.77,7.01,312.23,28.46,60.93
2026-02-15 17:00:00,CP-02,Running,48.68,21.65,6.62,314.18,27.59,59.52
2026-02-23 02:00:00,CP-01,Running,52.56,24.79,6.88,345.49,30.7,72.46
2026-03-16 22:00:00,CP-04,Running,44.69,18.98,6.43,283.08,28.99,53.01
2026-02-25 16:00:00,CP-02,Running,51.04,22.83,6.44,301.21,28.33,62.13
2026-01-29 19:00:00,CP-01,Running,48.96,22.58,6.58,313.88,27.5,62.2
2026-03-16 07:00:00,CP-05,Running,55.04,28.47,7.0,415.33,32.86,79.55
2026-02-28 00:00:00,CP-02,Stopped,26.31,10.16,6.68,1.71,26.6,0.35
2026-03-03 00:00:00,CP-05,Running,51.95,26.99,7.02,410.18,30.1,81.6
2026-03-25 16:00:00,CP-04,Running,48.88,20.85,6.49,256.78,26.57,54.89
2026-03-05 07:00:00,CP-03,Running,57.01,28.67,6.96,437.88,31.68,84.09
2026-02-18 07:00:00,CP-04,Running,52.25,22.96,6.82,336.78,30.54,68.36
2026-02-19 19:00:00,CP-02,Running,50.58,22.7,6.62,302.22,28.55,63.66
2026-02-26 22:00:00,CP-05,Running,54.71,27.97,7.04,363.34,29.03,74.21
2026-01-13 08:00:00,CP-04,Running,51.94,22.87,6.7,370.59,31.77,69.31
2026-01-04 02:00:00,CP-04,Running,47.29,20.52,6.78,335.21,30.76,62.61
2026-03-26 04:00:00,CP-03,Running,59.78,29.78,7.01,389.72,30.61,79.69
2026-02-25 09:00:00,CP-05,Running,60.12,31.16,7.1,390.07,32.35,80.54
2026-03-12 05:00:00,CP-02,Running,54.3,24.97,6.87,402.88,31.38,74.73
2026-02-24 10:00:00,CP-04,Running,49.04,21.16,6.59,291.47,30.32,60.12
2026-02-02 02:00:00,CP-02,Running,51.88,23.55,6.76,363.87,31.71,68.86
2026-01-19 07:00:00,CP-05,Stopped,28.11,12.14,7.22,9.42,27.57,2.01
2026-02-02 18:00:00,CP-04,Running,48.82,20.77,6.45,291.69,28.39,53.79
2026-03-14 01:00:00,CP-01,Running,50.65,23.67,6.98,378.57,29.53,68.15
2026-03-20 02:00:00,CP-05,Running,55.28,28.83,7.16,404.1,30.8,83.4
2026-02-18 07:00:00,CP-03,Running,57.56,29.13,7.07,446.12,31.08,87.07
2026-03-28 09:00:00,CP-03,Running,52.56,25.89,6.93,376.1,31.13,74.38
2026-01-27 17:00:00,CP-04,Running,45.62,19.49,6.58,266.64,28.33,55.56
2026-02-01 20:00:00,CP-01,Running,48.31,22.33,6.65,343.8,30.0,63.28
2026-03-23 20:00:00,CP-01,Running,50.13,23.43,6.61,337.64,28.88,68.13
2026-01-10 06:00:00,CP-02,Running,52.58,23.9,6.78,360.39,31.1,69.47
2026-01-22 13:00:00,CP-04,Running,46.69,20.04,6.63,277.73,29.21,57.56
2026-01-27 15:00:00,CP-04,Running,46.53,20.09,6.47,289.84,28.24,60.22
2026-02-15 11:00:00,CP-05,Running,57.47,29.93,7.01,423.38,31.58,82.77
2026-01-17 16:00:00,CP-05,Running,48.48,24.51,6.87,349.78,29.32,68.99
2026-01-17 06:00:00,CP-05,Running,55.59,29.39,7.02,440.72,32.84,89.84
2026-01-26 14:00:00,CP-01,Running,48.34,22.68,6.67,316.14,29.08,69.92
2026-03-15 20:00:00,CP-04,Running,45.88,19.63,6.41,304.97,27.54,56.25
2026-01-25 06:00:00,CP-05,Running,59.13,31.31,7.26,442.09,32.35,90.66
2026-02-08 20:00:00,CP-02,Running,46.55,20.67,6.68,307.64,28.61,58.84
2026-01-23 17:00:00,CP-05,Running,55.08,27.84,6.81,348.48,27.79,68.75
2026-02-13 09:00:00,CP-04,Running,50.24,22.09,6.7,341.65,31.07,68.62
2026-03-19 12:00:00,CP-05,Running,55.34,28.44,7.16,389.38,30.29,76.51
2026-03-03 17:00:00,CP-04,Running,44.69,18.85,6.52,250.91,27.58,49.95
2026-01-20 09:00:00,CP-05,Running,58.53,30.94,7.37,474.54,33.53,89.84
2026-01-31 00:00:00,CP-02,Running,52.43,23.61,6.77,319.79,30.72,65.07
2026-03-14 17:00:00,CP-02,Running,46.64,20.5,6.44,280.77,27.47,54.27
2026-02-16 05:00:00,CP-05,Running,57.86,30.46,7.1,467.8,33.04,87.81
2026-02-03 19:00:00,CP-02,Running,48.79,21.93,6.54,333.54,28.4,64.34
2026-03-15 20:00:00,CP-03,Running,53.12,26.13,6.7,397.4,29.79,73.76
2026-02-19 12:00:00,CP-02,Running,51.66,23.5,6.68,350.42,30.56,69.75
2026-01-09 19:00:00,CP-03,Running,50.0,24.26,6.86,367.09,28.09,67.3
2026-03-04 02:00:00,CP-04,Running,47.59,20.71,6.74,325.91,31.31,63.74
2026-03-18 08:00:00,CP-01,Running,54.55,25.93,6.88,351.94,33.1,75.99
2026-01-29 10:00:00,CP-03,Running,54.17,27.01,7.08,415.49,30.85,80.04
2026-01-18 15:00:00,CP-03,Running,52.11,25.2,6.83,315.33,30.62,65.91
2026-02-07 23:00:00,CP-02,Running,49.81,22.35,6.67,333.86,30.2,63.57
2026-01-22 17:00:00,CP-04,Running,46.45,19.81,6.22,277.79,27.72,54.91
2026-01-18 11:00:00,CP-01,Running,53.35,25.0,6.93,364.94,31.53,69.39
2026-01-04 02:00:00,CP-01,Running,54.6,25.88,6.88,401.28,29.29,74.66
2026-01-22 20:00:00,CP-04,Running,43.7,18.33,6.62,224.69,26.86,47.44
2026-03-07 10:00:00,CP-01,Running,49.6,23.29,6.93,364.71,30.53,70.37
2026-03-23 08:00:00,CP-03,Stopped,26.79,11.14,7.02,10.45,28.39,2.21
2026-02-12 22:00:00,CP-04,Running,47.02,20.05,6.68,288.06,28.02,54.82
2026-01-06 14:00:00,CP-03,Running,52.7,25.75,6.87,379.58,28.98,70.64
2026-01-11 20:00:00,CP-03,Running,52.47,25.54,6.83,350.39,28.19,68.76
2026-02-11 02:00:00,CP-04,Running,50.26,21.95,6.64,330.0,32.32,65.5
2026-02-03 21:00:00,CP-04,Running,48.27,20.76,6.58,313.03,28.75,58.45
2026-01-17 21:00:00,CP-05,Running,56.05,29.18,7.05,424.4,29.29,82.66
2026-01-05 10:00:00,CP-05,Running,57.55,30.09,6.93,445.41,30.87,84.69
2026-02-02 17:00:00,CP-05,Running,50.59,25.56,6.91,331.31,29.37,68.71
2026-01-25 18:00:00,CP-04,Running,47.03,20.04,6.32,263.36,28.78,54.5
2026-01-08 03:00:00,CP-02,Running,49.14,22.34,6.91,349.27,32.29,69.44
2026-03-18 15:00:00,CP-03,Stopped,27.89,11.73,6.79,33.08,25.72,6.43
2026-03-23 10:00:00,CP-02,Running,50.05,22.51,6.71,296.36,31.52,64.59
2026-01-17 18:00:00,CP-02,Running,49.88,22.33,6.6,316.93,29.21,62.45
2026-03-16 19:00:00,CP-02,Running,47.63,21.19,6.68,307.47,28.91,59.64
2026-01-11 03:00:00,CP-03,Running,55.11,27.75,6.99,445.12,33.06,84.67
2026-02-13 12:00:00,CP-01,Running,47.48,22.31,6.92,353.91,30.1,70.58
2026-02-20 14:00:00,CP-05,Running,53.92,27.71,6.89,368.91,30.42,76.46
2026-01-11 01:00:00,CP-02,Running,53.65,24.5,6.91,387.24,30.36,71.55
2026-02-25 18:00:00,CP-05,Running,52.68,26.51,6.73,347.96,28.8,66.89
2026-03-13 13:00:00,CP-02,Running,51.58,23.12,6.65,309.15,30.32,63.07
2026-01-05 00:00:00,CP-03,Running,53.14,26.05,6.91,375.79,30.95,72.18
2026-01-02 14:00:00,CP-01,Running,56.97,26.71,6.75,334.52,28.69,69.67
2026-02-04 02:00:00,CP-02,Running,49.6,22.44,6.7,342.34,29.82,67.25
2026-03-24 20:00:00,CP-02,Running,51.14,22.73,6.71,285.34,27.56,59.21
2026-02-19 21:00:00,CP-01,Running,50.24,23.22,6.59,314.91,26.18,63.17
2026-01-28 08:00:00,CP-05,Running,57.77,29.93,7.19,422.68,31.38,80.3
2026-03-03 22:00:00,CP-03,Running,52.25,25.44,6.79,348.76,28.82,68.94
2026-03-10 04:00:00,CP-04,Running,50.95,22.51,6.72,375.81,31.17,70.75
2026-03-10 13:00:00,CP-02,Running,45.44,20.37,6.6,325.73,26.74,63.13
2026-03-20 06:00:00,CP-02,Running,55.18,25.41,6.97,385.56,32.05,75.42
2026-01-28 13:00:00,CP-03,Running,49.71,24.44,6.89,372.44,30.83,73.5
2026-03-22 21:00:00,CP-03,Running,54.43,26.37,6.65,350.64,28.98,66.75
2026-01-24 12:00:00,CP-05,Running,58.89,30.57,7.0,396.3,30.72,81.19
2026-01-13 01:00:00,CP-03,Running,54.71,27.01,7.02,385.38,31.9,75.36
2026-02-12 09:00:00,CP-04,Running,48.65,21.03,6.67,331.33,30.84,60.77
2026-02-05 11:00:00,CP-05,Running,57.91,29.92,7.14,454.03,29.99,79.02
2026-02-05 01:00:00,CP-02,Running,50.25,22.62,6.82,322.86,31.27,65.05
2026-03-08 20:00:00,CP-05,Running,54.23,27.52,6.8,387.87,29.28,70.62
2026-03-19 16:00:00,CP-04,Running,43.6,18.24,6.54,235.34,28.04,46.28
2026-03-28 20:00:00,CP-03,Running,51.64,25.55,6.71,361.71,28.66,76.31
2026-01-24 04:00:00,CP-05,Running,55.75,29.33,7.06,429.27,31.7,87.63
2026-03-22 09:00:00,CP-02,Running,52.01,23.57,6.78,332.94,31.22,68.04
2026-02-24 13:00:00,CP-05,Running,58.23,30.2,6.89,409.88,29.57,80.79
2026-03-27 21:00:00,CP-04,Running,50.78,21.72,6.7,282.38,27.96,56.11
2026-01-15 16:00:00,CP-01,Running,53.07,24.51,6.69,333.08,28.73,62.82
2026-01-12 20:00:00,CP-01,Running,50.36,23.57,6.63,361.2,27.33,68.89
2026-02-03 14:00:00,CP-01,Running,50.86,23.37,6.69,309.28,28.19,60.48
2026-01-06 20:00:00,CP-02,Running,45.78,20.31,6.56,306.99,28.25,58.49
2026-03-07 06:00:00,CP-04,Running,52.74,23.5,6.7,401.32,31.87,74.66
2026-01-10 18:00:00,CP-03,Running,49.22,23.77,6.83,344.55,30.03,65.3
2026-02-22 05:00:00,CP-03,Running,56.19,28.07,6.89,394.77,31.2,80.96
2026-03-19 08:00:00,CP-03,Running,55.35,27.74,6.95,411.82,30.54,82.39
2026-03-28 15:00:00,CP-05,Running,52.92,26.82,6.8,360.28,28.74,70.11
2026-01-24 09:00:00,CP-03,Running,56.78,28.51,7.06,385.64,31.82,83.29
2026-03-25 16:00:00,CP-02,Running,47.12,20.96,6.55,285.46,29.41,59.62
2026-02-09 03:00:00,CP-03,Running,58.58,29.12,7.17,420.29,31.73,78.6
2026-02-12 01:00:00,CP-04,Running,49.64,21.42,6.71,309.89,30.33,59.94
2026-02-07 20:00:00,CP-03,Running,47.6,22.78,6.78,314.97,26.89,61.08
2026-01-05 06:00:00,CP-04,Running,52.09,22.81,6.74,329.25,30.2,66.72
2026-02-05 19:00:00,CP-03,Running,48.36,23.29,6.79,311.77,30.3,63.88
2026-02-13 14:00:00,CP-01,Running,46.32,21.1,6.85,294.83,29.18,56.46
2026-02-21 16:00:00,CP-04,Running,49.74,21.7,6.48,321.14,27.73,65.0
2026-01-31 15:00:00,CP-02,Running,49.46,21.85,6.58,273.71,28.75,56.52
2026-01-11 18:00:00,CP-04,Running,45.35,19.03,6.39,248.24,27.62,47.79
2026-03-04 13:00:00,CP-03,Running,53.44,26.35,,412.74,30.07,74.74
2026-02-12 16:00:00,CP-03,Stopped,29.22,12.23,6.66,26.01,24.1,4.68
2026-03-09 16:00:00,CP-04,Running,48.61,20.98,6.56,327.5,28.52,60.18
2026-02-13 08:00:00,CP-05,Running,57.54,29.78,7.11,393.86,31.98,79.78
2026-02-28 09:00:00,CP-01,Running,53.85,25.71,7.01,403.81,32.19,78.12
2026-03-22 18:00:00,CP-01,Running,51.11,23.6,6.6,315.63,28.53,62.73
2026-03-11 07:00:00,CP-03,Running,54.04,26.86,7.03,408.92,31.86,78.51
2026-03-22 10:00:00,CP-05,Running,56.96,29.9,7.02,427.84,32.86,86.5
2026-02-18 01:00:00,CP-02,Running,52.35,23.44,6.77,301.1,30.38,62.62
2026-02-02 17:00:00,CP-03,Running,51.62,24.94,6.85,344.83,29.45,65.57
2026-02-08 15:00:00,CP-02,Running,48.32,21.44,,303.85,27.92,58.54
2026-03-28 09:00:00,CP-04,Running,53.45,23.37,6.68,336.4,30.51,65.91
2026-01-19 16:00:00,CP-02,Running,47.66,20.85,6.72,257.87,27.5,52.24
2026-02-19 09:00:00,CP-05,Running,53.6,27.77,7.03,376.38,31.52,80.35
2026-03-12 04:00:00,CP-04,Running,54.8,24.27,6.77,395.44,30.95,71.88
2026-01-03 14:00:00,CP-05,Running,51.87,26.35,6.8,382.29,30.07,71.17
2026-03-08 00:00:00,CP-04,Running,46.81,20.13,6.61,326.36,29.31,58.47
2026-01-02 18:00:00,CP-05,Running,50.65,25.54,6.77,343.55,27.94,67.67
2026-01-19 04:00:00,CP-02,Running,51.3,23.58,6.84,375.71,32.66,74.5
2026-03-16 23:00:00,CP-02,Running,52.36,23.79,6.6,341.38,31.08,69.23
2026-01-11 04:00:00,CP-04,Running,48.78,21.24,6.72,351.51,31.44,64.13
2026-02-14 23:00:00,CP-02,Running,48.78,21.58,6.83,299.09,28.8,57.04
2026-03-08 10:00:00,CP-02,Running,52.83,23.81,6.82,339.39,29.87,65.49
2026-03-29 14:00:00,CP-03,Running,51.67,25.18,6.69,331.02,29.76,69.35
2026-03-04 21:00:00,CP-03,Stopped,27.21,11.3,6.82,7.96,26.61,1.59
2026-03-06 10:00:00,CP-02,Running,46.97,21.12,6.76,345.29,30.64,64.36
2026-01-17 23:00:00,CP-02,Running,51.25,22.85,6.57,277.15,27.82,60.63
2026-03-20 17:00:00,CP-02,Running,49.95,22.61,6.52,340.45,29.29,67.47
2026-02-05 01:00:00,CP-05,Running,55.35,28.69,7.06,415.06,30.62,80.53
2026-01-29 21:00:00,CP-02,Running,49.49,21.7,6.6,272.28,29.48,53.18
2026-01-30 13:00:00,CP-02,Running,48.88,22.01,6.52,328.88,29.49,65.1
2026-01-09 15:00:00,CP-02,Running,46.5,20.42,6.67,281.65,29.22,53.8
2026-03-30 12:00:00,CP-03,Running,51.23,25.22,6.99,371.86,31.64,74.19
2026-02-20 06:00:00,CP-03,Running,56.53,28.31,7.18,382.64,32.31,82.05
2026-01-23 08:00:00,CP-01,Running,51.22,24.17,6.88,354.38,32.51,72.72
2026-03-29 15:00:00,CP-05,Stopped,29.98,13.13,6.97,38.28,28.19,7.58
2026-02-24 01:00:00,CP-05,Running,56.71,29.44,6.92,402.28,30.28,81.23
2026-01-05 14:00:00,CP-01,Running,48.37,22.67,,363.51,28.33,69.57
2026-02-17 12:00:00,CP-05,Running,55.74,28.74,6.93,390.01,30.03,78.02
2026-02-06 20:00:00,CP-04,Running,45.28,19.46,6.43,315.26,28.18,58.14
2026-03-06 05:00:00,CP-03,Running,56.54,28.44,6.97,450.73,31.64,84.21
2026-01-25 08:00:00,CP-04,Running,53.09,23.57,6.77,351.44,29.56,73.01
2026-03-09 00:00:00,CP-02,Running,50.71,23.1,6.76,389.49,30.04,70.47
2026-01-29 23:00:00,CP-03,Running,55.45,27.15,6.93,365.38,29.03,71.47
2026-01-27 18:00:00,CP-03,Running,51.01,24.54,6.75,297.72,29.12,63.56
2026-01-24 21:00:00,CP-02,Running,50.46,22.36,6.54,291.63,28.16,57.87
2026-01-04 12:00:00,CP-04,Running,47.72,20.62,6.5,326.21,29.94,60.65
2026-02-05 00:00:00,CP-04,Running,48.82,21.15,6.58,320.15,30.91,61.79
2026-03-20 19:00:00,CP-02,Running,45.57,20.17,6.48,285.22,29.35,57.32
2026-02-05 07:00:00,CP-03,Running,58.35,29.35,7.01,432.01,31.51,84.12
2026-02-07 04:00:00,CP-04,Running,47.04,20.28,6.83,300.63,30.34,59.65
2026-01-10 10:00:00,CP-04,Running,50.16,21.77,6.72,299.24,29.77,62.57
2026-02-20 22:00:00,CP-04,Running,47.38,20.21,6.59,267.98,29.02,54.89
2026-02-14 12:00:00,CP-01,Running,51.79,24.37,6.68,368.84,29.03,71.34
2026-03-21 07:00:00,CP-05,Running,58.63,30.65,7.31,417.38,32.44,84.51
2026-03-13 06:00:00,CP-01,Running,53.88,25.77,6.93,407.24,32.54,78.88
2026-03-22 16:00:00,CP-01,Running,51.01,23.67,6.74,307.94,27.69,64.93
2026-01-05 23:00:00,CP-03,Running,52.69,25.56,6.87,345.7,29.78,67.24
2026-03-02 15:00:00,CP-02,Running,50.97,22.67,6.62,310.87,28.88,59.67
2026-03-19 04:00:00,CP-03,Running,56.04,28.02,6.96,418.85,31.9,81.31
2026-02-03 01:00:00,CP-05,Running,54.45,28.1,7.1,391.97,30.54,78.41
2026-01-11 03:00:00,CP-05,Running,57.47,29.51,7.25,402.5,30.7,76.11
2026-02-03 15:00:00,CP-02,Running,46.75,20.69,6.48,297.81,28.36,57.29
2026-03-03 12:00:00,CP-05,Running,54.26,28.04,7.13,410.62,31.18,79.09
2026-01-05 09:00:00,CP-05,Running,56.18,29.22,7.01,428.65,32.57,82.07
2026-01-23 18:00:00,CP-04,Running,46.51,19.89,6.49,270.65,28.4,55.97
2026-02-13 15:00:00,CP-02,Running,44.68,19.73,6.56,301.21,29.74,56.31
2026-01-25 00:00:00,CP-03,Running,55.96,27.48,6.92,361.86,29.91,72.87
2026-03-14 06:00:00,CP-01,Running,55.1,25.88,6.96,376.05,31.99,70.56
2026-01-17 02:00:00,CP-01,Running,54.3,25.77,6.87,389.27,31.08,75.2
2026-01-27 08:00:00,CP-03,Running,55.66,27.73,7.07,408.73,30.05,79.63
2026-02-03 06:00:00,CP-01,Running,57.86,27.78,6.96,406.44,32.94,80.8
2026-03-25 10:00:00,CP-03,Running,53.79,26.56,7.02,391.84,31.88,75.57
2026-02-02 17:00:00,CP-04,Running,45.36,19.26,6.46,267.22,29.25,52.75
2026-01-12 17:00:00,CP-04,Running,43.92,18.59,6.63,255.97,25.38,51.54
2026-03-10 12:00:00,CP-02,Running,49.66,22.12,6.86,313.77,30.61,60.21
2026-01-17 04:00:00,CP-02,Running,50.32,22.71,7.08,329.39,30.26,66.2
2026-01-28 15:00:00,CP-02,Stopped,29.77,11.58,6.55,15.61,25.25,3.14
2026-01-20 21:00:00,CP-04,Stopped,31.6,11.98,6.36,25.95,25.7,5.35
2026-03-05 10:00:00,CP-03,Running,54.05,26.84,7.12,413.91,29.44,78.12
2026-03-03 10:00:00,CP-01,Running,58.69,28.25,6.87,411.39,30.55,81.96
2026-01-17 15:00:00,CP-02,Running,49.9,22.24,6.6,308.71,28.05,60.45
2026-03-02 22:00:00,CP-05,Running,57.57,29.68,6.89,392.76,29.74,78.06
2026-02-16 07:00:00,CP-04,Running,56.0,24.88,6.72,381.84,30.74,73.35
2026-01-31 21:00:00,CP-05,Running,51.83,26.12,6.89,339.32,28.73,67.43
2026-01-19 05:00:00,CP-05,Running,56.9,29.69,7.22,417.61,32.35,83.71
2026-02-17 04:00:00,CP-04,Running,49.32,21.63,6.86,328.57,30.97,67.36
2026-03-22 18:00:00,CP-03,Running,48.31,23.24,6.68,293.66,27.77,63.56
2026-02-17 14:00:00,CP-01,Running,49.5,22.95,6.75,331.42,29.3,64.48
2026-02-16 10:00:00,CP-02,Running,51.97,23.69,6.88,360.49,30.43,70.74
2026-02-19 16:00:00,CP-04,Running,41.27,17.58,6.38,266.52,27.88,54.38
2026-03-18 14:00:00,CP-05,Running,52.43,26.82,6.95,398.46,30.28,74.32
2026-01-10 16:00:00,CP-05,Running,51.04,26.09,6.9,359.91,28.15,73.95
2026-03-07 18:00:00,CP-05,Running,54.6,27.8,6.76,372.86,27.93,72.21
2026-01-01 23:00:00,CP-05,Running,50.59,25.76,6.93,386.18,30.35,72.17
2026-01-30 12:00:00,CP-05,Running,51.0,26.15,6.9,389.17,31.52,75.44
2026-03-29 09:00:00,CP-01,Running,52.15,24.28,6.93,332.83,31.28,66.45
2026-01-14 04:00:00,CP-02,Running,48.83,22.3,7.05,364.31,32.71,71.47
2026-01-06 04:00:00,CP-02,Running,51.95,23.49,6.87,357.22,31.02,67.01
2026-03-06 22:00:00,CP-02,Running,47.07,20.9,6.62,304.52,29.02,58.67
2026-01-04 10:00:00,CP-05,Running,58.63,30.43,7.0,416.21,30.51,81.08
2026-01-26 08:00:00,CP-05,Running,57.17,30.02,7.06,436.89,31.94,86.7
2026-01-08 12:00:00,CP-05,Running,52.3,26.74,6.96,372.13,29.68,74.14
2026-03-11 01:00:00,CP-01,Running,51.56,24.38,6.94,376.0,31.24,73.66
2026-03-21 02:00:00,CP-02,Stopped,31.02,12.17,6.73,30.66,27.77,6.41
2026-02-06 07:00:00,CP-02,Running,55.0,25.34,6.77,387.35,33.07,75.69
2026-03-31 04:00:00,CP-05,Running,58.33,30.55,7.12,450.73,31.66,85.41
2026-03-28 11:00:00,CP-02,Running,51.37,23.3,6.67,328.61,29.94,68.41
2026-03-07 23:00:00,CP-03,Running,54.22,26.56,6.99,380.0,30.41,71.66
2026-02-13 17:00:00,CP-01,Running,50.39,23.22,6.62,304.76,27.22,61.71
2026-01-20 14:00:00,CP-04,Running,51.9,22.26,6.53,265.21,28.46,57.35
2026-03-06 18:00:00,CP-04,Running,46.79,19.85,6.5,250.78,28.11,52.41
2026-03-01 20:00:00,CP-01,Running,52.53,24.66,6.78,341.66,29.67,70.21
2026-03-03 19:00:00,CP-04,Running,43.44,18.24,6.48,243.43,28.73,47.84
2026-02-21 06:00:00,CP-01,Running,56.0,26.81,6.88,418.82,32.66,79.42
2026-01-15 08:00:00,CP-01,Running,50.59,23.91,6.89,398.4,31.82,73.37
2026-01-30 16:00:00,CP-02,Running,43.9,19.43,6.63,284.22,28.65,57.27
2026-03-08 23:00:00,CP-04,Running,46.01,19.67,6.51,291.71,29.17,55.92
2026-03-26 02:00:00,CP-03,Running,54.02,26.72,7.01,340.46,29.71,76.24
2026-01-03 14:00:00,CP-01,Running,51.51,23.91,6.56,322.01,29.25,65.12
2026-01-05 20:00:00,CP-05,Running,49.79,24.89,6.94,326.46,29.26,63.69
2026-02-23 05:00:00,CP-03,Running,57.57,29.06,7.05,415.98,31.02,85.87
2026-03-20 03:00:00,CP-01,Running,54.63,26.02,6.86,378.91,32.5,76.89
2026-01-01 20:00:00,CP-05,Running,56.85,29.12,6.95,390.88,28.45,74.93
2026-01-08 13:00:00,CP-02,Running,50.94,22.93,6.69,336.84,29.25,65.02
2026-01-18 20:00:00,CP-05,Running,54.36,27.96,6.81,408.73,29.08,76.94
2026-03-14 20:00:00,CP-04,Running,49.01,21.11,6.56,293.77,27.71,59.3
2026-01-05 05:00:00,CP-01,Running,56.69,27.22,6.99,428.79,30.91,80.71
2026-03-01 11:00:00,CP-04,Running,50.18,21.83,6.67,324.04,31.05,63.75
2026-01-21 01:00:00,CP-01,Running,47.27,22.19,6.82,338.38,30.85,70.18
2026-03-31 17:00:00,CP-04,Running,44.07,18.89,6.44,280.66,28.84,57.16
2026-01-29 02:00:00,CP-04,Running,49.8,21.85,6.71,343.0,30.8,67.6
2026-03-26 22:00:00,CP-02,Running,46.77,20.88,6.67,305.59,28.46,61.36
2026-02-12 12:00:00,CP-05,Running,54.05,27.81,7.02,405.39,30.3,77.02
2026-01-23 19:00:00,CP-03,Running,49.79,23.79,6.66,287.14,29.06,60.36
2026-02-22 16:00:00,CP-05,Running,49.51,25.25,6.95,358.78,30.23,72.94
2026-01-29 01:00:00,CP-04,Running,55.38,24.38,6.7,340.23,30.29,69.15
2026-01-26 09:00:00,CP-04,Running,49.85,21.7,6.7,329.44,30.66,63.96
2026-03-17 13:00:00,CP-04,Running,48.06,20.52,6.54,267.93,29.51,55.19
2026-03-23 00:00:00,CP-02,Running,51.31,23.37,6.71,344.84,29.5,70.35
2026-02-18 06:00:00,CP-03,Stopped,27.94,11.6,7.03,7.01,28.94,1.39
2026-01-23 21:00:00,CP-03,Running,50.07,24.12,6.69,320.86,29.45,64.17
2026-03-19 06:00:00,CP-01,Running,56.28,27.03,7.03,418.17,31.69,80.91
2026-03-05 01:00:00,CP-04,Running,48.51,21.11,6.63,340.34,30.2,63.94
2026-02-16 17:00:00,CP-05,Running,47.51,23.92,6.91,340.56,29.82,66.97
2026-01-20 20:00:00,CP-05,Running,47.59,23.79,6.9,299.96,29.05,63.81
2026-03-09 15:00:00,CP-02,Running,47.86,21.61,6.65,372.21,29.95,66.4
2026-03-19 07:00:00,CP-05,Running,58.95,31.07,7.15,439.71,33.54,88.44
2026-01-21 01:00:00,CP-02,Running,48.78,22.21,6.87,343.85,29.21,70.25
2026-03-30 13:00:00,CP-05,Running,56.39,29.04,7.02,401.44,29.84,77.46
2026-02-20 00:00:00,CP-03,Running,53.52,26.29,6.81,357.89,30.68,73.04
2026-01-15 02:00:00,CP-04,Running,49.35,21.68,6.66,349.26,31.0,68.25
2026-01-10 18:00:00,CP-02,Running,44.93,19.66,6.69,253.33,27.53,52.27
2026-03-07 12:00:00,CP-01,Running,47.62,22.46,6.86,374.43,28.82,72.43
2026-03-24 02:00:00,CP-03,Running,54.21,26.99,6.9,403.29,31.32,79.39
2026-01-14 14:00:00,CP-01,Running,48.56,22.46,6.59,330.32,29.73,63.5
2026-03-12 00:00:00,CP-04,Running,51.13,22.43,6.57,344.93,29.6,67.52
2026-03-28 19:00:00,CP-05,Running,53.52,26.84,6.95,327.87,29.04,65.22
2026-03-26 16:00:00,CP-02,Stopped,31.73,12.49,6.5,37.17,24.9,7.87
2026-02-02 11:00:00,CP-05,Running,60.99,32.03,7.09,477.2,31.35,86.73
2026-01-26 21:00:00,CP-03,Running,53.28,25.71,6.91,315.17,28.86,64.9
2026-01-04 19:00:00,CP-02,Running,48.09,21.13,6.59,274.5,27.48,54.14
2026-02-26 03:00:00,CP-03,Running,53.12,26.72,6.88,417.39,30.92,84.2
2026-01-21 22:00:00,CP-02,Running,53.6,24.08,6.54,326.03,29.81,64.11
2026-01-08 21:00:00,CP-04,Running,47.37,20.15,6.5,289.59,27.36,53.66
2026-01-08 19:00:00,CP-05,Running,51.59,26.11,6.7,364.86,29.95,69.46
2026-01-16 14:00:00,CP-01,Stopped,29.92,11.95,6.77,8.6,25.93,1.64
2026-03-31 18:00:00,CP-01,Running,50.32,23.33,6.54,302.51,29.26,64.51
2026-03-17 13:00:00,CP-03,Running,50.87,24.72,6.8,359.55,29.32,68.13
2026-02-26 10:00:00,CP-03,Running,54.46,27.09,6.96,376.39,30.88,78.87
2026-03-01 11:00:00,CP-01,Running,52.7,24.65,6.83,360.51,30.48,68.48
2026-03-16 04:00:00,CP-01,Running,52.55,24.86,6.94,380.85,30.53,73.82
2026-02-06 10:00:00,CP-04,Running,51.46,22.62,6.66,367.71,29.54,68.46
2026-03-24 03:00:00,CP-03,Running,52.3,26.2,7.01,405.28,32.86,82.28
2026-01-08 12:00:00,CP-02,Running,50.19,22.98,6.72,413.24,31.23,72.67
2026-01-17 08:00:00,CP-04,Running,51.88,22.8,6.77,354.23,32.88,68.43
2026-01-22 10:00:00,CP-02,Running,51.99,23.8,6.79,358.12,31.27,72.6
2026-01-30 23:00:00,CP-04,Running,46.81,20.19,6.55,310.75,29.72,59.83
2026-03-19 22:00:00,CP-01,Running,50.21,23.07,6.65,295.92,29.35,60.46
2026-02-09 00:00:00,CP-02,Running,54.0,24.51,6.71,358.71,30.23,68.72
2026-01-02 07:00:00,CP-04,Running,54.56,24.22,6.66,354.5,31.35,73.02
2026-03-28 03:00:00,CP-05,Running,54.29,28.19,7.14,415.43,32.5,81.43
2026-02-07 16:00:00,CP-02,Running,48.96,21.94,6.53,325.38,27.71,62.99
2026-02-19 14:00:00,CP-01,Running,50.76,23.22,6.82,273.81,28.02,58.4
2026-01-07 01:00:00,CP-03,Running,55.45,27.61,7.14,420.71,29.75,79.45
2026-02-04 02:00:00,CP-03,Running,54.09,26.86,7.06,399.63,31.11,78.06
2026-01-17 07:00:00,CP-05,Running,55.3,28.68,7.05,406.48,30.87,80.82
2026-03-04 23:00:00,CP-04,Running,48.62,21.11,6.65,317.26,29.92,62.79
2026-01-11 14:00:00,CP-04,Stopped,28.31,10.74,6.57,27.08,26.08,5.5
2026-03-12 12:00:00,CP-03,Running,52.06,26.09,6.98,437.04,30.41,82.45
2026-01-06 20:00:00,CP-05,Running,54.48,27.63,6.88,358.13,28.78,70.35
2026-03-30 17:00:00,CP-02,Running,48.33,21.35,6.65,309.24,29.16,56.46
2026-02-04 01:00:00,CP-05,Running,55.77,28.77,6.96,412.21,32.4,78.2
2026-02-24 22:00:00,CP-05,Running,53.33,27.14,6.87,352.01,29.56,71.9
2026-01-02 16:00:00,CP-02,Running,47.07,20.61,6.76,278.96,28.52,52.49
2026-03-31 16:00:00,CP-01,Stopped,27.94,11.19,6.52,12.64,27.01,2.47
2026-03-03 14:00:00,CP-01,Running,44.29,20.65,6.7,345.49,27.81,67.14
2026-01-14 02:00:00,CP-05,Running,57.21,29.9,7.13,452.83,30.83,84.49
2026-02-26 08:00:00,CP-05,Running,57.43,29.92,7.2,431.86,31.99,82.86
2026-01-31 13:00:00,CP-04,Running,49.65,21.39,6.5,303.5,29.03,59.22
2026-01-25 15:00:00,CP-01,Running,50.31,23.43,6.72,328.76,29.12,66.58
2026-02-05 11:00:00,CP-04,Stopped,32.06,12.23,6.67,40.15,28.58,7.76
2026-03-13 11:00:00,CP-01,Running,49.04,23.09,6.76,394.24,31.01,71.54
2026-02-28 17:00:00,CP-01,Running,51.58,23.87,6.7,329.64,27.67,63.68
2026-02-26 16:00:00,CP-03,Running,50.83,24.48,6.78,311.63,29.04,64.09
2026-01-12 09:00:00,CP-03,Running,58.48,29.6,6.94,458.78,31.75,87.21
2026-03-02 19:00:00,CP-02,Stopped,30.28,11.91,6.59,37.55,26.43,7.39
2026-03-17 09:00:00,CP-04,Stopped,30.16,11.43,6.74,27.53,28.35,5.3
2026-03-29 01:00:00,CP-01,Running,51.81,24.53,6.93,371.92,31.32,74.11
2026-02-22 10:00:00,CP-01,Running,54.92,26.18,6.8,381.74,31.78,77.38
2026-01-21 07:00:00,CP-05,Running,56.47,29.53,7.01,416.96,31.56,84.61
2026-02-04 19:00:00,CP-02,Running,49.76,22.34,6.41,336.71,28.96,63.73
2026-02-11 21:00:00,CP-02,Running,48.37,21.32,6.49,300.42,27.9,55.6
2026-01-04 10:00:00,CP-04,Running,49.44,21.47,6.7,329.7,29.97,62.89
2026-03-31 19:00:00,CP-04,Running,50.56,21.79,6.36,312.45,27.54,59.5
2026-02-20 20:00:00,CP-01,Running,48.15,22.04,6.68,293.4,28.72,58.72
2026-02-23 15:00:00,CP-03,Stopped,28.63,11.94,6.71,16.26,25.34,3.26
2026-01-21 03:00:00,CP-04,Running,50.92,22.38,6.69,335.37,31.61,68.42
2026-02-02 06:00:00,CP-03,Running,57.74,29.25,7.15,480.22,31.45,87.49
2026-02-16 21:00:00,CP-04,Running,45.5,19.7,6.44,299.91,28.62,61.49
2026-01-06 15:00:00,CP-03,Running,54.6,26.65,6.83,362.23,29.62,70.19
2026-02-09 09:00:00,CP-04,Running,50.01,21.98,6.73,352.04,30.47,68.47
2026-02-21 10:00:00,CP-01,Running,53.39,25.29,6.88,381.51,30.14,74.4
2026-01-14 12:00:00,CP-03,Running,53.39,26.07,6.8,371.67,31.27,70.3
2026-02-12 21:00:00,CP-04,Running,45.83,19.52,6.44,264.83,28.92,54.27
2026-01-26 18:00:00,CP-03,Running,51.54,24.97,6.74,316.45,29.26,66.72
2026-01-26 23:00:00,CP-02,Running,51.8,23.28,6.7,313.51,29.28,64.12
2026-02-04 22:00:00,CP-02,Running,47.83,21.26,6.72,296.55,28.07,59.28
2026-03-19 05:00:00,CP-01,Running,56.01,26.94,6.92,385.05,31.99,81.44
2026-01-27 01:00:00,CP-02,Running,51.71,23.71,6.67,367.96,31.28,73.32
2026-03-11 17:00:00,CP-03,Running,50.92,24.42,6.74,327.08,27.8,62.1
2026-01-26 10:00:00,CP-02,Running,50.96,23.26,6.79,352.07,31.7,71.31
2026-01-24 05:00:00,CP-04,Running,49.19,21.31,6.77,281.96,31.37,61.79
2026-02-14 06:00:00,CP-02,Running,50.67,23.5,6.69,386.54,31.78,78.63
2026-02-08 08:00:00,CP-02,Running,56.24,26.15,6.76,416.2,32.4,79.84
2026-03-31 04:00:00,CP-01,Running,52.79,24.96,7.06,370.87,31.44,73.55
2026-02-27 04:00:00,CP-02,Running,51.04,23.36,6.77,345.5,31.44,72.65
2026-02-04 12:00:00,CP-04,Running,45.7,19.73,6.61,309.4,29.09,60.4
2026-01-21 20:00:00,CP-03,Running,47.97,23.01,6.77,310.1,28.9,62.3
2026-01-16 07:00:00,CP-05,Running,59.33,31.6,7.01,465.38,32.26,93.51
2026-03-20 22:00:00,CP-05,Running,50.9,26.27,6.91,360.89,29.44,78.49
2026-02-07 20:00:00,CP-02,Running,47.65,21.11,6.45,304.17,28.56,57.87
2026-03-17 13:00:00,CP-05,Running,59.32,30.95,6.93,428.7,31.3,83.64
2026-02-03 10:00:00,CP-03,Running,51.8,25.74,7.07,417.5,32.6,78.4
2026-02-04 06:00:00,CP-02,Running,55.21,25.48,6.94,410.94,32.66,76.45
2026-02-14 23:00:00,CP-04,Running,41.71,17.85,6.5,293.97,29.62,56.35
2026-02-02 19:00:00,CP-04,Running,48.05,20.6,6.49,321.27,27.94,57.15
2026-03-08 17:00:00,CP-04,Stopped,31.33,11.84,6.52,22.43,24.83,4.25
2026-03-21 10:00:00,CP-03,Running,52.73,25.78,6.97,348.31,29.93,70.83
2026-02-06 11:00:00,CP-01,Running,53.39,25.16,6.8,407.3,31.08,71.99
2026-01-27 15:00:00,CP-03,Running,52.28,25.37,6.9,329.81,29.49,67.52
2026-01-26 05:00:00,CP-03,Running,55.67,27.94,7.02,404.38,32.87,83.03
2026-03-23 14:00:00,CP-04,Running,47.49,20.54,6.66,297.47,28.47,61.06
2026-02-02 19:00:00,CP-02,Running,46.33,20.52,6.6,291.78,28.5,57.69
2026-03-01 17:00:00,CP-03,Running,48.75,23.64,6.75,346.51,28.46,67.09
2026-02-21 22:00:00,CP-05,Running,50.68,25.88,6.98,359.2,27.88,73.58
2026-01-02 21:00:00,CP-03,Running,51.43,25.02,6.75,353.22,29.45,68.6
2026-03-22 12:00:00,CP-01,Running,50.65,23.84,6.76,345.81,29.06,71.51
2026-02-17 17:00:00,CP-05,Running,53.0,26.89,6.88,349.53,29.43,70.61
2026-01-13 15:00:00,CP-03,Running,48.7,23.77,6.88,365.05,28.86,70.23
2026-03-07 14:00:00,CP-04,Running,48.53,20.82,6.52,303.03,28.67,57.32
2026-03-14 17:00:00,CP-05,Running,53.03,27.11,7.01,358.77,26.84,74.04
2026-02-28 11:00:00,CP-03,Running,57.44,28.5,6.99,385.93,32.24,77.76
2026-01-22 16:00:00,CP-05,Running,53.88,27.45,6.9,351.26,29.33,72.5
2026-02-08 03:00:00,CP-04,Running,54.52,24.18,6.73,367.3,31.77,72.53
2026-01-05 08:00:00,CP-04,Running,53.27,23.62,6.76,380.29,33.13,72.54
2026-03-20 05:00:00,CP-02,Running,49.53,22.38,6.91,339.26,31.12,66.75
2026-01-03 08:00:00,CP-05,Running,58.15,30.44,7.2,460.03,32.8,85.2
2026-02-17 12:00:00,CP-03,Running,49.27,23.83,6.9,319.58,30.67,65.96
2026-02-01 11:00:00,CP-04,Running,49.19,21.28,6.55,322.18,29.85,61.16
2026-02-20 01:00:00,CP-04,Running,47.23,20.38,6.87,294.82,29.35,60.12
2026-03-15 11:00:00,CP-02,Running,54.21,24.58,6.77,337.85,29.89,68.31
2026-03-31 21:00:00,CP-05,Running,51.64,25.96,6.99,352.44,29.01,66.29
2026-03-12 04:00:00,CP-01,Running,54.66,26.02,7.03,402.67,31.41,76.64
2026-01-19 16:00:00,CP-04,Running,46.84,19.98,6.6,277.03,28.45,55.01
2026-03-29 16:00:00,CP-02,Running,48.47,21.77,6.53,323.14,27.43,63.85
2026-01-30 23:00:00,CP-02,Running,50.21,22.59,6.48,335.71,30.12,64.76
2026-03-16 02:00:00,CP-03,Running,53.67,26.8,7.05,431.64,31.08,80.73
2026-02-06 22:00:00,CP-05,Running,53.75,27.71,6.95,403.18,29.54,77.97
2026-01-25 15:00:00,CP-03,Running,52.76,25.6,6.7,308.79,29.98,67.45
2026-01-30 12:00:00,CP-01,Running,53.49,25.45,6.71,382.26,30.69,76.48
2026-03-30 00:00:00,CP-04,Running,50.73,22.2,6.53,336.37,28.23,66.3
2026-03-03 19:00:00,CP-03,Running,50.0,24.33,6.68,347.48,29.69,68.59
2026-03-01 00:00:00,CP-03,Running,52.85,26.07,7.03,400.57,29.33,74.98
2026-02-06 18:00:00,CP-01,Running,48.43,22.21,6.41,312.05,27.14,59.66
2026-03-17 01:00:00,CP-03,Running,49.67,24.17,7.04,329.29,30.83,68.79
2026-03-21 14:00:00,CP-03,Running,50.92,25.1,6.88,361.62,31.05,74.75
2026-03-11 05:00:00,CP-04,Running,48.39,21.06,6.67,345.23,32.79,63.99
2026-02-17 04:00:00,CP-03,Running,55.15,27.66,7.18,406.72,32.63,82.75
2026-03-03 04:00:00,CP-04,Running,47.95,20.67,6.72,306.0,31.98,59.49
2026-01-05 12:00:00,CP-01,Stopped,30.07,12.16,6.77,33.13,25.9,6.3
2026-02-22 11:00:00,CP-01,Running,54.46,25.18,6.89,298.99,29.12,63.35
2026-02-21 15:00:00,CP-01,Running,49.1,22.62,6.65,271.92,27.26,61.68
2026-02-08 21:00:00,CP-05,Stopped,26.05,11.2,6.83,0.89,24.78,0.17
2026-02-14 17:00:00,CP-05,Running,45.86,22.86,6.81,306.35,28.18,62.43
2026-02-01 18:00:00,CP-05,Running,48.41,24.32,6.79,348.92,28.66,66.1
2026-02-08 01:00:00,CP-05,Running,54.69,28.29,7.15,414.19,30.76,79.64
2026-03-12 11:00:00,CP-03,Running,53.35,26.51,6.89,391.36,31.59,78.35
2026-01-12 17:00:00,CP-02,Running,47.57,21.01,6.57,280.02,29.82,56.25
2026-03-20 04:00:00,CP-03,Running,55.41,27.77,7.07,381.33,32.77,82.51
2026-03-31 19:00:00,CP-03,Running,47.28,22.49,6.68,308.91,28.52,58.37
2026-02-15 10:00:00,CP-02,Running,49.86,22.82,6.72,383.0,31.9,72.63
2026-03-22 07:00:00,CP-03,Running,56.55,28.44,6.98,404.43,31.58,84.13
2026-03-16 18:00:00,CP-02,Running,45.7,20.1,6.58,288.4,28.32,54.58
2026-03-08 05:00:00,CP-02,Running,47.8,21.87,6.88,398.11,31.17,72.39
2026-02-23 03:00:00,CP-05,Running,56.01,29.16,7.08,405.72,32.37,82.61
2026-02-18 20:00:00,CP-01,Running,44.63,20.57,6.66,324.43,29.13,61.78
2026-01-16 07:00:00,CP-02,Running,55.53,25.65,7.01,409.32,32.15,76.91
2026-02-24 20:00:00,CP-05,Running,49.03,24.47,6.88,316.98,28.11,63.03
2026-01-27 11:00:00,CP-03,Running,53.62,26.58,6.96,415.22,32.13,77.39
2026-02-05 00:00:00,CP-01,Running,50.99,24.1,6.8,390.61,30.74,73.42
2026-03-06 00:00:00,CP-02,Running,50.95,23.32,6.63,400.25,30.24,72.59
2026-03-29 07:00:00,CP-03,Running,55.77,28.05,7.16,438.04,34.42,84.06
2026-02-14 16:00:00,CP-01,Running,50.78,23.6,6.67,345.13,27.51,65.67
2026-03-23 16:00:00,CP-01,Running,51.93,24.27,6.66,339.97,28.47,68.1
2026-03-29 17:00:00,CP-05,Running,49.78,25.01,6.82,335.25,26.75,65.99
2026-01-04 05:00:00,CP-04,Running,52.71,23.23,6.73,366.78,33.16,69.58
2026-01-26 06:00:00,CP-03,Running,56.04,27.9,7.09,394.48,33.23,79.3
2026-02-01 10:00:00,CP-03,Running,56.46,28.13,6.99,422.45,30.06,79.61
2026-03-20 18:00:00,CP-04,Running,42.96,17.96,6.39,228.17,28.13,46.1
2026-03-22 13:00:00,CP-02,Running,43.61,19.43,6.62,287.04,29.48,60.42
2026-03-06 09:00:00,CP-05,Running,54.95,28.3,7.11,388.79,32.0,77.47
2026-03-05 18:00:00,CP-05,Running,52.84,26.86,6.81,379.19,28.59,71.49
2026-01-14 07:00:00,CP-04,Running,50.52,22.15,6.77,345.85,30.15,67.15
2026-01-24 04:00:00,CP-02,Running,54.75,25.29,6.75,380.44,31.69,76.8
2026-02-07 14:00:00,CP-05,Running,52.15,26.24,6.82,358.19,29.02,66.74
2026-01-12 23:00:00,CP-04,Running,48.44,21.23,6.42,376.45,30.29,67.14
2026-03-16 06:00:00,CP-01,Running,55.04,26.54,7.02,405.6,32.56,82.86
2026-02-25 17:00:00,CP-04,Running,45.99,19.75,6.51,279.27,27.57,57.87
2026-01-12 21:00:00,CP-05,Running,54.07,27.98,6.89,402.93,29.05,79.67
2026-02-25 17:00:00,CP-05,Running,50.03,25.33,6.78,360.22,28.8,69.62
2026-02-23 22:00:00,CP-01,Running,49.6,23.27,6.57,323.8,28.92,69.99
2026-03-28 13:00:00,CP-03,Running,54.25,26.85,6.66,371.09,29.16,76.62
2026-01-24 18:00:00,CP-01,Running,44.72,20.51,6.68,287.35,28.53,59.57
2026-03-14 17:00:00,CP-01,Running,51.76,23.8,6.63,319.64,27.44,60.79
2026-02-08 19:00:00,CP-01,Running,50.45,23.22,6.58,325.76,29.62,61.21
2026-02-26 21:00:00,CP-02,Running,50.97,22.81,6.47,309.76,28.08,62.38
2026-01-04 13:00:00,CP-04,Running,48.12,20.57,6.45,304.31,30.84,55.79
2026-02-16 15:00:00,CP-03,Running,52.42,25.61,6.72,343.1,27.49,70.58
2026-01-06 12:00:00,CP-01,Running,51.75,24.03,6.84,349.05,28.94,65.3
2026-01-08 11:00:00,CP-04,Running,51.09,22.26,6.68,331.99,30.32,64.51
2026-02-25 09:00:00,CP-03,Running,53.56,26.92,7.05,402.34,32.13,83.85
2026-01-18 12:00:00,CP-04,Running,47.83,20.65,6.64,305.52,29.45,60.35
2026-02-18 23:00:00,CP-01,Running,55.62,26.11,6.78,337.62,29.69,70.28
2026-03-09 11:00:00,CP-02,Running,47.39,20.98,6.77,299.0,30.1,57.42
2026-03-29 23:00:00,CP-01,Running,50.68,23.62,6.75,356.73,30.44,66.95
2026-02-27 19:00:00,CP-04,Running,44.81,18.82,6.47,228.81,27.98,47.92
2026-01-15 02:00:00,CP-05,Stopped,29.05,12.62,7.16,21.45,28.5,4.33
2026-02-01 08:00:00,CP-04,Running,53.65,23.81,6.82,383.75,32.87,72.93
2026-01-11 19:00:00,CP-04,Running,48.27,20.45,6.36,272.73,28.19,51.84
2026-01-20 06:00:00,CP-05,Running,54.43,27.83,7.26,371.53,32.11,74.13
2026-02-24 20:00:00,CP-04,Running,49.08,21.19,6.49,297.39,28.96,60.21
2026-03-08 18:00:00,CP-05,Running,52.91,26.97,6.81,377.84,28.36,72.71
2026-02-06 02:00:00,CP-05,Running,55.26,28.42,6.93,428.3,30.95,76.79
2026-02-04 00:00:00,CP-05,Running,56.71,29.47,7.03,446.82,30.11,81.78
2026-03-05 18:00:00,CP-02,Running,50.19,22.36,6.46,332.99,28.41,60.23
2026-03-02 06:00:00,CP-04,Running,54.52,24.05,6.86,394.17,31.37,70.09
2026-03-08 22:00:00,CP-01,Running,52.23,24.34,6.72,347.44,27.52,66.89
2026-03-04 10:00:00,CP-05,Running,55.05,28.6,7.12,412.65,32.39,81.67
2026-03-14 22:00:00,CP-01,Running,53.79,24.99,6.77,353.03,28.97,65.45
2026-02-06 18:00:00,CP-02,Running,46.23,20.43,6.45,312.82,26.99,56.73
2026-02-18 22:00:00,CP-02,Running,49.04,21.91,6.61,314.27,28.63,61.56
2026-02-24 00:00:00,CP-05,Running,53.48,27.55,7.11,410.61,31.56,77.62
2026-02-13 21:00:00,CP-04,Running,48.68,20.66,6.51,268.75,28.38,52.54
2026-02-08 10:00:00,CP-02,Running,51.15,23.52,6.67,367.94,32.5,74.62
2026-03-05 01:00:00,CP-03,Running,52.98,25.82,6.76,365.68,29.44,69.49
2026-02-09 13:00:00,CP-01,Running,50.16,23.71,6.75,385.31,29.05,73.44
2026-01-03 11:00:00,CP-04,Running,50.84,22.3,6.63,355.46,30.28,67.5
2026-02-14 05:00:00,CP-01,Running,52.69,24.88,6.98,359.19,31.58,72.81
2026-03-09 11:00:00,CP-04,Running,52.12,22.74,6.69,344.39,29.94,65.11
2026-03-25 20:00:00,CP-04,Running,43.59,18.41,6.49,240.25,28.43,50.37
2026-02-18 17:00:00,CP-04,Running,49.51,21.19,6.49,267.11,28.78,56.31
2026-03-18 16:00:00,CP-04,Running,46.4,19.78,6.59,282.66,28.07,54.68
2026-02-03 14:00:00,CP-04,Running,46.7,20.31,6.52,335.18,27.98,63.65
2026-03-21 04:00:00,CP-04,Running,51.78,22.67,6.86,335.37,30.87,66.65
2026-03-10 10:00:00,CP-05,Running,54.94,28.81,7.05,431.49,31.11,85.98
2026-02-24 06:00:00,CP-03,Running,53.4,26.51,7.11,372.41,31.86,78.08
2026-03-15 16:00:00,CP-04,Running,43.92,18.68,6.6,286.11,28.0,53.49
2026-03-09 08:00:00,CP-04,Running,51.5,22.82,6.82,367.72,33.75,72.04
2026-02-13 02:00:00,CP-01,Running,52.21,24.69,6.97,364.16,30.97,73.62
2026-02-04 16:00:00,CP-05,Running,51.69,26.01,6.93,339.55,28.63,66.76
2026-01-04 18:00:00,CP-01,Running,43.88,19.89,6.7,273.62,27.8,54.49
2026-02-19 05:00:00,CP-02,Stopped,29.02,11.22,6.82,3.68,28.23,0.73
2026-01-06 09:00:00,CP-05,Running,57.48,29.85,7.16,422.62,31.33,81.41
2026-02-12 15:00:00,CP-01,Running,50.68,23.65,6.69,368.43,29.08,67.46
2026-02-18 13:00:00,CP-04,Running,48.82,20.88,6.45,280.81,27.84,56.07
2026-02-18 05:00:00,CP-05,Running,58.63,31.13,7.12,449.27,32.64,92.0
2026-03-09 20:00:00,CP-02,Running,46.88,20.89,6.57,300.44,28.71,60.33
2026-02-25 18:00:00,CP-02,Running,48.12,21.43,6.6,299.45,27.71,60.13
2026-02-16 02:00:00,CP-02,Running,53.79,24.58,6.92,365.02,31.84,71.77
2026-01-11 08:00:00,CP-02,Running,52.73,23.92,6.96,373.02,31.22,68.45
2026-03-13 23:00:00,CP-01,Stopped,29.25,11.84,6.76,34.61,27.33,6.79
2026-02-25 15:00:00,CP-05,Running,56.76,29.26,7.0,402.13,30.26,77.98
2026-01-13 20:00:00,CP-02,Running,51.28,22.92,6.72,323.06,28.57,61.74
2026-02-25 00:00:00,CP-03,Running,47.73,22.84,6.87,293.77,31.05,61.16
2026-01-20 04:00:00,CP-03,Running,50.74,25.11,7.16,381.29,31.02,76.44
2026-01-03 03:00:00,CP-01,Running,53.6,25.59,6.96,427.83,,78.01
2026-02-23 11:00:00,CP-04,Running,50.37,22.05,6.65,316.59,30.05,66.6
2026-02-03 20:00:00,CP-01,Running,51.69,24.27,6.61,350.28,28.29,70.36
2026-03-22 10:00:00,CP-01,Running,53.86,25.41,6.89,350.92,30.49,72.47
2026-03-14 02:00:00,CP-01,Running,52.1,24.61,6.76,400.4,30.88,73.16
2026-01-21 01:00:00,CP-05,Running,51.13,26.51,7.07,383.85,31.3,80.68
2026-03-27 06:00:00,CP-05,Running,54.54,28.47,7.23,408.01,31.49,83.87
2026-01-05 13:00:00,CP-04,Running,47.79,20.3,6.52,285.05,28.7,53.06
2026-03-29 17:00:00,CP-03,Running,48.5,23.67,6.84,332.19,28.35,70.12
2026-01-28 15:00:00,CP-05,Running,49.02,24.96,7.16,344.26,27.53,72.28
2026-03-22 19:00:00,CP-02,Running,44.96,19.67,6.47,268.5,28.5,52.29
2026-01-06 04:00:00,CP-02,Running,51.95,23.49,6.87,357.22,31.02,67.01
2026-03-14 03:00:00,CP-03,Running,51.11,25.34,6.99,404.51,31.93,77.32
2026-02-12 04:00:00,CP-04,Running,54.5,24.12,6.73,374.98,31.72,71.59
2026-03-11 19:00:00,CP-02,Running,48.92,21.99,6.57,322.99,26.8,64.43
2026-02-19 03:00:00,CP-03,Running,52.48,26.09,6.99,381.45,31.45,78.6
2026-02-14 02:00:00,CP-02,Running,53.28,24.39,6.86,362.64,29.89,72.72
2026-03-26 02:00:00,CP-05,Running,57.17,29.74,7.03,400.75,32.63,82.24
2026-02-26 00:00:00,CP-05,Running,55.07,28.42,6.9,391.64,29.65,78.52
2026-03-04 08:00:00,CP-03,Running,57.17,28.65,7.05,441.4,32.08,82.38
2026-01-29 05:00:00,CP-02,Running,55.98,25.91,6.87,396.51,32.02,77.81
2026-01-30 02:00:00,CP-01,Running,53.88,25.62,6.88,394.36,31.62,76.19
2026-03-31 12:00:00,CP-02,Running,52.61,24.06,6.69,376.29,29.26,72.27
2026-01-31 09:00:00,CP-01,Running,52.01,24.71,6.92,391.3,31.92,75.76
2026-02-12 16:00:00,CP-02,Running,50.41,22.54,6.52,317.03,28.36,62.01
2026-01-09 07:00:00,CP-03,Running,61.01,30.46,7.02,425.54,31.87,80.68
2026-03-23 21:00:00,CP-05,Running,53.3,27.26,6.97,380.15,28.98,74.33
2026-01-29 15:00:00,CP-05,Running,53.5,27.22,6.79,374.32,30.02,71.84
2026-02-13 20:00:00,CP-03,Running,52.09,25.21,6.81,351.81,29.21,66.28
2026-03-16 02:00:00,CP-04,Running,47.39,20.82,6.75,342.02,29.78,68.16
2026-01-24 05:00:00,CP-01,Running,57.7,27.41,6.83,373.77,31.28,75.66
2026-01-31 15:00:00,CP-03,Running,48.94,23.55,6.85,314.98,28.67,63.59
2026-03-22 09:00:00,CP-03,Running,55.13,27.3,6.97,385.56,31.49,76.82
2026-03-06 08:00:00,CP-01,Running,52.69,24.98,6.96,394.06,30.85,74.84
2026-03-14 14:00:00,CP-04,Running,44.86,19.0,6.46,259.94,28.22,51.69
2026-03-25 19:00:00,CP-04,Running,46.56,19.6,6.52,246.67,27.6,48.97
2026-02-12 12:00:00,CP-03,Stopped,29.43,12.28,7.03,16.42,27.03,3.3
2026-01-11 12:00:00,CP-05,Running,58.7,30.54,6.96,426.79,30.07,82.24
2026-01-16 22:00:00,CP-05,Running,50.24,25.72,6.91,379.16,29.99,74.77
2026-01-17 21:00:00,CP-03,Running,54.48,26.96,6.77,377.06,28.56,76.47
2026-03-10 17:00:00,CP-02,Running,45.39,19.98,6.66,293.82,29.19,54.77
2026-02-12 02:00:00,CP-03,Running,55.34,27.66,6.93,431.16,31.58,81.21
2026-03-28 22:00:00,CP-03,Running,53.88,26.32,6.94,343.25,28.88,70.57
2026-01-23 02:00:00,CP-05,Running,54.14,28.17,7.01,402.19,31.61,82.4
2026-02-18 19:00:00,CP-03,Running,51.74,25.12,6.92,327.45,28.15,67.65
2026-01-12 05:00:00,CP-04,Running,54.37,24.5,6.72,422.07,31.98,80.02
2026-01-21 14:00:00,CP-03,Running,51.1,24.99,6.85,350.64,29.46,71.04
2026-01-12 02:00:00,CP-03,Running,56.26,28.12,7.02,414.73,32.29,81.26
2026-02-11 15:00:00,CP-01,Running,52.2,24.53,6.57,367.98,29.94,70.71
2026-03-04 15:00:00,CP-01,Stopped,27.67,11.06,6.77,10.21,27.16,2.0
2026-03-23 22:00:00,CP-05,Running,52.77,26.8,6.85,352.23,28.56,71.02
2026-02-20 08:00:00,CP-05,Running,60.49,32.1,7.24,448.33,32.32,91.69
2026-01-31 03:00:00,CP-04,Running,51.41,22.6,6.66,352.38,31.08,68.54
2026-02-02 07:00:00,CP-03,Running,52.45,26.11,,411.91,30.97,79.27
2026-01-13 10:00:00,CP-03,Running,50.32,24.92,6.99,399.5,29.83,76.76
2026-03-19 08:00:00,CP-01,Running,54.32,25.62,6.92,349.78,32.03,72.37
2026-03-25 23:00:00,CP-01,Stopped,29.29,11.77,6.75,20.0,26.13,4.03
2026-01-10 06:00:00,CP-05,Running,56.25,29.28,7.12,413.27,33.34,82.46
2026-03-23 06:00:00,CP-04,Running,47.08,20.76,6.95,341.27,33.4,69.92
2026-02-22 01:00:00,CP-01,Running,55.61,26.45,6.8,404.33,30.83,76.27
2026-01-07 17:00:00,CP-03,Running,51.64,25.05,6.73,359.97,28.17,67.24
2026-02-11 00:00:00,CP-03,Stopped,29.56,12.41,6.93,31.34,28.54,5.8
2026-03-13 22:00:00,CP-02,Running,49.16,21.81,6.64,311.58,28.2,58.48
2026-03-05 12:00:00,CP-03,Running,45.85,22.1,6.87,324.56,29.33,64.31
2026-02-08 17:00:00,CP-02,Running,44.15,19.39,6.6,276.04,27.41,53.99
2026-02-28 06:00:00,CP-05,Running,53.49,27.71,7.17,405.09,32.42,80.23
2026-02-22 15:00:00,CP-04,Running,45.13,19.23,6.54,267.33,28.45,54.33
2026-02-09 01:00:00,CP-05,Running,57.13,29.68,7.06,417.45,31.49,81.67
2026-03-29 14:00:00,CP-04,Running,45.3,19.26,6.65,246.49,28.37,53.45
2026-02-06 17:00:00,CP-02,Running,47.17,20.97,6.54,309.44,30.1,59.35
2026-02-26 19:00:00,CP-05,Running,49.73,24.8,6.94,327.62,27.25,62.65
2026-02-24 06:00:00,CP-01,Running,56.89,27.32,6.89,396.78,32.46,80.87
2026-03-02 03:00:00,CP-04,Running,53.02,23.48,6.67,361.31,31.54,71.92
2026-01-18 05:00:00,CP-04,Running,49.23,21.64,6.75,329.74,32.41,68.56
2026-02-17 21:00:00,CP-01,Running,48.54,22.58,6.76,318.49,28.72,65.99
2026-01-02 02:00:00,CP-02,Running,50.84,23.01,6.87,340.56,32.2,67.36
2026-02-07 06:00:00,CP-01,Running,54.28,26.21,7.08,415.11,32.18,83.48
2026-01-16 00:00:00,CP-04,Running,45.98,19.79,6.64,285.92,29.08,58.91
2026-01-17 23:00:00,CP-01,Running,51.26,23.81,6.92,328.32,28.39,65.34
2026-03-28 17:00:00,CP-05,Running,48.75,24.4,6.74,288.98,28.05,64.3
2026-01-31 13:00:00,CP-02,Running,53.83,24.2,6.78,307.85,28.36,64.46
2026-02-09 01:00:00,CP-01,Running,50.91,23.74,6.9,356.94,31.6,67.21
2026-02-02 11:00:00,CP-02,Running,47.25,21.07,6.8,299.34,30.88,60.69
2026-01-10 05:00:00,CP-04,Running,51.65,22.57,6.71,346.9,32.13,65.66
2026-02-06 16:00:00,CP-02,Running,49.88,22.38,6.5,336.03,28.43,63.35
2026-03-26 14:00:00,CP-05,Running,53.33,27.2,7.03,374.96,29.02,72.92
2026-03-31 02:00:00,CP-03,Running,50.77,25.09,7.05,366.83,31.25,75.78
2026-03-08 10:00:00,CP-01,Running,54.8,26.13,6.98,433.97,30.78,77.57
2026-03-05 11:00:00,CP-02,Running,52.85,23.92,6.79,376.18,31.61,67.43
2026-03-23 20:00:00,CP-02,Running,47.61,21.21,6.47,299.87,28.1,60.41
2026-03-04 05:00:00,CP-04,Stopped,29.52,11.11,6.88,12.31,28.01,2.33
2026-01-19 10:00:00,CP-02,Running,53.53,24.27,6.76,330.5,28.98,68.2
2026-02-27 07:00:00,CP-03,Running,48.18,23.43,6.89,336.35,33.37,68.36
2026-03-10 20:00:00,CP-03,Running,51.21,24.89,6.67,368.54,29.36,68.21
2026-03-10 03:00:00,CP-05,Running,56.42,29.47,7.03,437.73,31.82,84.05
2026-03-31 13:00:00,CP-03,Running,57.84,28.38,6.98,364.8,31.19,72.62
2026-02-04 04:00:00,CP-04,Running,55.7,24.63,6.76,346.82,31.75,71.19
2026-01-17 02:00:00,CP-05,Running,52.8,27.15,7.19,388.25,33.91,76.77
2026-02-03 19:00:00,CP-05,Running,53.69,27.56,6.75,412.84,29.45,76.01
2026-03-28 13:00:00,CP-01,Running,50.65,23.5,6.71,331.17,30.1,64.9
2026-02-25 08:00:00,CP-05,Running,58.77,30.66,7.04,415.55,30.88,83.51
2026-03-28 19:00:00,CP-03,Running,54.69,26.54,6.72,335.17,28.29,67.45
2026-02-03 04:00:00,CP-01,Running,55.86,26.93,6.85,414.39,31.93,82.58
2026-03-22 08:00:00,CP-02,Running,56.38,25.96,6.75,375.91,31.21,75.39
2026-02-22 23:00:00,CP-03,Running,48.86,23.59,6.84,331.31,29.34,65.18
2026-02-08 09:00:00,CP-02,Running,52.39,23.93,6.71,395.04,31.75,71.7
2026-02-12 10:00:00,CP-01,Running,49.38,22.95,6.9,346.05,29.85,65.68
2026-02-17 01:00:00,CP-01,Running,55.79,26.12,6.82,320.18,30.31,69.09
2026-03-24 03:00:00,CP-02,Running,53.12,24.22,6.86,332.01,31.9,70.91
2026-03-25 13:00:00,CP-01,Running,48.53,22.43,6.91,313.25,29.82,63.16
2026-01-27 09:00:00,CP-04,Running,49.61,21.7,6.67,323.02,33.15,66.15
2026-03-06 09:00:00,CP-04,Running,50.73,22.43,6.77,372.2,30.69,71.1
2026-02-16 03:00:00,CP-01,Running,54.84,26.0,7.02,382.17,30.8,74.8
2026-03-14 13:00:00,CP-04,Running,48.31,20.69,6.56,293.15,29.65,56.71
2026-03-18 17:00:00,CP-02,Running,45.66,20.01,6.64,267.01,27.09,52.9
2026-01-25 03:00:00,CP-01,Running,55.45,26.54,6.98,404.92,31.5,79.23
2026-02-16 22:00:00,CP-05,Running,53.08,26.93,6.91,354.07,29.97,70.64
2026-03-07 07:00:00,CP-01,Running,53.12,25.17,6.87,398.84,32.31,74.52
2026-03-29 20:00:00,CP-05,Running,51.36,25.78,6.94,332.34,26.83,65.65
2026-02-20 16:00:00,CP-05,Running,54.14,27.66,7.05,370.01,27.09,73.83
2026-01-28 15:00:00,CP-04,Running,46.02,19.55,6.54,281.27,27.45,52.94
2026-03-18 16:00:00,CP-01,Running,47.4,21.86,6.86,304.8,27.89,62.14
2026-03-14 23:00:00,CP-04,Running,44.62,18.9,6.48,267.27,28.88,51.93
2026-02-16 20:00:00,CP-01,Running,50.39,23.28,6.71,308.81,27.89,62.98
2026-02-21 08:00:00,CP-05,Running,57.18,29.59,6.96,387.63,33.11,79.81
2026-03-15 07:00:00,CP-03,Running,60.05,30.54,6.85,452.67,33.82,89.53
2026-02-28 03:00:00,CP-05,Running,55.82,28.75,6.92,387.67,32.86,77.56
2026-03-08 09:00:00,CP-01,Running,51.88,24.27,6.79,369.34,32.0,68.73
2026-03-16 03:00:00,CP-04,Running,50.01,21.86,6.81,321.16,29.7,65.83
2026-03-14 00:00:00,CP-03,Running,56.45,28.05,6.91,397.71,30.24,78.39
2026-03-10 16:00:00,CP-01,Running,50.57,23.44,6.74,336.65,30.28,64.43
2026-02-11 13:00:00,CP-03,Running,53.97,26.69,6.86,397.68,30.44,76.2
2026-01-14 00:00:00,CP-01,Running,52.33,24.79,6.82,362.12,30.19,74.38
2026-01-06 21:00:00,CP-03,Running,50.35,24.53,6.88,364.56,28.18,69.32
2026-02-16 04:00:00,CP-02,Running,49.71,22.34,6.79,302.74,31.97,64.15
2026-01-06 09:00:00,CP-03,Running,57.07,28.7,7.01,476.65,31.82,84.03
2026-03-11 23:00:00,CP-05,Running,54.94,28.59,6.91,440.11,30.67,82.38
2026-01-20 07:00:00,CP-02,Running,53.26,24.44,6.81,368.61,31.94,73.88
2026-01-12 01:00:00,CP-05,Running,59.81,31.4,6.93,431.52,31.86,86.6
2026-02-19 19:00:00,CP-03,Running,48.88,23.35,6.78,297.74,27.35,60.22
2026-01-22 03:00:00,CP-03,Running,52.64,26.34,7.07,404.71,31.97,81.79
2026-02-17 11:00:00,CP-05,Running,53.05,27.1,6.94,363.59,31.0,73.7
2026-03-08 04:00:00,CP-03,Running,56.79,28.64,6.92,474.88,31.7,85.48
2026-01-17 08:00:00,CP-05,Running,59.2,30.89,7.17,419.08,31.82,83.65
2026-02-05 18:00:00,CP-03,Running,51.23,24.71,6.76,352.69,28.76,64.7
2026-02-02 20:00:00,CP-05,Running,46.59,23.47,6.9,340.13,28.25,67.23
2026-01-18 09:00:00,CP-01,Stopped,30.83,12.36,7.09,14.52,27.88,2.99
2026-02-23 14:00:00,CP-04,Running,47.87,20.48,6.59,286.4,29.42,56.31
2026-03-04 09:00:00,CP-01,Running,56.61,26.73,6.83,386.45,30.93,72.87
2026-02-24 17:00:00,CP-04,Running,48.27,20.57,6.2,280.06,27.76,54.39
2026-02-11 00:00:00,CP-04,Running,49.76,21.58,6.6,322.64,29.59,62.39
2026-03-26 23:00:00,CP-05,Running,53.21,27.27,7.02,382.24,30.52,75.22
2026-03-14 18:00:00,CP-04,Running,48.26,20.9,6.51,324.54,27.76,61.63
2026-03-14 04:00:00,CP-01,Running,52.08,24.84,6.96,388.61,32.36,77.48
2026-03-06 17:00:00,CP-03,Running,47.57,22.97,6.76,334.15,29.67,65.22
2026-02-01 23:00:00,CP-03,Running,52.96,25.69,6.89,353.45,30.75,67.31
2026-01-12 06:00:00,CP-01,Running,57.25,27.6,6.82,402.98,32.05,82.68
2026-01-12 03:00:00,CP-05,Running,54.21,28.05,7.15,428.53,31.87,79.71
2026-02-26 07:00:00,CP-02,Running,54.91,25.42,6.98,390.66,31.89,77.86
2026-02-06 09:00:00,CP-05,Running,59.24,30.9,7.04,460.87,31.85,83.48
2026-01-03 02:00:00,CP-03,Running,58.14,29.17,6.98,467.87,29.96,82.95
2026-01-26 18:00:00,CP-01,Running,51.26,23.83,6.61,349.26,27.4,65.72
2026-01-12 08:00:00,CP-05,Running,58.37,30.43,7.04,428.76,33.33,83.32
2026-03-17 12:00:00,CP-05,Running,53.33,27.54,7.04,408.64,29.3,78.86
2026-03-27 19:00:00,CP-03,Running,47.36,22.92,6.79,330.29,29.13,66.3
2026-02-26 23:00:00,CP-05,Running,59.34,30.78,6.85,373.0,29.46,80.82
2026-01-17 10:00:00,CP-04,Running,49.17,21.45,6.63,331.44,31.82,64.98
2026-01-21 03:00:00,CP-02,Running,53.45,24.08,6.74,300.73,31.7,65.3
2026-03-12 12:00:00,CP-04,Running,49.7,21.42,6.62,319.96,29.62,59.65
2026-03-31 20:00:00,CP-05,Running,51.21,25.65,6.98,318.22,27.63,64.66
2026-01-22 15:00:00,CP-01,Running,52.43,24.56,6.74,354.33,28.78,69.27
2026-01-07 00:00:00,CP-05,Running,54.95,28.27,6.96,405.91,31.14,76.97
2026-02-24 14:00:00,CP-03,Running,51.7,25.09,6.75,337.26,29.44,67.41
2026-02-01 18:00:00,CP-01,Running,51.02,23.21,6.56,296.48,27.79,56.02
2026-02-02 03:00:00,CP-01,Running,53.34,25.14,6.88,406.79,30.9,72.02
2026-03-05 17:00:00,CP-02,Running,43.28,18.9,6.54,272.68,28.08,51.45
2026-01-10 22:00:00,CP-05,Running,50.28,25.3,7.01,344.73,30.07,66.82
2026-02-21 15:00:00,CP-05,Running,52.31,26.78,6.82,352.15,29.44,74.82
2026-03-16 20:00:00,CP-02,Running,49.09,21.87,6.53,303.66,28.09,60.25
2026-03-23 23:00:00,CP-01,Running,52.39,24.54,6.8,344.34,29.02,69.22
2026-02-08 19:00:00,CP-03,Running,52.02,25.38,6.78,382.81,27.43,69.89
2026-02-11 02:00:00,CP-03,Running,54.82,27.11,6.86,390.52,30.62,76.16
2026-02-04 04:00:00,CP-01,Running,52.24,24.97,6.91,401.48,30.91,78.69
2026-01-28 08:00:00,CP-03,Running,57.62,29.12,7.0,428.27,31.26,86.34
2026-03-18 07:00:00,CP-01,Running,56.21,26.72,6.94,383.67,30.44,76.05
2026-01-02 01:00:00,CP-01,Running,56.59,26.75,6.71,388.1,31.27,73.46
2026-03-30 15:00:00,CP-02,Running,50.85,23.14,6.7,368.49,26.53,69.98
2026-02-23 22:00:00,CP-02,Running,53.57,24.1,6.63,326.41,29.77,64.61
2026-01-01 23:00:00,CP-04,Running,46.91,20.1,6.6,288.66,29.82,56.83
2026-01-18 04:00:00,CP-03,Running,53.27,26.24,6.96,368.98,30.66,74.39
2026-03-16 15:00:00,CP-01,Running,48.57,22.39,6.73,327.24,29.84,62.02
2026-03-23 09:00:00,CP-01,Running,50.42,23.58,7.0,321.46,31.9,68.54
2026-02-18 02:00:00,CP-03,Running,52.36,25.78,6.89,372.18,29.2,74.23
2026-01-15 01:00:00,CP-03,Stopped,30.59,12.81,6.84,24.52,26.73,4.73
2026-01-01 09:00:00,CP-03,Stopped,29.75,12.4,7.01,16.68,28.92,3.0
2026-02-02 14:00:00,CP-02,Running,49.16,22.16,6.75,339.07,29.29,65.47
2026-01-13 03:00:00,CP-02,Running,51.18,23.25,6.9,356.28,30.37,69.12
2026-02-12 11:00:00,CP-03,Running,53.51,26.42,6.96,364.4,29.66,75.48
2026-01-04 01:00:00,CP-02,Running,52.26,23.64,6.53,382.7,30.4,67.2
2026-01-26 14:00:00,CP-05,Stopped,29.03,12.52,6.89,7.36,27.23,1.52
2026-03-31 16:00:00,CP-02,Running,53.53,24.14,6.57,344.02,30.42,65.9
2026-03-03 16:00:00,CP-02,Running,45.93,20.51,6.62,313.78,30.62,61.31
2026-01-25 06:00:00,CP-04,Running,51.24,22.63,6.63,347.29,31.85,70.58
2026-03-27 18:00:00,CP-02,Stopped,27.9,10.82,6.58,10.13,25.15,2.03
2026-01-01 16:00:00,CP-05,Running,49.96,25.34,6.87,353.45,30.22,70.32
2026-01-26 06:00:00,CP-01,Running,53.42,25.36,7.01,360.2,31.36,75.34
2026-01-04 01:00:00,CP-03,Running,55.4,27.33,7.1,396.95,30.19,75.02
2026-01-08 00:00:00,CP-04,Running,45.99,19.77,6.57,298.42,29.33,58.35
2026-02-07 14:00:00,CP-04,Running,44.62,19.04,6.5,302.43,27.68,55.12
2026-03-02 14:00:00,CP-02,Running,52.97,24.05,6.71,361.94,29.43,68.95
2026-03-09 03:00:00,CP-03,Running,55.37,27.52,6.99,407.0,32.86,78.59
2026-03-05 03:00:00,CP-04,Running,53.27,23.46,6.8,365.2,31.74,69.41
2026-03-25 19:00:00,CP-03,Running,51.31,24.78,6.62,321.82,27.41,65.27
2026-02-16 02:00:00,CP-05,Running,55.01,28.58,6.85,412.44,30.9,81.66
2026-01-16 21:00:00,CP-03,Running,50.82,24.74,6.77,341.24,29.72,68.96
2026-02-07 18:00:00,CP-02,Stopped,26.48,10.26,6.35,9.08,25.97,1.74
2026-03-26 08:00:00,CP-03,Running,56.54,28.19,7.02,375.79,32.36,79.95
2026-02-06 11:00:00,CP-02,Stopped,28.33,10.98,6.78,9.78,27.2,1.74
2026-03-22 12:00:00,CP-02,Running,52.08,23.51,6.66,326.58,29.39,66.19
2026-02-08 00:00:00,CP-03,Running,53.01,25.75,6.9,379.11,30.37,67.96
2026-02-21 13:00:00,CP-05,Running,56.83,29.5,6.98,426.24,32.63,81.16
2026-03-25 22:00:00,CP-03,Running,55.65,27.32,6.67,355.54,30.46,72.81
2026-01-16 03:00:00,CP-05,Running,54.54,28.31,7.1,414.15,30.46,81.25
2026-03-11 03:00:00,CP-02,Running,54.76,25.08,6.78,400.16,30.91,72.96
2026-01-30 20:00:00,CP-02,Running,48.66,21.5,6.66,304.63,28.38,56.46
2026-02-27 02:00:00,CP-01,Running,56.57,27.04,6.97,388.1,31.13,78.66
2026-02-08 07:00:00,CP-05,Running,58.72,30.71,7.11,447.01,33.01,84.82
2026-01-07 01:00:00,CP-05,Running,55.76,29.0,6.97,406.2,32.29,82.09
2026-02-11 13:00:00,CP-04,Running,50.04,21.4,6.63,272.76,29.12,55.96
2026-02-15 22:00:00,CP-05,Running,52.64,26.91,7.01,359.15,30.39,73.96
2026-02-06 10:00:00,CP-03,Running,53.89,26.58,6.91,383.82,31.34,74.98
2026-03-19 06:00:00,CP-04,Running,52.46,23.27,6.89,371.96,31.85,72.64
2026-03-01 04:00:00,CP-03,Running,54.73,27.51,6.99,448.27,30.39,83.89
2026-02-19 13:00:00,CP-05,Running,54.44,28.04,7.03,394.56,29.62,77.61
2026-03-18 16:00:00,CP-05,Running,50.98,25.79,6.82,363.73,30.0,69.17
2026-03-08 05:00:00,CP-03,Running,53.96,26.68,6.98,408.04,,76.15
2026-02-26 04:00:00,CP-03,Running,53.73,26.91,6.87,409.65,30.59,82.17
2026-02-01 02:00:00,CP-01,Running,54.86,26.18,6.92,412.48,29.81,77.77
2026-02-05 08:00:00,CP-01,Running,56.11,26.95,6.87,417.06,32.03,80.94
2026-01-23 12:00:00,CP-01,Running,51.68,24.1,6.79,312.45,30.54,67.28
2026-01-26 22:00:00,CP-05,Running,51.81,26.33,7.02,344.63,30.31,71.4
2026-02-20 23:00:00,CP-05,Running,50.18,25.21,6.86,336.61,29.31,66.02
2026-02-26 07:00:00,CP-04,Running,51.62,22.62,6.85,324.72,31.35,67.0
2026-01-09 15:00:00,CP-04,Running,45.66,19.58,6.42,297.08,27.95,57.35
2026-01-24 05:00:00,CP-02,Running,53.4,24.36,6.83,328.72,31.51,70.98
2026-01-23 19:00:00,CP-04,Running,46.84,19.91,6.65,258.94,27.43,53.34
2026-03-01 20:00:00,CP-03,Running,54.64,26.62,6.64,335.06,28.58,69.2
2026-01-18 20:00:00,CP-02,Running,51.46,23.28,6.47,321.11,28.41,67.16
2026-01-21 15:00:00,CP-01,Running,49.18,22.82,6.83,329.37,29.0,64.96
2026-03-06 15:00:00,CP-05,Running,50.35,25.73,6.84,395.3,28.4,73.83
2026-03-25 15:00:00,CP-04,Running,46.28,19.74,6.52,279.45,28.44,54.8
2026-03-30 22:00:00,CP-03,Stopped,28.6,11.98,6.81,22.56,26.6,4.91
2026-01-20 15:00:00,CP-04,Running,47.37,20.27,6.39,298.62,27.9,56.26
2026-02-24 13:00:00,CP-02,Running,49.4,22.06,6.61,308.0,29.75,61.36
2026-03-29 10:00:00,CP-03,Running,54.57,27.14,6.94,404.89,31.0,78.79
2026-01-27 21:00:00,CP-01,Running,49.49,22.88,6.67,310.1,28.73,63.37
2026-02-01 10:00:00,CP-01,Running,53.45,25.44,6.74,378.47,30.35,76.72
2026-01-29 15:00:00,CP-02,Running,49.68,22.28,6.65,333.14,28.2,63.32
2026-03-29 06:00:00,CP-04,Running,49.88,22.11,6.81,382.69,31.85,72.29
2026-01-17 21:00:00,CP-04,Running,43.46,18.36,6.44,233.89,28.02,50.64
2026-03-15 04:00:00,CP-04,Running,49.36,21.37,6.63,311.69,31.19,61.58
2026-02-25 07:00:00,CP-02,Running,50.37,22.87,6.98,346.22,32.34,69.01
2026-03-25 12:00:00,CP-03,Running,55.48,27.76,6.68,408.08,31.26,81.62
2026-01-09 06:00:00,CP-05,Running,56.58,29.32,7.18,425.84,31.13,80.36
2026-03-03 22:00:00,CP-04,Running,48.65,20.77,6.59,288.55,29.24,55.39
2026-01-09 12:00:00,CP-03,Running,50.64,24.64,6.96,360.07,31.08,68.72
2026-01-27 07:00:00,CP-02,Running,55.62,26.14,6.81,421.92,32.76,85.12
2026-03-30 22:00:00,CP-01,Running,52.18,24.29,6.74,340.04,30.01,66.33
2026-03-28 21:00:00,CP-01,Running,54.11,25.64,6.75,385.51,29.71,74.62
2026-01-15 22:00:00,CP-04,Running,46.97,20.1,6.45,287.17,27.65,56.31
2026-01-25 00:00:00,CP-01,Running,53.04,25.03,6.74,354.51,31.61,72.73
2026-01-23 12:00:00,CP-04,Running,51.01,21.98,6.54,310.15,30.05,59.39
2026-03-10 18:00:00,CP-05,Running,50.4,25.74,6.82,387.3,28.85,73.59
2026-01-23 14:00:00,CP-05,Running,51.61,26.29,6.91,345.53,28.94,72.38
2026-01-12 05:00:00,CP-02,Running,49.71,22.53,6.79,371.12,32.12,68.06
2026-03-31 18:00:00,CP-02,Running,42.0,18.41,6.47,259.04,26.45,53.02
2026-03-21 15:00:00,CP-04,Running,42.42,18.1,6.63,277.82,27.12,54.88
2026-01-10 11:00:00,CP-04,Stopped,30.85,11.72,6.63,34.47,27.85,6.2
2026-01-05 05:00:00,CP-04,Running,49.91,21.79,6.64,353.08,31.65,65.45
2026-01-22 14:00:00,CP-02,Stopped,26.42,10.31,6.72,21.38,25.75,4.3
2026-03-02 23:00:00,CP-01,Running,48.47,22.38,6.81,348.92,30.11,62.61
2026-03-13 07:00:00,CP-04,Running,51.34,22.58,6.78,357.45,32.13,68.63
2026-01-15 11:00:00,CP-04,Running,53.58,23.33,6.63,329.26,29.6,64.04
2026-03-07 11:00:00,CP-03,Running,51.38,25.09,7.03,365.67,32.24,70.32
2026-01-01 05:00:00,CP-02,Running,55.46,25.73,6.78,409.42,31.46,78.92
2026-03-12 18:00:00,CP-03,Running,49.93,24.46,6.71,390.91,27.95,71.85
2026-02-19 21:00:00,CP-03,Running,51.44,25.32,6.85,384.14,29.48,74.07
2026-03-17 03:00:00,CP-01,Running,54.34,25.71,6.91,376.49,30.8,73.87
2026-03-30 20:00:00,CP-01,Running,50.35,23.16,6.6,317.33,29.91,60.99
2026-01-29 18:00:00,CP-04,Running,47.29,20.04,6.57,277.55,27.09,52.05
2026-03-26 19:00:00,CP-04,Running,43.07,18.31,6.51,264.77,28.17,53.48
2026-01-27 16:00:00,CP-02,Stopped,30.11,11.67,6.51,9.15,26.12,1.89
2026-03-16 08:00:00,CP-05,Running,57.8,30.17,7.06,427.25,32.29,83.87
2026-03-19 14:00:00,CP-01,Running,54.73,25.68,6.63,345.43,29.15,70.06
2026-01-15 09:00:00,CP-03,Running,52.75,25.92,7.02,371.23,31.77,73.23
2026-03-15 04:00:00,CP-02,Running,52.9,24.62,6.86,418.78,32.82,80.32
2026-03-08 10:00:00,CP-03,Running,51.24,24.72,6.91,328.49,31.05,64.85
2026-02-16 18:00:00,CP-04,Running,43.03,18.29,6.52,270.16,28.24,53.26
2026-03-22 07:00:00,CP-04,Running,52.24,22.89,6.76,337.27,30.63,66.89
2026-01-12 21:00:00,CP-04,Running,46.86,20.11,6.6,307.53,28.88,57.68
2026-03-30 11:00:00,CP-04,Running,49.33,21.76,6.55,353.44,31.64,69.99
2026-03-07 15:00:00,CP-03,Running,46.17,22.34,6.73,346.77,28.86,66.15
2026-01-23 04:00:00,CP-01,Running,54.66,26.02,6.95,404.35,32.67,76.74
2026-03-23 04:00:00,CP-03,Running,54.78,27.35,7.05,397.9,32.37,80.71
2026-03-30 20:00:00,CP-02,Running,45.74,20.25,6.58,283.09,28.19,57.45
2026-03-17 14:00:00,CP-05,Running,54.17,27.79,6.86,397.51,30.0,75.68
2026-02-22 17:00:00,CP-02,Running,47.37,21.16,6.61,298.09,25.87,61.57
2026-03-09 07:00:00,CP-02,Running,50.18,22.96,6.88,388.11,31.51,72.51
2026-03-23 06:00:00,CP-03,Stopped,29.35,12.32,6.99,28.15,28.84,5.77
2026-02-24 03:00:00,CP-03,Running,52.05,25.79,7.14,362.68,32.97,77.14
2026-01-27 18:00:00,CP-01,Running,49.29,22.94,6.56,345.89,28.72,66.24
2026-01-02 23:00:00,CP-03,Running,49.93,24.46,6.85,394.26,28.55,71.77
2026-03-31 16:00:00,CP-03,Running,51.62,25.19,6.77,376.5,28.25,69.95
2026-03-11 17:00:00,CP-01,Running,49.11,22.41,6.58,313.93,28.35,57.29
2026-01-25 11:00:00,CP-03,Running,47.61,23.32,6.8,335.12,30.32,71.69
2026-03-27 19:00:00,CP-05,Running,51.37,26.13,6.87,349.83,29.09,71.76
2026-03-25 05:00:00,CP-04,Running,55.25,24.34,6.74,374.52,30.77,69.49
2026-02-09 12:00:00,CP-05,Running,54.48,28.14,7.06,442.01,30.63,78.82
2026-03-18 00:00:00,CP-05,Running,53.96,27.8,7.02,387.61,30.3,77.72
2026-03-19 21:00:00,CP-01,Running,53.72,24.98,6.62,339.17,29.36,65.91
2026-01-04 03:00:00,CP-05,Running,56.48,29.62,7.11,456.94,30.64,86.01
2026-01-06 16:00:00,CP-04,Running,44.81,19.14,6.67,306.83,28.48,55.52
2026-01-16 04:00:00,CP-03,Running,56.15,27.88,6.92,388.28,32.67,78.17
2026-03-31 12:00:00,CP-01,Running,49.96,23.06,6.72,304.81,29.73,62.46
2026-03-02 07:00:00,CP-05,Running,56.28,29.5,7.19,440.98,31.4,85.82
2026-02-11 18:00:00,CP-01,Running,47.23,21.82,6.62,316.39,28.83,63.0
2026-03-24 04:00:00,CP-02,Running,50.49,23.04,6.77,339.64,31.1,71.25
2026-03-23 09:00:00,CP-03,Running,56.06,27.72,7.07,359.91,31.58,76.1
2026-02-16 12:00:00,CP-04,Running,48.32,21.04,6.59,311.51,28.75,64.02
2026-02-17 01:00:00,CP-02,Running,46.36,20.51,6.75,287.99,30.68,57.11
2026-01-08 19:00:00,CP-04,Running,47.43,20.4,6.54,304.04,27.36,58.62
2026-01-09 00:00:00,CP-04,Running,46.01,19.84,6.63,318.49,29.38,59.7
2026-02-19 03:00:00,CP-01,Running,51.82,24.58,6.83,345.7,31.11,75.03
2026-03-22 19:00:00,CP-04,Running,46.51,19.67,6.55,249.01,28.46,51.17
2026-01-03 23:00:00,CP-03,Running,54.22,26.79,6.89,393.77,29.55,75.71
2026-02-01 16:00:00,CP-01,Running,49.33,22.89,6.68,334.85,29.37,65.01
2026-03-10 01:00:00,CP-05,Running,56.68,29.46,7.11,413.53,30.14,81.79
2026-01-28 09:00:00,CP-05,Running,53.65,27.96,7.12,422.26,32.14,83.16
2026-03-21 01:00:00,CP-05,Running,56.22,29.5,6.78,433.3,31.43,86.36
2026-02-22 10:00:00,CP-04,Running,49.43,21.43,6.7,302.31,30.24,62.26
2026-03-12 18:00:00,CP-05,Stopped,29.03,12.6,6.78,19.81,25.62,3.86
2026-03-12 05:00:00,CP-05,Running,57.78,30.63,7.21,502.71,33.17,91.18
2026-02-16 07:00:00,CP-05,Running,60.87,32.07,7.15,434.0,32.23,88.31
2026-01-23 10:00:00,CP-03,Running,55.59,27.88,6.97,415.61,32.58,82.73
2026-01-12 19:00:00,CP-03,Running,47.8,22.69,6.67,309.74,27.32,57.44
2026-02-07 04:00:00,CP-01,Running,54.58,26.09,6.91,424.61,32.71,78.64
2026-01-26 19:00:00,CP-04,Running,46.91,19.94,6.48,259.22,28.59,53.33
2026-03-30 22:00:00,CP-04,Running,47.56,20.25,6.51,266.34,28.42,53.97
2026-02-01 00:00:00,CP-04,Running,47.64,20.5,6.7,318.97,29.33,58.81
2026-02-06 06:00:00,CP-03,Running,52.15,25.44,7.1,376.73,32.07,69.92
2026-03-29 11:00:00,CP-02,Running,48.6,21.94,6.75,329.73,29.82,66.34
2026-03-03 07:00:00,CP-02,Running,54.39,24.93,6.81,373.92,31.9,73.25
2026-03-25 17:00:00,CP-05,Running,51.08,25.96,6.94,362.44,29.44,71.4
2026-01-14 16:00:00,CP-01,Running,49.87,22.85,6.67,305.66,27.78,59.18
2026-01-22 20:00:00,CP-05,Running,53.47,26.84,6.99,326.01,30.02,65.68
2026-03-31 03:00:00,CP-05,Stopped,30.35,13.3,7.04,39.46,27.67,7.73
2026-01-07 22:00:00,CP-05,Running,53.49,27.35,6.82,400.73,30.53,74.19
2026-01-06 01:00:00,CP-01,Running,52.61,24.72,6.8,356.19,30.52,70.68
2026-03-03 16:00:00,CP-03,Running,55.34,27.01,6.84,365.11,29.69,70.06
2026-03-14 18:00:00,CP-01,Running,49.48,22.65,6.79,314.69,28.02,58.7
2026-02-26 08:00:00,CP-03,Running,55.76,27.65,7.07,377.02,30.3,77.48
2026-02-18 12:00:00,CP-04,Running,46.55,20.04,6.57,303.75,29.17,58.98
2026-02-05 22:00:00,CP-05,Running,51.77,26.39,6.9,383.63,29.92,72.77
2026-01-29 09:00:00,CP-05,Running,58.74,30.9,7.22,422.64,31.97,87.55
2026-03-02 14:00:00,CP-03,Running,53.56,26.41,6.93,378.44,29.14,74.86
2026-02-22 13:00:00,CP-04,Running,49.68,21.51,6.58,298.46,28.18,61.56
2026-03-01 11:00:00,CP-02,Running,58.73,27.44,6.97,407.72,30.06,82.22
2026-02-07 19:00:00,CP-05,Running,52.7,27.03,6.9,402.8,29.43,75.64
2026-02-03 00:00:00,CP-05,Running,55.95,29.37,7.02,429.75,30.13,86.41
2026-01-09 02:00:00,CP-05,Running,55.08,28.64,6.96,455.32,30.86,82.03
2026-01-18 23:00:00,CP-05,Running,54.36,28.02,6.99,400.01,30.23,77.9
2026-01-28 18:00:00,CP-02,Running,49.38,22.02,6.51,284.28,28.65,60.69
2026-03-13 12:00:00,CP-01,Stopped,29.95,12.04,6.86,20.64,27.91,3.98
2026-02-02 23:00:00,CP-01,Running,53.72,25.42,6.76,382.47,29.55,73.87
2026-02-20 02:00:00,CP-03,Running,56.58,28.29,6.94,392.55,30.47,81.35
2026-01-26 15:00:00,CP-05,Running,55.13,28.15,7.06,348.52,30.1,73.48
2026-03-17 00:00:00,CP-02,Running,50.34,22.53,6.69,326.18,28.64,62.34
2026-03-04 22:00:00,CP-01,Running,49.11,22.75,6.76,323.04,28.24,64.17
2026-02-27 13:00:00,CP-02,Running,51.2,22.86,6.65,289.08,27.99,61.25
2026-03-24 05:00:00,CP-01,Running,56.79,27.11,6.87,380.97,32.16,78.03
2026-01-22 03:00:00,CP-02,Running,54.54,24.82,6.67,354.66,31.89,69.92
2026-02-04 05:00:00,CP-01,Running,54.27,25.69,6.88,386.97,31.22,74.02
2026-03-25 10:00:00,CP-04,Running,45.79,19.96,6.63,322.03,29.66,64.55
2026-01-18 19:00:00,CP-03,Stopped,28.37,11.95,6.76,35.02,24.71,7.03
2026-02-16 13:00:00,CP-02,Running,49.41,22.28,6.72,338.95,28.43,65.74
2026-01-03 14:00:00,CP-03,Running,48.9,23.47,6.83,317.34,28.35,62.5
2026-03-14 01:00:00,CP-04,Running,53.19,23.32,6.53,351.39,30.03,67.32
2026-01-27 20:00:00,CP-01,Running,47.87,22.07,6.77,297.62,29.68,61.94
2026-01-01 16:00:00,CP-03,Running,50.51,24.36,6.59,338.72,31.07,64.57
2026-03-05 22:00:00,CP-04,Running,49.12,21.35,6.38,327.62,29.23,63.36
2026-03-24 10:00:00,CP-03,Running,53.1,26.41,6.98,391.02,30.45,78.81
2026-01-28 00:00:00,CP-01,Running,50.96,23.79,6.79,346.39,28.53,67.64
2026-03-11 19:00:00,CP-01,Running,51.16,23.76,6.59,327.89,27.69,65.3
2026-03-25 18:00:00,CP-04,Running,43.57,18.45,6.47,246.8,29.5,51.68
2026-02-02 07:00:00,CP-02,Running,53.09,24.65,6.75,410.65,32.73,79.19
2026-02-04 11:00:00,CP-03,Running,54.01,26.8,6.86,407.63,31.25,77.8
2026-01-13 23:00:00,CP-05,Running,55.56,28.52,7.03,402.08,31.32,75.99
2026-02-21 03:00:00,CP-05,Running,56.01,29.39,6.97,433.65,31.46,86.34
2026-01-13 06:00:00,CP-01,Stopped,30.66,12.27,6.96,11.62,27.75,2.28
2026-02-04 22:00:00,CP-01,Stopped,30.61,12.37,6.78,33.65,26.68,6.1
2026-01-26 09:00:00,CP-05,Running,57.3,29.95,7.05,412.67,31.84,84.43
2026-02-21 10:00:00,CP-02,Running,53.07,24.29,6.73,342.18,31.52,72.7
2026-01-12 16:00:00,CP-03,Running,51.16,24.94,6.74,358.74,30.51,69.49
2026-02-02 02:00:00,CP-04,Running,47.84,20.66,6.67,348.25,30.54,60.5
2026-01-31 11:00:00,CP-03,Running,53.87,26.52,6.93,378.15,30.5,74.05
2026-02-25 00:00:00,CP-05,Stopped,28.89,12.42,6.98,1.63,26.88,0.33
2026-01-27 05:00:00,CP-05,Running,56.87,29.73,7.17,440.93,32.06,84.61
2026-03-05 23:00:00,CP-04,Running,45.76,19.57,6.51,289.02,28.96,56.08
2026-03-01 15:00:00,CP-05,Running,51.52,26.32,7.0,381.66,28.98,73.73
2026-03-08 18:00:00,CP-02,Running,47.84,21.11,6.51,295.7,28.0,56.04
2026-01-22 07:00:00,CP-02,Running,48.93,22.24,6.89,341.61,31.8,69.31
2026-03-22 17:00:00,CP-05,Stopped,28.59,12.42,6.89,23.39,26.45,4.48
2026-02-01 23:00:00,CP-01,Running,53.17,24.73,6.83,321.31,28.96,66.02
2026-02-06 11:00:00,CP-05,Running,56.84,29.66,6.97,423.28,31.38,83.6
2026-03-25 11:00:00,CP-05,Running,54.74,28.25,7.04,404.93,30.96,78.5
2026-02-12 11:00:00,CP-02,Running,53.87,24.56,6.81,383.93,32.63,70.79
2026-03-08 07:00:00,CP-05,Running,63.79,33.62,7.17,478.51,34.95,88.35
2026-01-30 06:00:00,CP-02,Running,53.25,24.22,6.82,335.34,31.42,69.81
2026-01-26 17:00:00,CP-05,Running,50.66,25.85,6.93,357.61,29.31,73.17
2026-03-26 07:00:00,CP-04,Running,51.08,22.2,6.68,307.78,32.09,63.35
2026-02-01 01:00:00,CP-03,Running,56.13,27.59,6.88,380.93,30.29,73.43
2026-03-13 11:00:00,CP-04,Running,51.67,22.41,6.67,309.56,30.14,62.27
2026-01-24 19:00:00,CP-01,Running,48.97,22.54,6.62,303.47,28.06,61.34
2026-03-30 15:00:00,CP-01,Running,52.27,24.25,6.67,327.84,29.14,64.86
2026-03-29 14:00:00,CP-02,Running,51.48,23.12,6.65,317.1,28.75,63.96
2026-03-17 08:00:00,CP-01,Running,52.07,24.63,7.01,359.74,31.07,73.81
2026-02-04 10:00:00,CP-01,Running,50.38,23.49,6.74,370.98,30.3,67.14
2026-03-25 22:00:00,CP-05,Running,53.32,27.34,6.95,380.42,30.51,75.48
2026-01-04 17:00:00,CP-05,Running,54.11,27.45,6.81,372.71,28.33,70.45
2026-03-31 06:00:00,CP-04,Running,51.68,22.97,6.68,387.86,32.5,73.66
2026-03-04 20:00:00,CP-03,Running,54.83,26.84,6.78,366.67,28.5,71.37
2026-02-22 12:00:00,CP-01,Running,48.36,22.17,6.97,299.31,30.21,59.48
2026-01-03 07:00:00,CP-03,Running,50.41,25.05,7.08,422.25,31.17,78.41
2026-03-22 00:00:00,CP-04,Running,51.92,22.62,6.59,306.18,31.52,64.32
2026-02-03 23:00:00,CP-02,Running,50.03,22.4,6.61,323.31,29.86,62.44
2026-03-06 12:00:00,CP-05,Running,53.17,27.22,7.02,398.38,31.94,74.77
2026-02-24 17:00:00,CP-02,Running,50.34,22.5,6.49,295.58,26.92,61.72
2026-03-17 18:00:00,CP-03,Running,47.41,22.74,6.92,306.57,28.96,62.11
2026-02-03 16:00:00,CP-05,Running,49.81,25.19,6.79,353.44,29.24,69.13
2026-03-10 13:00:00,CP-05,Running,54.17,28.13,6.86,433.26,29.96,81.38
2026-01-12 03:00:00,CP-02,Running,50.18,22.95,6.66,383.02,32.45,72.23
2026-03-23 21:00:00,CP-04,Running,43.27,18.32,6.51,248.53,29.14,51.51
2026-01-20 13:00:00,CP-02,Running,49.5,22.16,6.64,285.9,29.66,62.49
2026-01-30 18:00:00,CP-04,Running,45.01,19.12,6.35,262.64,27.52,52.97
2026-01-20 01:00:00,CP-05,Running,58.38,30.51,6.81,427.68,30.84,84.4
2026-03-12 10:00:00,CP-04,Running,49.17,21.54,6.76,355.19,31.32,66.98
2026-01-10 02:00:00,CP-04,Running,50.35,22.06,6.79,375.8,28.92,67.03
2026-01-24 18:00:00,CP-03,Running,49.71,24.06,6.73,315.86,27.67,66.34
2026-03-21 04:00:00,CP-01,Running,51.4,24.3,7.05,373.49,31.41,73.57
2026-01-16 07:00:00,CP-01,Running,49.85,23.91,7.07,419.14,33.32,80.25
2026-02-19 16:00:00,CP-01,Running,50.91,23.6,6.66,309.71,27.73,64.43
2026-01-02 09:00:00,CP-01,Stopped,28.65,11.61,7.01,38.84,28.35,7.37
2026-03-25 02:00:00,CP-01,Running,51.18,23.97,6.84,356.88,30.68,69.14
2026-01-07 00:00:00,CP-01,Running,52.92,24.74,6.79,360.34,28.71,68.33
2026-01-29 20:00:00,CP-03,Running,47.38,22.46,6.62,282.37,28.15,56.81
2026-02-20 18:00:00,CP-01,Running,49.06,22.72,6.72,303.3,27.11,64.02
2026-01-04 10:00:00,CP-03,Running,55.15,27.64,7.09,456.14,31.23,82.47
2026-01-14 23:00:00,CP-02,Running,51.01,23.04,6.62,340.81,29.7,66.59
2026-03-19 20:00:00,CP-02,Running,47.06,20.57,6.6,248.95,27.78,51.76
2026-02-11 07:00:00,CP-05,Running,54.84,28.45,7.1,,31.59,80.84
2026-03-04 15:00:00,CP-03,Running,51.4,24.94,6.72,363.1,29.71,67.31
2026-03-31 14:00:00,CP-02,Running,49.21,22.42,6.72,373.4,29.01,70.35
2026-02-17 16:00:00,CP-03,Running,53.11,25.64,6.66,334.42,28.8,65.03
2026-03-02 04:00:00,CP-02,Running,50.49,23.07,6.86,350.53,32.78,71.82
2026-03-18 00:00:00,CP-03,Running,58.53,29.25,6.95,425.61,31.56,81.05
2026-03-17 09:00:00,CP-03,Running,56.53,28.75,6.83,475.0,34.63,89.39
2026-01-11 10:00:00,CP-01,Running,53.01,25.07,6.94,385.79,31.06,73.67
2026-02-17 10:00:00,CP-04,Running,48.36,21.04,6.72,324.86,32.56,63.81
2026-02-21 15:00:00,CP-03,Running,52.44,25.24,6.74,,29.26,63.78
2026-03-29 16:00:00,CP-03,Running,52.4,25.61,6.65,359.53,28.75,70.75
2026-03-18 13:00:00,CP-04,Running,47.27,20.29,6.48,279.98,29.04,57.59
2026-03-04 12:00:00,CP-01,Running,47.86,21.96,6.74,317.63,31.13,59.8
2026-02-22 01:00:00,CP-04,Running,51.16,22.28,6.75,327.2,29.89,64.26
2026-02-12 18:00:00,CP-01,Running,51.37,23.82,6.7,340.33,27.89,64.69
2026-01-26 08:00:00,CP-03,Running,56.79,28.47,7.14,389.55,33.5,82.57
2026-03-22 13:00:00,CP-05,Running,54.01,27.85,6.96,389.68,30.22,78.12
2026-02-20 08:00:00,CP-04,Running,52.13,23.29,6.8,371.66,31.64,76.01
2026-02-08 21:00:00,CP-01,Stopped,30.03,11.98,6.73,5.6,25.82,1.03
2026-01-29 15:00:00,CP-01,Running,48.43,22.2,6.74,305.29,27.91,59.35
2026-03-23 02:00:00,CP-04,Running,48.96,21.27,6.67,287.01,29.01,63.13
2026-01-03 16:00:00,CP-01,Running,50.59,23.35,6.52,304.15,29.2,62.56
2026-01-27 02:00:00,CP-03,Running,58.9,29.68,6.95,432.48,31.67,85.02
2026-03-23 03:00:00,CP-05,Running,51.71,26.77,7.16,413.06,32.05,79.97
2026-03-04 08:00:00,CP-02,Running,55.89,25.87,6.83,411.48,32.58,77.86
2026-01-24 11:00:00,CP-02,Running,51.55,23.31,6.76,337.07,29.73,66.99
2026-01-29 22:00:00,CP-03,Running,50.33,24.21,6.85,310.26,29.93,63.47
2026-03-06 20:00:00,CP-05,Running,50.69,25.34,6.83,317.2,28.44,63.74
2026-01-14 06:00:00,CP-01,Running,54.73,26.55,6.87,438.74,32.09,85.69
2026-03-26 17:00:00,CP-04,Running,41.8,17.61,6.53,240.37,26.79,49.29
2026-01-23 01:00:00,CP-03,Running,52.13,25.41,6.85,339.5,30.31,69.49
2026-01-24 00:00:00,CP-03,Stopped,26.54,11.12,6.94,23.21,26.62,4.82
2026-02-14 16:00:00,CP-03,Running,50.58,24.41,6.71,328.83,28.38,64.94
2026-01-01 22:00:00,CP-03,Running,54.92,26.99,6.81,400.88,29.33,73.22
2026-02-24 21:00:00,CP-03,Running,53.98,26.57,6.86,354.22,29.39,73.95
2026-02-10 01:00:00,CP-01,Running,48.92,22.74,6.9,344.11,29.06,65.74
2026-01-01 15:00:00,CP-03,Running,53.49,26.16,6.71,371.46,28.9,71.02
2026-01-03 16:00:00,CP-02,Running,47.69,21.43,6.52,356.06,29.33,64.22
2026-01-22 10:00:00,CP-05,Stopped,34.91,15.3,6.97,38.47,28.71,7.85
2026-03-15 17:00:00,CP-03,Running,50.93,24.76,6.75,346.3,29.26,68.26
2026-02-21 16:00:00,CP-05,Running,48.24,24.35,6.86,345.12,28.55,68.27
2026-02-01 11:00:00,CP-05,Running,54.9,28.58,7.06,431.09,29.54,82.65
2026-03-01 16:00:00,CP-05,Running,50.82,25.97,6.87,388.94,28.29,73.9
2026-03-27 16:00:00,CP-02,Running,48.18,21.2,6.5,266.46,29.11,54.79
2026-01-22 12:00:00,CP-03,Stopped,29.52,12.31,6.95,15.26,26.93,3.07
2026-03-04 15:00:00,CP-05,Running,52.5,26.63,6.97,374.5,27.39,70.4
2026-02-11 14:00:00,CP-04,Running,47.93,20.52,6.49,287.54,30.04,56.43
2026-03-07 14:00:00,CP-01,Running,52.54,24.13,6.77,322.33,29.37,60.27
2026-02-23 10:00:00,CP-03,Stopped,28.94,11.99,7.05,2.14,27.98,0.47
2026-03-25 15:00:00,CP-01,Running,49.67,23.14,6.48,319.6,28.66,66.79
2026-01-28 06:00:00,CP-05,Stopped,27.26,11.83,7.08,19.13,28.46,3.84
2026-03-29 12:00:00,CP-04,Running,49.01,21.08,6.61,299.71,29.17,58.53
2026-02-06 05:00:00,CP-02,Running,51.68,23.68,6.81,390.83,32.5,73.07
2026-03-16 12:00:00,CP-03,Stopped,27.8,11.52,6.83,4.08,28.03,0.82
2026-01-19 13:00:00,CP-02,Running,51.79,23.67,6.7,368.76,29.44,71.93
2026-01-19 10:00:00,CP-05,Running,52.69,26.96,7.01,376.73,31.96,74.44
2026-02-13 04:00:00,CP-05,Running,53.65,27.84,7.16,390.82,32.2,81.0
2026-03-14 22:00:00,CP-05,Running,51.8,26.75,6.95,402.46,29.6,78.72
2026-02-28 15:00:00,CP-03,Running,45.84,21.84,6.74,296.25,29.0,59.05
2026-02-08 21:00:00,CP-02,Running,48.72,21.95,6.48,339.51,28.82,65.47
2026-03-09 21:00:00,CP-03,Stopped,30.63,12.89,6.85,36.16,24.77,6.76
2026-01-20 12:00:00,CP-05,Running,53.89,27.73,7.0,385.05,28.45,77.19
2026-03-24 09:00:00,CP-01,Running,54.77,26.16,6.78,419.41,30.63,78.19
2026-02-12 15:00:00,CP-04,Running,44.73,18.98,6.28,256.9,27.04,52.54
2026-03-28 01:00:00,CP-01,Running,51.38,24.16,6.82,377.31,30.67,70.99
2026-02-23 14:00:00,CP-05,Running,54.56,28.01,6.84,373.43,29.6,76.1
2026-03-01 07:00:00,CP-04,Running,50.94,22.34,6.75,367.34,29.78,67.35
2026-02-08 07:00:00,CP-04,Running,51.0,22.57,6.78,357.85,31.05,71.49
2026-02-20 12:00:00,CP-01,Running,54.94,26.11,6.81,388.59,30.28,75.89
2026-03-25 01:00:00,CP-01,Running,52.98,25.16,6.93,364.21,30.37,75.56
2026-03-22 07:00:00,CP-05,Running,58.77,30.64,6.99,424.07,32.18,83.22
2026-01-22 18:00:00,CP-04,Running,46.28,19.7,6.2,259.76,27.77,53.89
2026-02-11 14:00:00,CP-01,Running,56.02,26.69,6.68,380.86,30.03,77.07
2026-01-23 14:00:00,CP-02,Running,47.61,21.29,6.49,313.13,28.98,61.97
2026-01-07 15:00:00,CP-05,Running,55.3,28.56,6.88,397.81,29.35,78.81
2026-02-02 14:00:00,CP-03,Running,50.52,24.58,6.88,361.57,30.18,68.68
2026-01-10 10:00:00,CP-03,Running,54.14,26.41,6.88,344.9,30.49,69.86
2026-01-17 13:00:00,CP-03,Running,53.7,26.3,6.74,386.05,30.51,71.67
2026-03-29 11:00:00,CP-03,Running,57.25,28.23,6.91,373.63,29.71,74.81
2026-03-25 16:00:00,CP-03,Running,47.69,22.83,6.8,288.5,27.71,61.34
2026-02-13 23:00:00,CP-02,Running,51.36,22.92,6.67,315.08,29.19,60.96
2026-02-26 13:00:00,CP-01,Running,45.13,20.76,6.84,305.11,30.58,60.89
2026-03-21 21:00:00,CP-04,Running,46.79,19.92,6.39,266.55,27.41,54.15
2026-03-29 02:00:00,CP-02,Running,50.26,23.18,6.74,364.68,32.15,76.11
2026-03-01 23:00:00,CP-04,Running,50.68,21.85,6.55,311.14,28.72,59.76
2026-02-07 17:00:00,CP-05,Running,54.35,27.63,6.92,403.42,30.36,71.54
2026-03-31 07:00:00,CP-05,Running,55.26,28.59,7.05,405.41,31.9,79.73
2026-02-23 04:00:00,CP-03,Running,56.16,28.06,7.05,390.04,31.55,81.0
2026-03-02 07:00:00,CP-03,Running,57.24,28.77,7.02,410.83,30.61,83.84
2026-02-05 21:00:00,CP-03,Running,48.83,23.26,6.79,327.72,28.93,58.99
2026-03-17 13:00:00,CP-01,Stopped,29.02,11.67,6.84,22.01,26.81,4.31
2026-03-18 17:00:00,CP-03,Running,52.72,25.81,6.69,365.6,29.09,71.41
2026-01-29 22:00:00,CP-01,Running,50.04,23.15,6.68,309.83,28.5,63.68
2026-03-12 11:00:00,CP-02,Running,53.2,24.0,6.82,352.08,31.5,65.96
2026-01-09 12:00:00,CP-01,Running,49.52,23.04,6.74,348.18,32.29,66.13
2026-01-24 10:00:00,CP-02,Running,49.83,22.94,6.69,381.95,29.88,75.34
2026-03-16 11:00:00,CP-02,Running,49.29,22.24,6.67,343.15,30.48,65.97
2026-01-28 21:00:00,CP-02,Running,46.44,20.58,6.7,282.36,28.37,57.89
2026-03-16 18:00:00,CP-04,Running,44.34,18.45,6.49,229.26,28.2,43.96
2026-03-17 12:00:00,CP-02,Stopped,28.95,11.3,6.64,22.21,28.2,4.69
2026-03-20 14:00:00,CP-01,Running,47.38,21.85,6.66,297.36,30.12,62.12
2026-01-26 17:00:00,CP-02,Running,47.12,20.86,6.52,272.36,29.83,57.52
2026-02-11 14:00:00,CP-05,Running,51.82,26.17,6.96,362.86,29.75,68.55
2026-03-22 15:00:00,CP-05,Running,51.59,25.88,6.89,324.97,29.64,65.31
2026-03-14 19:00:00,CP-02,Running,43.37,18.85,6.51,260.88,27.5,49.39
2026-01-15 15:00:00,CP-03,Running,51.85,25.24,6.94,339.43,28.02,68.88
2026-02-22 21:00:00,CP-02,Running,46.44,20.44,6.46,263.76,29.06,54.8
2026-01-09 23:00:00,CP-05,Running,54.59,28.12,6.86,411.7,30.25,77.61
2026-01-28 00:00:00,CP-02,Running,46.92,20.99,,318.02,29.43,62.13
2026-01-19 15:00:00,CP-02,Running,47.82,21.28,6.63,294.97,30.87,59.73
2026-02-04 21:00:00,CP-01,Stopped,26.58,10.6,6.65,4.74,25.67,0.88
2026-03-24 01:00:00,CP-05,Running,53.19,27.29,7.08,359.41,30.36,75.76
2026-02-23 12:00:00,CP-01,Running,55.53,26.26,6.84,341.34,30.52,73.66
2026-03-10 04:00:00,CP-01,Running,53.78,25.79,6.92,462.94,31.48,80.09
2026-03-20 06:00:00,CP-05,Running,53.66,27.75,7.13,415.79,30.96,79.36
2026-02-03 11:00:00,CP-05,Running,57.3,29.68,6.97,415.3,32.08,80.13
2026-01-15 14:00:00,CP-02,Running,49.31,22.12,6.59,322.21,29.51,63.46
2026-01-19 09:00:00,CP-01,Running,53.23,24.95,6.78,353.07,31.69,69.55
2026-02-10 00:00:00,CP-01,Running,56.55,26.94,6.88,407.15,30.44,77.01
2026-01-08 20:00:00,CP-04,Running,49.93,21.4,6.36,312.78,27.3,57.05
2026-03-17 12:00:00,CP-03,Running,49.31,24.18,6.87,379.56,30.33,72.31
2026-02-05 23:00:00,CP-04,Running,49.79,21.74,6.74,362.43,29.1,65.43
2026-01-20 07:00:00,CP-01,Running,50.23,23.76,,382.09,32.75,73.7
2026-02-25 02:00:00,CP-01,Running,55.36,26.19,6.79,371.95,31.93,73.76
2026-03-28 18:00:00,CP-03,Running,52.85,25.51,6.62,334.95,28.53,65.02
2026-02-15 21:00:00,CP-05,Running,53.47,27.53,7.07,406.46,29.49,77.31
2026-02-16 01:00:00,CP-02,Running,52.84,24.11,6.77,333.92,31.05,71.14
2026-02-18 00:00:00,CP-02,Running,49.44,22.12,6.74,304.16,29.25,62.17
2026-03-30 12:00:00,CP-05,Running,56.3,29.29,6.88,438.78,31.3,82.32
2026-03-14 10:00:00,CP-05,Running,55.63,29.06,7.03,449.79,31.67,84.27
2026-01-22 12:00:00,CP-05,Running,58.58,30.53,7.01,411.21,31.2,83.08
2026-01-27 18:00:00,CP-02,Stopped,28.96,11.36,6.61,34.26,25.71,6.62
2026-03-26 10:00:00,CP-05,Running,59.03,31.0,7.18,442.17,31.04,86.79
2026-03-08 23:00:00,CP-05,Running,56.29,29.4,6.9,438.23,31.6,84.05
2026-01-14 10:00:00,CP-01,Running,49.67,23.11,7.04,336.64,30.43,66.08
2026-02-27 12:00:00,CP-01,Running,51.7,24.14,6.76,341.42,28.79,67.75
2026-02-11 04:00:00,CP-01,Running,48.75,23.03,7.0,389.93,31.72,73.21
2026-02-22 12:00:00,CP-04,Running,49.63,21.5,6.66,306.37,29.46,61.82
2026-03-28 01:00:00,CP-05,Running,55.97,28.61,7.1,371.57,30.58,73.91
2026-03-27 00:00:00,CP-03,Running,54.82,26.78,6.83,378.91,30.0,70.45
2026-03-19 03:00:00,CP-01,Running,55.87,26.88,6.83,392.96,31.3,81.76
2026-01-28 13:00:00,CP-01,Stopped,26.77,10.66,6.74,1.35,27.19,0.27
2026-01-25 10:00:00,CP-01,Running,53.07,25.12,6.9,364.43,32.75,74.07
2026-01-12 06:00:00,CP-03,Running,58.19,28.77,6.96,389.68,32.93,76.05
2026-01-03 10:00:00,CP-02,Running,49.95,22.57,6.76,343.39,30.01,66.64
2026-01-15 02:00:00,CP-02,Running,52.74,23.85,6.83,370.26,31.9,67.14
2026-03-07 18:00:00,CP-01,Running,49.28,22.58,6.66,311.56,28.42,59.26
2026-03-16 18:00:00,CP-01,Running,46.31,21.4,6.65,327.33,28.05,63.04
2026-01-29 04:00:00,CP-03,Running,53.57,26.6,6.98,402.88,30.66,78.11
2026-02-12 07:00:00,CP-04,Running,52.49,23.21,6.72,366.7,31.08,71.18
2026-01-28 20:00:00,CP-05,Running,57.16,29.3,6.94,383.64,30.11,75.34
2026-03-23 07:00:00,CP-03,Running,58.66,29.56,7.07,407.48,31.85,85.11
2026-01-16 16:00:00,CP-04,Running,45.85,19.5,6.59,264.93,29.84,53.48
2026-02-25 15:00:00,CP-04,Running,41.4,17.55,6.54,265.78,27.64,52.25
2026-01-23 07:00:00,CP-01,Running,51.15,23.96,7.06,349.76,31.04,69.3
2026-01-23 11:00:00,CP-02,Running,51.48,23.4,6.69,334.93,30.19,69.48
2026-01-29 02:00:00,CP-01,Running,52.72,24.97,6.82,412.38,31.87,74.41
2026-03-22 22:00:00,CP-01,Running,54.7,25.35,6.62,307.72,28.86,64.36
2026-02-13 10:00:00,CP-05,Running,56.52,29.25,7.07,397.03,31.35,79.71
2026-02-04 14:00:00,CP-02,Running,52.76,23.76,6.51,348.29,28.87,65.15
2026-03-21 09:00:00,CP-05,Running,56.22,29.18,7.09,391.27,32.23,81.17
2026-03-30 03:00:00,CP-02,Running,55.18,25.38,6.8,357.74,30.8,74.85
2026-02-01 01:00:00,CP-03,Running,56.13,27.59,6.88,380.93,30.29,73.43
2026-02-13 07:00:00,CP-03,Running,55.53,28.15,7.02,444.25,33.28,87.86
2026-02-26 12:00:00,CP-04,Running,44.51,19.49,6.61,325.49,28.86,66.81
2026-03-03 05:00:00,CP-02,Running,52.54,24.12,6.89,373.88,30.82,73.94
2026-02-02 19:00:00,CP-01,Stopped,31.52,12.73,6.61,30.65,26.21,5.95
2026-03-10 04:00:00,CP-03,Running,53.46,26.5,6.97,428.85,32.09,77.21
2026-02-12 07:00:00,CP-02,Running,55.13,25.51,6.73,407.14,32.02,77.71
2026-02-09 11:00:00,CP-05,Running,57.93,30.22,7.0,423.64,32.57,83.63
2026-01-02 04:00:00,CP-01,Running,54.6,26.07,7.0,414.35,32.79,78.0
2026-02-08 07:00:00,CP-01,Running,53.18,25.17,6.96,379.63,32.82,73.92
2026-01-07 15:00:00,CP-04,Running,53.08,23.23,6.45,349.43,29.44,66.42
2026-01-18 01:00:00,CP-01,Running,51.52,24.13,6.81,343.59,30.64,69.09
2026-01-10 03:00:00,CP-05,Running,59.0,31.24,7.03,491.43,31.11,90.57
2026-01-03 01:00:00,CP-02,Running,53.87,24.74,6.78,375.66,31.17,74.18
2026-01-03 10:00:00,CP-01,Running,52.06,24.19,6.83,336.0,31.13,65.51
2026-03-21 15:00:00,CP-05,Running,50.26,25.21,6.96,338.52,28.06,65.25
2026-03-28 05:00:00,CP-04,Running,47.57,20.7,6.78,333.11,31.27,63.84
2026-02-23 21:00:00,CP-05,Running,54.32,28.0,6.82,398.79,28.64,77.96
2026-01-09 08:00:00,CP-04,Stopped,30.77,11.7,6.59,34.67,29.12,6.48
2026-02-14 01:00:00,CP-02,Running,50.55,22.82,6.78,348.83,30.36,66.27
2026-03-06 16:00:00,CP-04,Running,50.33,21.57,6.51,291.67,28.67,56.89
2026-01-23 16:00:00,CP-02,Running,45.14,19.94,6.7,288.48,29.42,56.48
2026-02-19 11:00:00,CP-03,Running,54.69,27.17,6.94,385.91,31.8,78.28
2026-02-12 13:00:00,CP-03,Stopped,31.85,13.27,6.81,14.2,27.18,2.88
2026-01-20 04:00:00,CP-05,Running,57.49,29.97,7.06,417.99,32.48,83.19
2026-03-29 04:00:00,CP-05,Running,57.98,30.41,7.11,429.98,31.16,86.12
2026-02-18 00:00:00,CP-03,Running,51.77,25.04,6.88,340.67,30.48,66.04
2026-01-03 23:00:00,CP-02,Running,46.71,20.73,6.6,316.59,29.12,58.55
2026-01-13 14:00:00,CP-02,Running,47.4,21.1,6.68,310.49,27.87,59.95
2026-01-11 07:00:00,CP-04,Running,53.38,23.88,6.8,435.88,30.87,76.65
2026-01-19 14:00:00,CP-03,Running,57.92,28.48,6.81,359.77,29.93,73.49
2026-03-26 01:00:00,CP-03,Running,50.9,24.87,7.06,350.79,31.22,70.48
2026-01-12 20:00:00,CP-02,Running,47.45,20.94,6.5,319.56,27.54,55.94
2026-01-21 05:00:00,CP-02,Running,55.08,25.39,6.76,379.09,32.14,75.81
2026-02-17 23:00:00,CP-05,Running,52.77,26.88,6.94,332.98,30.88,72.37
2026-01-29 00:00:00,CP-02,Running,48.23,21.39,6.75,303.06,29.91,58.17
2026-01-25 16:00:00,CP-01,Running,50.64,23.51,6.77,329.22,29.73,65.22
2026-01-29 00:00:00,CP-04,Running,48.52,20.96,6.58,324.02,29.99,60.52
2026-02-01 00:00:00,CP-01,Running,51.29,24.12,6.94,350.16,30.62,71.02
2026-03-17 19:00:00,CP-05,Stopped,26.21,11.26,6.84,0.16,25.97,0.03
2026-02-20 02:00:00,CP-02,Running,52.58,23.93,6.9,354.7,29.81,70.04
2026-02-13 22:00:00,CP-05,Running,50.83,25.9,6.97,398.11,27.88,72.54
2026-03-16 00:00:00,CP-05,Running,52.54,26.82,6.98,374.4,29.56,73.46
2026-03-25 15:00:00,CP-05,Running,54.31,27.7,6.75,379.14,28.62,72.93
2026-03-15 23:00:00,CP-04,Running,50.29,21.73,6.63,304.23,30.28,60.65
2026-02-09 11:00:00,CP-03,Running,53.87,26.76,7.02,410.78,30.41,78.29
2026-01-27 17:00:00,CP-03,Running,49.24,24.1,6.63,344.67,29.54,71.47
2026-03-07 21:00:00,CP-01,Running,49.37,23.2,6.7,395.05,29.82,70.75
2026-02-07 16:00:00,CP-03,Running,46.62,22.29,6.82,315.64,29.03,60.64
2026-02-06 02:00:00,CP-01,Running,51.33,24.3,6.97,417.89,30.74,74.16
2026-02-25 12:00:00,CP-01,Running,51.96,24.18,6.86,339.34,30.17,66.13
2026-01-01 06:00:00,CP-02,Running,51.75,23.93,7.07,398.86,31.95,77.31
2026-02-23 09:00:00,CP-04,Running,47.14,20.34,6.65,296.24,31.18,59.92
2026-01-28 22:00:00,CP-03,Running,54.03,26.61,6.83,362.84,30.55,74.31
2026-02-27 21:00:00,CP-04,Running,49.7,21.75,6.33,335.6,28.95,66.45
2026-02-22 03:00:00,CP-04,Running,51.74,22.63,6.63,315.95,31.23,66.15
2026-02-12 19:00:00,CP-01,Running,47.41,21.77,6.5,300.43,28.38,60.19
2026-03-08 12:00:00,CP-01,Running,53.85,25.08,6.94,337.87,30.89,66.59
2026-01-09 16:00:00,CP-03,Running,53.24,26.04,6.78,410.95,28.94,71.06
2026-02-08 15:00:00,CP-03,Running,50.76,24.65,6.8,355.21,30.63,67.74
2026-01-10 02:00:00,CP-05,Running,53.54,27.65,7.04,419.93,31.61,78.72
2026-03-24 15:00:00,CP-05,Running,52.62,26.73,6.92,344.47,28.08,71.19
2026-03-21 11:00:00,CP-03,Running,53.83,26.68,6.79,379.09,29.92,77.23
2026-01-15 20:00:00,CP-02,Running,49.4,22.01,6.56,301.64,28.58,60.38
2026-01-18 01:00:00,CP-05,Running,54.28,28.39,6.95,458.08,31.96,84.72
2026-01-16 21:00:00,CP-02,Running,51.26,23.04,6.64,321.3,28.23,64.36
2026-02-26 23:00:00,CP-04,Running,48.37,20.93,6.58,300.16,29.22,61.28
2026-01-01 11:00:00,CP-03,Stopped,28.01,11.72,7.02,22.49,27.33,4.4
2026-02-07 19:00:00,CP-02,Running,47.72,21.05,6.68,284.96,26.63,55.83
2026-02-14 06:00:00,CP-04,Running,48.03,21.22,6.74,362.32,31.03,70.72
2026-01-30 12:00:00,CP-04,Stopped,29.22,11.02,6.61,16.29,27.31,3.22
2026-03-12 07:00:00,CP-03,Running,56.47,28.57,7.03,407.27,32.19,86.87
2026-03-17 05:00:00,CP-02,Running,55.36,25.73,7.02,405.62,33.6,79.8
2026-03-06 23:00:00,CP-05,Running,56.26,28.84,6.99,398.93,28.83,75.32
2026-03-27 06:00:00,CP-01,Running,58.28,28.16,6.79,434.39,32.73,83.68
2026-01-04 11:00:00,CP-01,Running,48.59,22.57,6.83,326.16,29.53,65.43
2026-02-22 17:00:00,CP-05,Running,49.11,24.73,6.91,336.79,29.31,67.22
2026-01-22 04:00:00,CP-03,Stopped,29.42,12.26,6.96,13.33,28.02,2.77
2026-02-24 16:00:00,CP-01,Running,48.35,22.15,6.63,302.33,28.38,59.02
2026-02-08 23:00:00,CP-05,Running,52.47,27.0,7.01,413.25,30.07,77.21
2026-01-30 14:00:00,CP-01,Running,52.15,24.69,6.83,381.38,27.56,74.15
2026-03-14 16:00:00,CP-03,Running,50.71,24.67,6.96,340.49,30.14,68.63
2026-03-11 15:00:00,CP-05,Running,56.75,29.18,6.95,421.94,27.86,76.76
2026-03-13 12:00:00,CP-03,Running,52.98,25.7,6.83,364.47,28.49,67.37
2026-03-24 14:00:00,CP-03,Running,54.03,26.36,6.83,351.25,29.51,69.95
2026-02-27 21:00:00,CP-03,Running,49.62,23.94,6.78,312.92,29.13,64.74
2026-01-20 12:00:00,CP-01,Running,52.47,24.68,6.83,349.7,29.37,71.13
2026-02-07 20:00:00,CP-05,Stopped,28.14,12.29,6.87,34.04,26.48,6.51
2026-02-13 14:00:00,CP-05,Running,47.24,23.97,6.78,325.83,28.25,70.67
2026-02-04 01:00:00,CP-03,Running,53.31,26.26,6.96,416.19,31.78,74.29
2026-03-29 00:00:00,CP-01,Running,49.75,23.03,6.87,358.8,32.18,63.81
2026-01-15 13:00:00,CP-05,Running,53.83,27.77,7.02,395.48,30.11,78.26
2026-02-17 09:00:00,CP-01,Running,53.96,25.21,6.88,341.0,31.02,68.09
2026-01-08 22:00:00,CP-04,Running,52.71,22.93,6.48,346.31,27.26,63.68
2026-03-04 02:00:00,CP-01,Running,50.49,23.59,6.86,351.16,32.26,68.03
2026-03-27 18:00:00,CP-04,Stopped,31.51,12.02,6.51,37.92,25.84,7.8
2026-02-05 23:00:00,CP-05,Running,52.2,26.37,6.99,373.8,30.23,68.47
2026-02-02 09:00:00,CP-04,Running,51.79,22.94,6.8,369.4,29.32,72.03
2026-03-31 15:00:00,CP-04,Stopped,29.24,10.97,6.46,6.69,25.45,1.28
2026-01-19 14:00:00,CP-02,Running,50.57,22.5,6.58,285.04,29.2,59.67
2026-03-01 01:00:00,CP-03,Running,54.77,27.07,6.81,396.31,31.26,76.0
2026-03-12 22:00:00,CP-01,Running,49.55,23.11,6.67,360.43,29.25,67.19
2026-01-11 10:00:00,CP-03,Running,55.28,27.65,6.97,406.97,31.29,81.45
2026-01-10 04:00:00,CP-03,Running,55.46,27.81,7.02,426.35,32.79,82.69
2026-02-23 21:00:00,CP-02,Running,47.22,20.95,6.52,264.87,28.78,58.54
2026-03-13 14:00:00,CP-03,Stopped,30.48,12.83,6.84,36.33,26.06,7.0
2026-02-10 07:00:00,CP-01,Running,52.35,25.05,6.77,426.84,30.43,79.16
2026-01-27 08:00:00,CP-05,Running,57.65,30.18,7.1,421.75,31.77,85.24
2026-01-17 14:00:00,CP-01,Running,45.02,20.62,6.76,294.81,27.61,58.96
2026-02-18 21:00:00,CP-01,Running,47.74,22.06,6.7,309.24,30.2,62.92
2026-01-09 14:00:00,CP-03,Running,49.31,24.0,6.88,370.52,28.46,68.86
2026-03-23 18:00:00,CP-02,Stopped,29.53,11.57,6.54,29.05,27.18,6.06
2026-01-08 10:00:00,CP-03,Running,54.76,27.16,6.98,417.59,30.61,77.5
2026-03-12 23:00:00,CP-05,Running,56.52,29.31,7.07,431.06,31.44,80.8
2026-02-13 20:00:00,CP-01,Running,45.42,20.73,6.59,291.07,28.54,57.38
2026-03-04 18:00:00,CP-03,Running,51.53,25.18,6.69,386.92,28.13,70.58
2026-02-02 07:00:00,CP-05,Running,55.66,28.87,7.17,402.14,30.24,80.82
2026-01-03 00:00:00,CP-01,Running,53.68,25.47,6.92,376.21,30.46,75.21
2026-02-23 23:00:00,CP-02,Running,49.83,22.25,6.56,295.22,29.24,61.29
2026-01-30 09:00:00,CP-03,Stopped,28.47,11.88,7.07,16.99,28.74,3.43
2026-01-31 08:00:00,CP-03,Running,54.63,27.12,7.05,397.8,32.38,77.95
2026-03-20 16:00:00,CP-01,Running,50.78,23.86,6.64,349.64,,70.69
2026-03-23 17:00:00,CP-04,Running,45.87,19.42,6.4,244.09,27.73,51.43
2026-02-12 20:00:00,CP-04,Running,45.58,19.31,6.53,257.58,27.51,51.82
2026-03-13 11:00:00,CP-03,Running,52.3,25.92,6.98,414.43,31.46,77.22
2026-01-19 11:00:00,CP-04,Running,51.71,22.57,6.68,346.06,31.81,65.21
2026-02-02 10:00:00,CP-04,Running,48.41,20.98,6.68,309.53,30.65,62.05
2026-01-01 19:00:00,CP-04,Running,45.14,19.14,6.56,251.2,27.92,52.27
2026-01-21 08:00:00,CP-01,Running,56.97,27.18,6.96,389.54,30.91,77.84
2026-01-26 22:00:00,CP-03,Running,55.64,27.54,6.74,387.93,29.0,76.59
2026-01-26 01:00:00,CP-02,Stopped,27.53,10.66,6.8,5.25,27.13,1.13
2026-02-13 03:00:00,CP-05,Running,56.17,29.22,7.13,419.65,31.31,82.2
2026-03-27 23:00:00,CP-03,Running,51.27,25.28,6.72,356.28,30.71,74.86
2026-03-24 20:00:00,CP-05,Running,51.29,26.16,7.03,359.65,29.93,73.08
2026-02-08 02:00:00,CP-05,Running,55.79,28.84,7.16,402.01,30.76,79.26
2026-03-29 01:00:00,CP-03,Running,55.71,27.32,6.81,358.24,31.11,72.23
2026-02-23 22:00:00,CP-05,Stopped,29.44,12.72,6.94,10.88,26.19,2.16
2026-02-04 09:00:00,CP-03,Stopped,30.1,12.5,7.17,8.2,28.39,1.6
2026-03-11 01:00:00,CP-04,Running,46.27,20.23,6.7,326.68,30.27,65.98
2026-01-15 13:00:00,CP-04,Running,47.55,20.37,6.64,285.94,28.52,56.7
2026-03-19 20:00:00,CP-03,Running,50.22,24.0,6.75,307.22,28.39,60.46
2026-01-04 09:00:00,CP-05,Running,52.83,27.42,7.02,405.73,32.6,81.1
2026-03-28 13:00:00,CP-05,Running,56.23,29.11,6.79,407.47,29.28,79.92
2026-01-25 00:00:00,CP-05,Running,54.5,28.03,7.05,397.37,30.4,76.83
2026-03-21 11:00:00,CP-01,Running,52.16,24.24,6.86,303.28,30.88,65.61
2026-01-08 17:00:00,CP-02,Running,46.71,20.83,6.51,329.36,28.83,60.71
2026-03-26 10:00:00,CP-03,Running,51.61,25.34,6.88,361.36,29.97,72.88
2026-03-26 02:00:00,CP-02,Running,54.26,24.83,6.77,354.73,30.59,72.43
2026-02-11 03:00:00,CP-03,Running,56.46,28.14,6.98,420.3,32.27,79.8
2026-02-21 00:00:00,CP-02,Running,51.99,23.95,6.72,382.12,30.26,75.6
2026-01-19 07:00:00,CP-02,Running,54.85,25.03,6.84,345.74,30.99,71.12
2026-02-04 21:00:00,CP-05,Running,53.21,27.06,6.96,386.84,26.89,71.61
2026-01-07 22:00:00,CP-02,Running,48.42,21.77,6.56,336.36,27.99,64.48
2026-01-19 18:00:00,CP-05,Running,49.08,24.67,6.72,327.7,30.58,66.23
2026-01-11 12:00:00,CP-04,Running,48.3,21.01,6.5,357.4,30.4,63.72
2026-03-19 09:00:00,CP-03,Running,59.44,30.04,6.93,436.05,31.28,86.48
2026-02-20 17:00:00,CP-01,Running,49.76,22.88,6.71,311.72,27.8,60.78
2026-02-11 06:00:00,CP-05,Stopped,28.37,12.39,7.22,35.58,28.2,6.4
2026-01-25 06:00:00,CP-01,Running,55.35,26.21,6.95,369.0,30.93,74.34
2026-01-29 03:00:00,CP-04,Running,56.15,24.77,6.75,362.27,29.87,70.13
2026-03-29 00:00:00,CP-02,Running,51.16,23.06,6.73,318.21,30.29,65.5
2026-01-12 01:00:00,CP-02,Running,58.07,26.94,6.78,396.7,30.66,78.91
2026-03-23 17:00:00,CP-05,Stopped,25.16,10.82,6.93,1.21,24.92,0.25
2026-03-04 10:00:00,CP-04,Running,50.06,21.77,6.69,333.08,31.24,63.5
2026-02-11 02:00:00,CP-05,Running,55.03,28.27,6.98,396.18,30.94,76.3
2026-01-24 13:00:00,CP-01,Running,53.8,25.64,6.67,390.25,30.51,77.29
2026-01-26 09:00:00,CP-03,Running,55.81,27.72,6.89,390.65,30.67,78.24
2026-02-06 19:00:00,CP-04,Running,45.22,19.12,6.57,276.04,27.38,50.93
2026-03-28 08:00:00,CP-04,Running,51.42,22.44,6.75,332.27,30.58,65.09
2026-02-12 09:00:00,CP-05,Running,52.77,27.07,7.11,402.77,30.84,75.73
2026-03-03 20:00:00,CP-04,Running,50.68,21.89,6.47,305.48,29.49,60.42
2026-01-13 05:00:00,CP-01,Running,51.18,24.12,6.98,350.62,32.02,71.99
2026-03-01 18:00:00,CP-04,Running,43.56,18.37,6.5,264.45,26.52,49.86
2026-01-12 12:00:00,CP-03,Running,52.88,26.09,6.85,392.39,31.14,75.08
2026-03-29 15:00:00,CP-04,Stopped,27.45,10.39,6.41,24.68,26.68,4.71
2026-01-14 09:00:00,CP-04,Running,49.93,21.63,6.63,327.41,31.21,61.76
2026-01-16 20:00:00,CP-03,Running,54.09,26.49,6.52,346.19,28.84,71.63
2026-01-03 19:00:00,CP-02,Running,46.55,20.76,6.53,315.77,28.27,60.76
2026-02-21 13:00:00,CP-03,Running,52.6,25.95,6.7,376.08,30.84,75.13
2026-02-22 21:00:00,CP-03,Running,54.64,26.88,6.71,346.11,30.0,73.7
2026-03-11 08:00:00,CP-04,Running,49.55,21.64,6.68,342.11,32.37,65.51
2026-02-23 21:00:00,CP-04,Running,47.76,20.5,6.53,274.84,28.49,57.72
2026-02-21 05:00:00,CP-03,Running,59.57,30.31,7.0,421.53,32.38,89.65
2026-02-04 06:00:00,CP-04,Running,51.95,22.88,6.72,367.87,31.39,69.35
2026-01-14 12:00:00,CP-04,Running,52.13,22.55,6.61,303.3,30.55,61.18
2026-02-09 23:00:00,CP-01,Running,50.86,23.65,6.71,357.16,29.47,65.91
2026-01-21 13:00:00,CP-04,Running,47.59,20.34,6.49,262.27,29.37,55.76
2026-02-25 08:00:00,CP-02,Running,52.38,24.01,6.79,364.47,31.14,73.31
2026-02-25 13:00:00,CP-05,Running,51.98,26.66,6.9,387.09,30.97,75.61
2026-01-27 11:00:00,CP-02,Running,51.7,23.54,6.61,357.85,30.39,70.11
2026-03-04 00:00:00,CP-01,Running,53.9,25.14,6.78,359.34,29.24,67.29
2026-01-29 01:00:00,CP-03,Running,49.9,24.72,6.89,376.49,30.71,77.04
2026-01-06 14:00:00,CP-02,Running,52.02,23.38,6.72,337.95,28.7,64.33
2026-01-07 06:00:00,CP-04,Running,49.67,21.71,6.78,362.98,30.97,65.89
2026-03-17 07:00:00,CP-04,Running,49.16,21.6,6.69,330.46,31.2,68.17
2026-01-18 16:00:00,CP-02,Running,49.4,21.91,6.54,285.22,28.08,58.3
2026-02-06 15:00:00,CP-03,Stopped,27.58,11.58,6.83,31.07,25.23,5.95
2026-02-13 18:00:00,CP-01,Running,53.33,24.67,6.76,327.79,29.08,63.6
2026-02-02 05:00:00,CP-01,Running,54.66,26.05,7.04,397.77,31.37,77.3
2026-02-13 13:00:00,CP-01,Running,53.32,24.86,6.75,332.45,30.3,67.01
2026-03-22 01:00:00,CP-04,Stopped,28.53,10.85,6.7,32.44,27.29,6.56
2026-01-07 08:00:00,CP-03,Running,51.92,25.82,7.09,421.96,31.67,78.72
2026-03-22 02:00:00,CP-04,Running,46.86,20.17,6.53,294.98,29.98,58.87
2026-02-25 11:00:00,CP-02,Running,47.97,21.52,6.83,308.5,31.42,63.51
2026-03-01 03:00:00,CP-04,Running,52.36,22.97,6.67,361.2,,67.45
2026-03-09 01:00:00,CP-01,Running,52.25,24.43,6.85,360.32,30.58,68.41
2026-01-04 14:00:00,CP-03,Running,49.55,24.12,6.8,368.62,29.46,68.88
2026-01-01 18:00:00,CP-03,Running,46.83,22.56,6.73,337.34,28.33,64.17
2026-03-26 03:00:00,CP-02,Running,47.47,21.47,6.78,321.5,31.26,67.08
2026-03-03 08:00:00,CP-03,Running,53.23,26.37,7.04,402.19,31.69,76.93
2026-02-26 23:00:00,CP-02,Running,48.25,21.58,6.62,304.28,29.44,62.03
2026-02-26 20:00:00,CP-05,Running,55.97,28.78,6.64,388.76,28.87,76.84
2026-01-14 19:00:00,CP-03,Running,51.44,25.03,6.81,356.28,27.22,68.73
2026-03-17 19:00:00,CP-03,Running,49.56,24.08,6.93,336.99,28.27,67.94
2026-01-05 03:00:00,CP-04,Running,45.43,19.5,6.54,304.01,32.21,57.7
2026-01-17 12:00:00,CP-02,Running,51.29,23.37,6.74,342.08,30.2,70.44
2026-02-20 04:00:00,CP-01,Running,55.97,26.62,7.02,367.61,30.71,76.32
2026-01-06 06:00:00,CP-02,Running,54.34,24.79,6.84,380.83,32.32,71.09
2026-03-24 16:00:00,CP-01,Running,45.72,20.85,6.72,295.12,26.74,57.18
2026-02-06 05:00:00,CP-03,Running,57.57,28.74,7.13,412.64,32.48,80.54
2026-02-18 06:00:00,CP-02,Running,53.97,25.22,6.8,374.75,30.79,82.26
2026-02-15 03:00:00,CP-01,Running,55.65,26.71,6.9,389.46,31.83,80.5
2026-03-09 04:00:00,CP-04,Running,51.57,22.7,6.68,363.1,32.86,69.07
2026-01-23 14:00:00,CP-01,Running,55.34,25.94,6.61,333.33,30.9,69.44
2026-03-07 00:00:00,CP-04,Running,48.81,20.86,6.6,290.96,28.86,55.75
2026-03-26 07:00:00,CP-01,Running,54.85,25.97,6.95,370.08,31.88,74.18
2026-01-09 20:00:00,CP-05,Running,53.23,27.27,6.92,359.34,27.93,75.0
2026-02-24 03:00:00,CP-05,Running,54.29,28.2,7.09,400.27,32.61,81.63
2026-02-17 18:00:00,CP-04,Running,46.43,19.9,6.42,286.48,28.63,56.98
2026-02-12 23:00:00,CP-05,Running,49.35,25.04,6.96,369.57,30.84,70.59
2026-03-21 06:00:00,CP-03,Running,54.9,27.29,7.13,405.07,32.83,78.6
2026-02-04 00:00:00,CP-02,Stopped,26.9,10.46,6.75,15.71,26.72,2.84
2026-02-14 19:00:00,CP-05,Running,51.99,26.21,6.78,324.06,29.55,67.64
2026-02-22 13:00:00,CP-03,Running,54.24,26.91,6.7,390.96,29.64,77.74
2026-02-27 18:00:00,CP-04,Running,47.1,20.06,6.55,268.16,28.34,54.13
2026-03-03 01:00:00,CP-03,Running,56.1,27.93,7.1,383.69,31.44,79.37
2026-03-19 21:00:00,CP-02,Running,50.22,22.69,6.66,322.58,29.03,66.55
2026-03-03 02:00:00,CP-01,Running,47.32,22.14,6.79,354.84,29.46,68.76
2026-01-19 19:00:00,CP-02,Running,46.03,20.24,6.66,266.55,29.48,54.28
2026-01-29 11:00:00,CP-05,Running,54.58,28.43,7.13,413.31,30.31,82.83
2026-01-06 10:00:00,CP-01,Running,49.71,23.37,6.81,378.29,30.41,70.87
2026-03-23 03:00:00,CP-03,Running,54.71,27.07,6.91,379.89,30.98,76.39
2026-02-03 18:00:00,CP-05,Running,52.13,26.57,6.74,395.4,28.22,72.67
2026-01-08 09:00:00,CP-04,Running,48.98,21.22,6.74,317.58,30.95,61.77
2026-01-10 21:00:00,CP-04,Running,49.44,21.19,6.36,293.09,29.36,56.91
2026-01-02 01:00:00,CP-02,Stopped,31.2,12.07,6.78,6.0,26.63,1.1
2026-02-10 22:00:00,CP-02,Running,49.05,21.71,6.69,285.64,29.53,57.26
2026-03-07 09:00:00,CP-01,Stopped,26.04,10.45,7.03,18.14,27.89,3.41
2026-02-02 01:00:00,CP-04,Running,51.37,22.34,6.49,340.68,30.02,63.64
2026-01-23 01:00:00,CP-02,Running,52.59,24.07,6.73,360.71,31.76,72.48
2026-02-19 20:00:00,CP-02,Running,47.25,20.98,6.45,296.43,27.64,58.69
2026-03-12 08:00:00,CP-01,Running,57.93,27.73,7.08,429.06,32.63,79.33
2026-03-05 03:00:00,CP-05,Running,54.3,27.98,7.21,406.93,32.02,77.73
2026-01-08 01:00:00,CP-05,Stopped,30.83,13.36,7.21,17.52,27.91,3.2
2026-01-20 18:00:00,CP-02,Running,50.63,22.73,6.6,314.4,28.47,63.67
2026-03-20 00:00:00,CP-01,Running,49.71,23.27,6.75,340.01,29.4,68.9
2026-03-09 12:00:00,CP-05,Running,56.91,29.34,7.12,408.58,30.25,78.01
2026-03-25 16:00:00,CP-05,Running,47.24,23.83,6.78,322.64,28.38,67.84
2026-01-03 16:00:00,CP-04,Running,47.3,20.01,6.57,252.2,28.91,51.3
2026-02-23 20:00:00,CP-03,Running,49.06,23.76,6.6,335.12,29.22,66.61
2026-03-08 04:00:00,CP-05,Running,58.16,30.69,7.19,451.12,32.91,88.95
2026-02-10 04:00:00,CP-02,Running,54.39,25.08,6.8,411.5,30.41,76.1
2026-01-10 16:00:00,CP-04,Running,46.94,20.29,6.49,296.35,29.88,60.74
2026-03-18 16:00:00,CP-02,Running,47.7,21.3,6.69,303.33,27.79,61.39
2026-03-09 19:00:00,CP-05,Running,51.84,26.21,6.74,361.73,29.31,69.02
2026-03-01 15:00:00,CP-03,Running,48.39,23.35,6.79,345.34,28.87,64.92
2026-01-27 19:00:00,CP-03,Running,49.57,23.7,6.73,317.47,29.61,60.75
2026-01-07 23:00:00,CP-03,Running,57.58,28.14,6.87,368.07,30.88,70.7
2026-01-09 07:00:00,CP-05,Running,59.06,30.38,6.96,402.66,31.73,77.03
2026-02-15 19:00:00,CP-05,Running,53.44,27.43,6.87,373.24,29.79,75.98
2026-03-29 01:00:00,CP-05,Running,60.99,32.11,7.1,426.98,30.64,87.88
2026-02-03 15:00:00,CP-03,Running,48.27,23.45,6.81,351.39,28.17,67.91
2026-02-13 10:00:00,CP-01,Running,50.75,24.18,6.79,392.83,31.29,77.05
2026-02-07 18:00:00,CP-03,Running,52.43,25.32,6.7,370.7,27.16,65.24
2026-03-15 08:00:00,CP-01,Running,54.58,25.83,6.79,370.57,31.2,74.01
2026-02-19 07:00:00,CP-05,Running,58.21,30.44,7.36,426.35,32.88,84.73
2026-02-18 16:00:00,CP-01,Running,53.66,25.07,6.68,337.56,27.97,67.94
2026-01-04 05:00:00,CP-02,Running,54.63,25.09,6.89,379.97,30.21,74.13
2026-02-24 12:00:00,CP-02,Stopped,29.36,11.47,6.7,25.66,27.71,5.07
2026-01-09 06:00:00,CP-03,Running,51.97,25.86,7.21,421.66,33.57,79.08
2026-03-04 12:00:00,CP-03,Stopped,27.41,11.44,6.89,17.78,26.57,3.26
2026-03-27 16:00:00,CP-01,Running,50.34,23.48,6.71,350.25,28.92,67.4
2026-02-14 13:00:00,CP-02,Running,48.95,21.72,6.81,298.38,30.64,58.5
2026-01-04 06:00:00,CP-01,Running,56.42,27.26,6.92,416.96,31.26,83.64
2026-02-14 21:00:00,CP-03,Running,52.05,25.58,6.77,373.94,29.0,73.34
2026-03-23 13:00:00,CP-01,Running,48.97,22.66,6.74,322.89,29.21,63.69
2026-03-11 23:00:00,CP-04,Running,47.05,20.3,6.52,317.95,29.56,60.06
2026-03-22 00:00:00,CP-05,Running,53.4,27.12,6.9,357.56,28.3,71.07
2026-03-24 06:00:00,CP-01,Running,55.92,27.04,6.8,383.97,32.59,84.1
2026-01-10 07:00:00,CP-03,Running,58.97,29.67,7.13,441.14,32.64,84.36
2026-03-18 02:00:00,CP-03,Running,56.91,28.15,6.96,378.89,32.49,76.3
2026-03-05 08:00:00,CP-05,Running,59.07,30.53,7.29,418.7,31.68,79.2
2026-02-11 09:00:00,CP-02,Running,51.84,23.66,6.75,368.72,31.07,71.22
2026-02-21 08:00:00,CP-03,Running,56.75,28.65,6.85,399.36,32.12,85.85
2026-02-23 16:00:00,CP-01,Running,49.42,22.49,6.62,283.01,27.19,56.06
2026-03-21 19:00:00,CP-02,Running,43.91,19.21,6.63,260.74,27.75,52.13
2026-01-14 16:00:00,CP-05,Running,54.46,27.75,6.83,349.1,29.43,72.52
2026-02-27 18:00:00,CP-02,Running,48.51,21.43,6.53,293.68,28.12,56.43
2026-02-15 16:00:00,CP-05,Running,51.24,25.93,6.83,360.26,29.15,69.43
2026-03-29 13:00:00,CP-05,Running,54.92,27.95,6.91,369.1,28.55,72.0
2026-01-02 04:00:00,CP-04,Running,52.46,22.82,6.73,332.99,30.37,63.72
2026-01-29 07:00:00,CP-03,Running,55.0,27.59,7.12,391.33,31.71,82.92
2026-01-26 10:00:00,CP-01,Running,56.37,27.07,6.88,394.13,31.78,80.8
2026-02-22 02:00:00,CP-01,Running,53.49,25.4,6.83,372.29,32.18,75.5
2026-01-22 20:00:00,CP-03,Running,47.37,22.81,6.7,313.9,27.89,64.0
2026-01-05 17:00:00,CP-03,Running,51.99,25.03,6.87,307.32,28.69,63.8
2026-02-28 08:00:00,CP-04,Running,49.84,21.96,6.64,361.12,30.19,69.55
2026-03-31 20:00:00,CP-02,Running,44.79,19.91,6.55,299.56,27.63,59.21
2026-03-26 18:00:00,CP-04,Running,48.38,20.76,6.41,271.35,27.19,57.43
2026-02-28 03:00:00,CP-03,Running,53.57,26.52,6.92,401.63,31.34,76.63
2026-03-28 15:00:00,CP-02,Running,46.58,20.75,6.37,290.41,27.68,60.24
2026-01-16 17:00:00,CP-04,Stopped,28.77,10.79,6.46,6.04,25.16,1.22
2026-01-22 11:00:00,CP-04,Running,52.77,23.11,6.52,337.95,29.56,66.74
2026-01-04 14:00:00,CP-04,Running,45.65,19.59,6.5,296.32,28.18,57.66
2026-01-08 18:00:00,CP-02,Running,45.79,20.22,6.51,293.44,28.74,56.37
2026-02-22 04:00:00,CP-02,Running,52.5,23.73,6.88,326.36,31.59,66.81
2026-02-24 18:00:00,CP-03,Running,51.35,24.55,6.72,303.9,27.7,60.74
2026-03-29 17:00:00,CP-04,Running,47.96,20.31,6.52,268.55,28.14,51.63
2026-01-17 22:00:00,CP-02,Running,50.35,22.57,6.66,319.04,29.87,63.04
2026-03-03 23:00:00,CP-01,Running,53.11,24.75,6.77,330.88,30.22,66.84
2026-03-13 21:00:00,CP-05,Running,51.82,26.13,6.99,353.06,28.36,67.75
2026-03-27 11:00:00,CP-01,Running,52.47,24.7,6.9,345.48,31.55,71.46
2026-03-23 18:00:00,CP-05,Running,50.71,25.67,6.83,334.98,29.17,69.56
2026-03-17 00:00:00,CP-03,Running,56.36,27.87,6.85,380.75,29.68,76.11
2026-02-11 20:00:00,CP-05,Stopped,26.46,11.41,6.77,6.69,25.14,1.36
2026-02-08 06:00:00,CP-02,Running,50.15,22.57,6.9,343.7,31.37,64.91
2026-03-25 09:00:00,CP-04,Running,52.27,22.89,6.63,328.72,30.58,66.7
2026-01-17 00:00:00,CP-04,Running,45.76,19.56,6.58,275.88,28.92,55.66
2026-01-23 04:00:00,CP-02,Running,49.49,22.48,6.81,344.79,30.23,69.0
2026-03-06 02:00:00,CP-05,Running,54.05,28.16,7.13,426.61,31.8,83.03
2026-01-06 04:00:00,CP-01,Running,54.27,25.69,6.8,406.69,33.47,74.05
2026-03-01 12:00:00,CP-02,Running,53.43,24.2,6.7,342.79,31.77,67.81
2026-02-03 18:00:00,CP-02,Running,48.85,21.81,6.6,307.3,28.09,61.19
2026-01-24 13:00:00,CP-03,Running,55.2,26.93,7.02,349.18,29.7,69.82
2026-01-05 13:00:00,CP-05,Running,53.27,27.62,6.9,445.43,30.96,80.66
2026-02-05 19:00:00,CP-01,Stopped,27.36,11.11,6.69,40.75,26.14,7.91
2026-01-24 05:00:00,CP-03,Running,55.04,27.58,7.02,390.42,30.18,82.41
2026-03-04 04:00:00,CP-05,Running,58.85,31.27,7.15,491.97,32.6,92.3
2026-02-13 11:00:00,CP-05,Running,52.46,26.92,7.08,427.5,30.2,75.83
2026-01-05 16:00:00,CP-03,Running,50.18,24.58,6.89,394.42,27.36,71.82
2026-02-12 03:00:00,CP-04,Running,47.73,20.7,6.71,327.49,28.83,62.25
2026-01-28 11:00:00,CP-01,Running,50.07,23.62,6.91,372.31,31.12,72.45
2026-01-15 17:00:00,CP-01,Running,47.34,21.71,6.55,320.54,27.75,59.58
2026-02-03 17:00:00,CP-02,Running,44.4,19.4,6.6,281.36,28.12,51.66
2026-03-18 04:00:00,CP-05,Running,54.14,28.4,7.1,441.23,31.65,86.19
2026-03-27 17:00:00,CP-05,Running,50.14,25.02,6.86,308.76,28.93,62.89
2026-02-01 15:00:00,CP-01,Running,47.45,21.74,6.73,294.31,28.4,59.23
2026-01-23 07:00:00,CP-05,Running,58.81,30.9,7.08,439.3,32.53,86.9
2026-03-22 17:00:00,CP-02,Stopped,25.56,9.9,6.53,7.56,26.17,1.55
2026-01-04 22:00:00,CP-02,Running,46.01,20.34,6.71,312.81,28.42,56.89
2026-03-28 22:00:00,CP-01,Running,46.66,21.3,6.74,298.58,28.49,57.66
2026-03-01 08:00:00,CP-01,Running,54.31,26.07,6.95,411.21,32.77,80.51
2026-01-07 20:00:00,CP-04,Running,44.65,18.96,6.46,294.52,27.83,52.85
2026-02-25 03:00:00,CP-05,Running,55.24,28.73,7.05,388.87,31.2,82.16
2026-03-06 03:00:00,CP-03,Running,54.57,27.32,6.96,445.26,32.05,82.02
2026-01-14 11:00:00,CP-03,Running,53.29,26.46,7.05,375.09,30.82,78.02
2026-03-05 05:00:00,CP-01,Running,53.65,25.5,7.01,385.38,32.85,76.02
2026-02-06 16:00:00,CP-05,Running,53.13,27.27,6.78,406.62,29.48,75.92
2026-02-02 19:00:00,CP-05,Running,49.86,25.49,6.82,387.51,28.87,74.18
2026-01-06 12:00:00,CP-02,Running,51.16,22.86,6.62,321.41,30.07,61.57
2026-02-03 14:00:00,CP-03,Stopped,29.33,12.22,6.76,13.65,25.79,2.77
2026-01-02 06:00:00,CP-01,Running,56.13,26.99,6.87,414.95,32.16,81.54
2026-02-24 12:00:00,CP-03,Running,55.37,27.31,6.93,360.61,30.61,74.94
2026-01-10 11:00:00,CP-03,Running,55.44,27.96,6.94,425.7,29.53,85.53
2026-02-22 13:00:00,CP-01,Running,50.12,23.45,6.72,350.96,29.96,68.72
2026-03-25 12:00:00,CP-01,Running,47.91,22.23,6.81,316.33,30.67,64.94
2026-03-05 23:00:00,CP-05,Running,52.86,26.99,6.95,392.71,29.69,73.57
2026-02-27 12:00:00,CP-05,Running,54.2,27.82,7.06,382.13,30.76,75.9
2026-02-25 02:00:00,CP-04,Running,53.27,23.63,6.64,351.94,29.76,72.75
2026-03-09 02:00:00,CP-05,Running,57.36,29.99,7.18,453.45,32.3,84.57
2026-01-26 02:00:00,CP-04,Stopped,30.75,11.73,6.59,39.15,27.61,7.81
2026-03-26 19:00:00,CP-01,Running,53.09,24.58,6.53,329.57,27.65,63.96
2026-01-09 01:00:00,CP-03,Running,53.83,26.51,7.08,391.73,31.49,74.25
2026-01-09 21:00:00,CP-03,Stopped,28.39,11.85,6.87,19.45,25.06,3.66
2026-01-12 04:00:00,CP-05,Running,61.34,32.63,7.11,463.67,31.83,92.94
2026-03-21 03:00:00,CP-01,Running,52.81,25.02,6.76,349.94,30.66,74.57
2026-03-09 09:00:00,CP-01,Running,53.32,25.75,6.89,443.91,31.65,83.49
2026-02-22 12:00:00,CP-05,Running,52.74,27.1,7.03,361.83,30.4,76.49
2026-01-01 11:00:00,CP-02,Running,53.91,24.69,6.64,383.02,30.66,72.89
2026-01-28 01:00:00,CP-01,Running,52.85,24.81,6.88,350.82,30.56,70.34
2026-02-14 03:00:00,CP-05,Running,54.83,28.61,6.94,444.18,31.93,83.68
2026-02-19 05:00:00,CP-05,Running,54.99,28.59,7.34,392.41,31.43,81.88
2026-02-04 15:00:00,CP-03,Running,52.99,25.9,6.79,353.38,28.35,70.81
2026-02-18 16:00:00,CP-05,Running,53.9,27.7,6.92,369.09,30.26,76.45
2026-02-08 07:00:00,CP-03,Running,54.85,27.24,6.99,420.37,31.86,78.12
2026-01-19 04:00:00,CP-03,Running,58.45,29.55,6.97,447.3,31.81,86.65
2026-03-18 11:00:00,CP-05,Running,53.77,27.84,7.04,394.76,30.82,80.05
2026-02-06 17:00:00,CP-05,Running,52.51,27.09,6.78,409.21,29.69,78.38
2026-03-25 13:00:00,CP-02,Running,48.16,21.77,6.82,323.54,29.34,66.95
2026-01-25 05:00:00,CP-02,Running,53.79,24.43,6.88,357.49,30.55,69.11
2026-03-23 19:00:00,CP-02,Running,46.99,20.86,6.52,273.01,28.0,58.61
2026-03-18 08:00:00,CP-03,Running,54.96,27.18,6.94,410.15,30.52,76.2
2026-02-12 09:00:00,CP-01,Running,54.1,25.82,6.82,415.04,32.56,77.77
2026-03-27 01:00:00,CP-04,Running,46.64,19.97,6.68,279.45,30.57,56.57
2026-03-28 14:00:00,CP-02,Running,48.66,21.67,6.74,283.46,29.77,60.15
2026-02-18 13:00:00,CP-01,Running,50.92,23.69,6.72,339.41,30.4,66.15
2026-02-28 18:00:00,CP-04,Running,47.23,20.13,6.37,287.54,27.45,54.51
2026-02-12 10:00:00,CP-02,Running,49.26,22.28,6.82,362.56,30.94,67.16
2026-01-30 03:00:00,CP-05,Running,56.4,29.18,6.98,404.81,33.43,79.7
2026-02-16 18:00:00,CP-03,Running,50.51,24.18,6.74,313.99,26.7,61.2
2026-02-03 10:00:00,CP-05,Running,57.8,30.11,7.13,420.98,32.4,82.95
2026-01-21 13:00:00,CP-03,Running,54.08,26.46,6.82,342.11,30.38,71.27
2026-03-17 03:00:00,CP-05,Running,57.58,30.1,7.15,431.45,32.32,84.53
2026-03-12 02:00:00,CP-01,Running,51.28,24.2,6.95,401.59,30.86,72.6
2026-02-24 12:00:00,CP-04,Running,50.62,22.02,6.59,308.93,30.89,63.75
2026-02-02 10:00:00,CP-05,Running,58.07,30.42,7.03,428.57,32.01,85.59
2026-02-01 05:00:00,CP-01,Running,53.63,25.43,7.07,397.13,31.29,74.9
2026-03-22 14:00:00,CP-03,Running,48.9,23.79,6.76,340.81,30.2,68.63
2026-03-28 00:00:00,CP-03,Running,55.37,27.18,7.08,376.16,29.01,72.67
2026-01-01 12:00:00,CP-04,Running,50.12,21.86,6.61,324.88,30.32,64.93
2026-01-09 18:00:00,CP-01,Running,48.5,22.18,6.74,296.57,27.43,58.42
2026-01-11 17:00:00,CP-01,Running,46.64,21.23,6.68,303.63,27.46,56.22
2026-02-14 00:00:00,CP-01,Running,56.5,26.88,6.86,388.27,29.8,76.38
2026-03-23 21:00:00,CP-03,Running,50.85,24.63,6.96,331.49,29.35,66.53
2026-03-13 23:00:00,CP-04,Running,53.09,23.22,6.61,341.1,29.26,66.16
2026-03-15 03:00:00,CP-05,Running,58.05,30.66,7.13,467.49,32.84,89.37
2026-01-16 18:00:00,CP-01,Running,48.96,22.57,6.75,315.42,25.93,61.89
2026-01-29 20:00:00,CP-05,Running,50.69,25.74,6.9,352.45,28.25,70.9
2026-02-12 08:00:00,CP-04,Running,53.01,23.34,6.73,371.39,31.25,69.19
2026-02-26 04:00:00,CP-04,Running,48.1,20.82,6.81,307.95,30.64,61.5
2026-01-03 13:00:00,CP-04,Running,48.68,20.91,6.37,303.55,29.25,57.9
2026-02-04 21:00:00,CP-02,Running,49.02,21.96,6.54,317.37,29.69,62.72
2026-02-22 20:00:00,CP-03,Running,47.55,22.86,6.86,314.15,27.65,63.23
2026-01-17 02:00:00,CP-04,Running,51.72,22.7,6.7,336.29,31.13,67.7
2026-01-02 06:00:00,CP-02,Running,57.16,26.51,6.95,413.08,31.14,78.75
2026-02-04 07:00:00,CP-04,Running,49.91,21.8,6.8,354.48,29.85,65.51
2026-01-01 14:00:00,CP-01,Running,49.95,23.02,6.71,302.23,29.88,61.73
2026-01-02 22:00:00,CP-01,Running,49.9,23.24,6.7,338.35,28.95,66.59
2026-01-11 04:00:00,CP-03,Running,56.05,28.04,6.88,413.99,33.02,81.63
2026-03-15 08:00:00,CP-05,Running,57.13,30.01,7.15,440.11,33.58,86.83
2026-03-02 05:00:00,CP-02,Running,52.19,24.0,6.8,376.74,30.44,74.69
2026-03-27 09:00:00,CP-05,Running,57.97,30.45,7.07,450.32,33.08,86.85
2026-03-22 07:00:00,CP-01,Running,51.97,24.56,6.91,369.31,31.29,73.22
2026-02-04 12:00:00,CP-02,Running,50.43,22.81,6.77,356.16,29.64,67.22
2026-03-11 22:00:00,CP-01,Running,47.49,21.74,6.75,309.35,29.01,58.92
2026-02-04 03:00:00,CP-05,Running,57.26,29.92,7.17,444.34,31.98,84.39
2026-03-15 03:00:00,CP-03,Stopped,28.86,12.14,7.05,32.79,28.33,6.56
2026-01-25 19:00:00,CP-04,Running,43.92,18.66,6.5,245.52,26.88,53.28
2026-02-15 12:00:00,CP-01,Stopped,29.5,11.87,6.81,23.62,27.22,4.58
2026-02-06 06:00:00,CP-02,Running,53.83,24.58,6.84,381.76,31.08,71.39
2026-03-21 18:00:00,CP-02,Running,47.08,20.9,6.56,292.52,29.71,58.56
2026-03-12 09:00:00,CP-04,Running,53.43,23.56,6.89,359.07,30.52,69.9
2026-03-22 04:00:00,CP-01,Running,51.86,25.04,6.92,386.31,33.13,83.37
2026-03-16 17:00:00,CP-01,Running,49.56,22.76,6.69,301.59,28.96,60.2
2026-03-15 17:00:00,CP-04,Running,47.21,20.26,6.65,290.59,29.13,57.58
2026-02-22 06:00:00,CP-04,Running,50.22,22.07,6.74,308.33,32.3,68.38
2026-03-23 22:00:00,CP-03,Running,53.03,26.17,6.77,379.37,30.75,75.23
2026-02-09 20:00:00,CP-05,Running,51.14,25.98,6.86,366.54,28.61,71.07
2026-02-08 05:00:00,CP-05,Running,54.53,28.47,7.19,406.23,32.26,83.94
2026-01-08 12:00:00,CP-01,Running,54.52,25.49,6.83,368.84,29.48,68.28
2026-02-17 03:00:00,CP-05,Running,58.37,30.97,7.09,462.16,32.3,91.63
2026-02-16 21:00:00,CP-05,Stopped,26.53,11.62,6.87,35.02,27.2,7.5
2026-03-04 18:00:00,CP-02,Stopped,27.15,10.59,6.5,22.22,25.5,4.14
2026-03-11 11:00:00,CP-03,Running,57.12,28.54,6.93,430.76,30.2,80.93
2026-01-29 07:00:00,CP-02,Running,52.24,23.94,6.94,339.32,33.35,73.24
2026-01-27 03:00:00,CP-02,Running,52.2,23.78,6.77,363.48,30.67,70.39
2026-03-06 09:00:00,CP-03,Running,56.46,28.28,6.92,442.39,29.8,82.19
2026-01-15 10:00:00,CP-04,Running,48.07,20.86,6.63,343.99,29.67,62.51
2026-02-11 21:00:00,CP-05,Running,50.52,25.38,6.87,354.95,29.89,66.0
2026-03-14 02:00:00,CP-03,Running,57.88,29.02,6.91,441.71,32.03,82.63
2026-03-17 11:00:00,CP-01,Running,49.87,23.37,6.9,337.81,30.57,69.35
2026-03-24 03:00:00,CP-01,Running,54.77,25.97,6.99,373.51,30.94,74.94
2026-01-11 20:00:00,CP-02,Running,50.61,22.76,6.64,351.42,28.42,64.53
2026-01-12 18:00:00,CP-01,Running,50.79,23.75,6.57,336.91,28.46,68.46
2026-02-09 08:00:00,CP-04,Running,52.57,23.42,6.82,411.88,30.55,74.68
2026-01-20 23:00:00,CP-05,Running,52.82,27.24,7.02,369.8,29.99,78.17
2026-01-28 23:00:00,CP-01,Running,56.47,26.59,6.67,349.88,29.67,71.66
2026-01-12 20:00:00,CP-05,Running,53.71,27.29,7.0,366.77,29.54,71.33
2026-02-04 00:00:00,CP-04,Running,49.58,21.5,6.59,338.07,30.43,62.22
2026-01-13 15:00:00,CP-01,Running,49.69,22.92,6.57,302.08,28.85,62.24
2026-02-25 00:00:00,CP-04,Running,51.4,22.1,6.66,280.03,29.86,58.57
2026-02-26 06:00:00,CP-02,Running,50.62,23.18,6.73,367.98,33.01,72.78
2026-03-11 09:00:00,CP-03,Running,53.03,26.1,7.05,420.15,32.06,74.01
2026-02-23 18:00:00,CP-05,Running,49.52,24.96,6.81,345.52,29.17,67.52
2026-03-02 23:00:00,CP-03,Running,54.35,26.59,6.86,366.85,30.1,71.12
2026-02-20 11:00:00,CP-02,Running,54.59,24.66,6.72,329.9,31.01,66.58
2026-02-28 23:00:00,CP-03,Running,50.1,24.52,6.86,369.64,29.74,71.32
2026-01-10 18:00:00,CP-04,Running,48.5,20.94,6.41,310.34,27.31,60.34
2026-02-13 08:00:00,CP-04,Running,50.87,22.39,6.68,351.54,31.42,68.98
2026-02-11 12:00:00,CP-01,Running,53.52,25.08,6.76,353.56,30.19,69.48
2026-02-07 19:00:00,CP-04,Running,47.62,20.26,6.45,263.56,29.56,53.83
2026-01-02 22:00:00,CP-02,Running,48.41,21.51,6.59,308.52,28.92,59.17
2026-02-06 00:00:00,CP-02,Running,51.59,23.48,6.86,379.05,29.19,69.9
2026-01-28 14:00:00,CP-05,Running,53.35,27.18,6.98,359.48,29.41,72.48
2026-02-11 11:00:00,CP-02,Running,51.15,23.06,6.7,344.32,30.51,65.73
2026-03-17 17:00:00,CP-02,Running,50.42,22.33,6.57,282.32,27.47,57.51
2026-01-19 16:00:00,CP-01,Running,47.0,21.58,6.69,288.51,28.93,60.21
2026-03-05 19:00:00,CP-05,Running,53.04,27.0,6.81,376.12,29.12,72.06
2026-02-05 05:00:00,CP-02,Running,53.32,24.59,6.85,380.61,31.96,76.15
2026-02-22 19:00:00,CP-05,Running,48.77,24.33,6.84,302.66,29.35,62.96
2026-03-08 16:00:00,CP-02,Running,47.98,21.54,6.47,361.27,28.48,63.81
2026-03-30 06:00:00,CP-02,Running,55.14,25.43,6.79,357.49,31.83,76.22
2026-01-26 22:00:00,CP-02,Running,50.41,22.91,6.53,352.64,29.74,69.28
2026-03-30 17:00:00,CP-03,Running,48.84,23.87,6.79,354.79,28.81,70.71
2026-01-19 17:00:00,CP-01,Running,50.69,23.22,6.51,286.95,27.03,59.2
2026-01-30 01:00:00,CP-02,Running,49.88,22.54,6.86,351.39,30.94,66.8
2026-02-07 00:00:00,CP-02,Running,47.03,20.97,6.71,329.72,30.21,60.78
2026-01-26 21:00:00,CP-02,Running,48.02,21.61,6.48,323.05,29.2,64.94
2026-03-20 01:00:00,CP-04,Running,52.58,23.04,6.71,326.13,30.86,66.94
2026-03-11 13:00:00,CP-02,Running,52.43,23.61,6.58,340.69,29.1,65.1
2026-02-16 17:00:00,CP-04,Running,47.06,20.37,6.62,309.57,28.05,61.45
2026-01-01 22:00:00,CP-04,Running,44.66,18.95,6.53,271.85,28.74,52.57
2026-01-05 11:00:00,CP-05,Running,51.1,26.35,7.03,422.46,31.95,78.04
2026-03-31 16:00:00,CP-04,Running,41.69,17.65,6.61,247.32,28.58,51.64
2026-02-04 19:00:00,CP-01,Running,46.17,20.83,6.68,278.85,28.1,52.2
2026-01-29 15:00:00,CP-03,Running,49.3,23.6,6.77,307.74,28.23,61.19
2026-01-25 05:00:00,CP-04,Running,51.83,22.88,6.8,362.78,30.91,70.34
2026-02-14 01:00:00,CP-03,Running,55.11,27.35,6.87,413.25,31.8,77.95
2026-01-28 05:00:00,CP-01,Running,57.49,27.29,6.88,379.65,33.3,75.39
2026-01-22 10:00:00,CP-01,Running,52.31,24.76,6.97,369.98,31.25,74.09
2026-01-07 06:00:00,CP-02,Running,54.19,24.93,6.88,372.01,31.25,74.89
2026-01-30 10:00:00,CP-02,Running,49.41,22.32,6.73,318.63,30.55,66.53
2026-03-20 20:00:00,CP-05,Stopped,32.97,14.36,6.88,27.26,26.81,5.39
2026-02-04 17:00:00,CP-02,Running,47.01,20.88,6.59,322.0,27.85,58.86
2026-01-19 02:00:00,CP-03,Running,53.07,26.19,6.94,379.6,32.06,75.17
2026-01-19 22:00:00,CP-02,Running,49.04,22.07,6.46,312.76,29.03,64.85
2026-01-06 08:00:00,CP-01,Running,52.42,24.72,6.93,380.73,32.35,72.38
2026-02-05 15:00:00,CP-02,Running,51.47,23.28,6.54,365.43,29.01,67.19
2026-01-19 07:00:00,CP-03,Running,56.74,28.35,7.04,384.23,32.13,81.09
2026-03-20 18:00:00,CP-05,Running,49.69,24.98,6.95,340.59,28.18,66.26
2026-03-05 17:00:00,CP-01,Running,49.25,22.62,6.81,308.44,28.72,60.31
2026-01-03 05:00:00,CP-04,Running,51.65,23.05,6.71,398.32,32.16,75.37
2026-03-25 04:00:00,CP-03,Running,52.76,26.12,7.05,390.73,31.56,76.65
2026-02-28 04:00:00,CP-05,Running,56.39,29.5,7.24,423.76,31.18,84.84
2026-01-31 07:00:00,CP-05,Running,57.37,30.18,7.01,435.33,32.6,87.52
2026-03-26 08:00:00,CP-05,Running,58.3,30.18,7.19,397.29,31.85,79.96
2026-03-12 03:00:00,CP-05,Running,55.43,28.96,7.14,434.05,32.41,84.21
2026-01-23 05:00:00,CP-01,Running,58.17,28.65,7.04,461.44,33.15,92.84
2026-01-14 21:00:00,CP-02,Running,48.01,21.44,6.57,324.67,28.6,61.47
2026-01-02 00:00:00,CP-03,Running,57.24,28.36,6.79,370.13,30.63,77.03
2026-01-21 05:00:00,CP-01,Running,54.34,25.87,6.87,360.09,32.48,76.79
2026-01-09 10:00:00,CP-02,Running,49.88,23.05,6.71,412.6,32.33,77.07
2026-01-09 14:00:00,CP-02,Running,50.05,22.44,6.7,320.39,28.11,63.23
2026-03-13 22:00:00,CP-01,Running,52.66,24.85,6.75,373.04,29.29,72.68
2026-03-21 13:00:00,CP-05,Running,54.39,27.56,6.96,358.01,29.38,69.88
2026-01-19 10:00:00,CP-03,Stopped,26.96,11.25,6.93,18.02,27.91,3.45
2026-02-22 22:00:00,CP-05,Running,54.04,27.96,6.96,366.96,29.65,79.67
2026-01-17 11:00:00,CP-01,Running,50.34,23.52,6.83,346.78,30.82,68.02
2026-01-05 04:00:00,CP-04,Running,54.16,24.04,6.76,378.96,30.69,72.96
2026-02-07 20:00:00,CP-04,Running,50.33,21.66,6.51,318.14,27.39,58.95
2026-01-28 11:00:00,CP-03,Running,57.95,28.61,6.9,374.26,30.07,75.33
2026-03-26 00:00:00,CP-04,Running,48.74,21.0,6.57,299.98,28.67,59.4
2026-02-11 04:00:00,CP-02,Stopped,27.43,10.78,6.85,37.69,28.44,7.13
2026-01-02 00:00:00,CP-01,Stopped,25.98,10.35,6.78,3.59,27.77,0.68
2026-03-04 16:00:00,CP-01,Running,50.95,23.8,6.68,359.68,28.12,67.9
2026-03-05 19:00:00,CP-01,Running,49.2,22.43,6.65,297.24,28.5,56.99
2026-01-26 17:00:00,CP-04,Running,44.91,19.14,6.43,253.35,26.66,54.44
2026-02-08 05:00:00,CP-03,Running,53.76,26.77,6.93,442.84,30.24,79.37
2026-01-15 03:00:00,CP-03,Running,59.69,30.2,6.81,411.88,31.65,86.98
2026-02-11 09:00:00,CP-05,Running,55.07,28.46,7.08,394.29,32.42,79.18
2026-03-08 17:00:00,CP-05,Running,52.12,26.33,6.96,358.58,28.8,68.52
2026-03-03 06:00:00,CP-01,Running,55.68,26.39,6.98,397.63,31.65,74.72
2026-01-26 02:00:00,CP-01,Running,52.92,25.11,6.9,378.74,31.05,75.16
2026-02-02 02:00:00,CP-05,Running,54.23,28.33,6.99,466.85,31.32,84.19
2026-02-26 21:00:00,CP-01,Stopped,27.89,11.16,6.8,11.9,26.12,2.36
2026-02-17 15:00:00,CP-04,Running,47.58,20.28,6.37,270.32,29.04,54.46
2026-01-16 00:00:00,CP-01,Running,49.32,22.84,6.72,327.32,29.8,64.1
2026-01-17 04:00:00,CP-01,Running,51.96,24.48,6.84,363.3,30.64,71.82
2026-01-06 07:00:00,CP-04,Running,52.79,23.42,6.69,390.66,30.57,72.71
2026-01-15 23:00:00,CP-04,Running,44.97,19.61,6.37,331.17,29.31,64.78
2026-03-21 03:00:00,CP-04,Running,50.33,22.34,6.81,386.2,32.31,72.89
2026-03-09 05:00:00,CP-04,Running,50.47,22.25,6.72,363.06,31.96,69.74
2026-03-26 07:00:00,CP-03,Running,53.79,26.87,7.06,395.12,31.81,80.96
2026-01-26 21:00:00,CP-04,Running,52.97,23.14,6.51,343.03,29.84,65.7
2026-02-07 16:00:00,CP-04,Running,48.37,20.56,6.42,272.61,28.05,53.31
2026-03-10 16:00:00,CP-05,Running,51.59,26.4,6.81,390.69,28.68,74.48
2026-01-17 17:00:00,CP-04,Running,50.89,22.19,6.46,331.95,29.51,64.85
2026-03-12 08:00:00,CP-02,Running,56.2,25.96,6.73,411.21,32.62,76.88
2026-03-20 12:00:00,CP-05,Running,54.81,28.32,6.95,396.34,31.0,79.08
2026-02-16 22:00:00,CP-02,Running,47.57,21.15,6.68,311.69,28.33,59.44
2026-02-18 17:00:00,CP-01,Running,47.22,21.68,6.67,315.7,28.21,60.11
2026-03-22 11:00:00,CP-04,Running,50.24,21.91,6.67,324.25,31.05,64.89
2026-02-13 13:00:00,CP-04,Running,53.4,22.88,6.61,298.58,29.0,56.97
2026-02-10 22:00:00,CP-01,Running,51.15,23.58,6.74,314.93,29.26,62.08
2026-03-24 06:00:00,CP-04,Running,50.59,22.27,6.69,330.13,31.37,69.07
2026-01-08 02:00:00,CP-01,Running,54.87,25.89,6.85,384.66,31.8,72.53
2026-02-09 22:00:00,CP-03,Running,54.33,26.67,6.75,362.79,29.82,72.7
2026-03-25 00:00:00,CP-04,Running,47.87,20.75,6.45,295.02,30.24,62.2
2026-01-07 22:00:00,CP-04,Running,48.63,20.94,6.46,310.38,29.22,59.12
2026-03-10 05:00:00,CP-03,Running,53.59,26.74,7.2,431.74,30.25,80.42
2026-03-28 23:00:00,CP-05,Running,52.34,26.54,6.91,338.72,31.26,70.27
2026-03-26 13:00:00,CP-05,Running,54.11,28.0,6.82,399.47,30.04,79.82
2026-03-06 18:00:00,CP-03,Running,46.14,21.89,6.73,289.9,27.98,57.33
2026-01-29 17:00:00,CP-03,Running,49.83,24.08,6.63,335.47,29.62,65.54
2026-02-13 13:00:00,CP-03,Running,53.81,26.84,6.9,413.18,31.9,80.22
2026-01-29 21:00:00,CP-03,Running,56.13,27.43,6.61,366.26,29.73,70.67
2026-01-08 06:00:00,CP-04,Running,52.48,23.09,6.66,361.94,30.35,68.78
2026-02-07 22:00:00,CP-01,Running,50.24,23.27,6.73,328.63,29.48,64.2
2026-02-09 23:00:00,CP-02,Running,45.86,20.45,6.69,327.86,28.68,60.77
2026-01-25 15:00:00,CP-05,Running,53.74,27.58,7.0,364.87,29.17,75.77
2026-03-31 00:00:00,CP-03,Running,53.44,26.05,6.83,363.35,29.41,69.5
2026-03-10 23:00:00,CP-02,Running,43.93,19.47,6.65,290.1,27.98,58.07
2026-01-17 01:00:00,CP-01,Stopped,30.78,12.47,6.84,34.99,27.73,7.02
2026-03-17 22:00:00,CP-05,Running,52.03,26.98,7.01,399.95,29.19,80.64
2026-03-30 19:00:00,CP-04,Running,48.34,20.74,6.47,298.36,28.41,57.38
2026-03-09 00:00:00,CP-05,Running,56.32,29.12,6.94,416.36,29.95,79.42
2026-01-12 18:00:00,CP-05,Running,50.13,24.91,6.83,330.7,28.39,61.14
2026-02-10 03:00:00,CP-04,Running,52.55,22.98,6.54,355.63,32.23,66.19
2026-03-10 07:00:00,CP-03,Running,55.01,27.43,7.16,435.3,32.4,80.07
2026-03-23 10:00:00,CP-01,Running,56.84,27.19,6.88,391.07,31.33,78.93
2026-03-16 16:00:00,CP-04,Running,44.86,19.23,6.53,288.36,28.96,56.99
2026-02-28 18:00:00,CP-02,Running,48.34,21.38,6.47,297.74,28.92,56.93
2026-01-03 04:00:00,CP-04,Running,49.07,21.52,6.85,359.52,32.81,67.39
2026-03-26 10:00:00,CP-02,Running,49.68,22.65,6.78,353.12,30.09,70.74
2026-01-21 23:00:00,CP-01,Running,50.06,23.51,6.75,352.98,29.85,70.46
2026-03-02 13:00:00,CP-02,Running,51.56,23.42,6.57,353.71,30.68,69.16
2026-02-21 04:00:00,CP-02,Running,56.95,26.24,6.85,346.65,31.32,75.72
2026-01-18 01:00:00,CP-04,Running,49.36,21.56,6.66,332.5,31.45,65.62
2026-02-26 03:00:00,CP-01,Stopped,28.89,11.67,7.14,30.29,26.98,6.15
2026-01-24 07:00:00,CP-05,Running,57.7,30.18,7.09,435.18,33.14,84.85
2026-03-16 00:00:00,CP-04,Running,49.71,21.52,6.73,323.88,29.68,61.44
2026-02-03 00:00:00,CP-02,Running,53.68,24.33,6.77,381.87,29.0,68.08
2026-02-24 09:00:00,CP-04,Running,48.09,20.94,6.73,319.79,30.98,64.09
2026-03-22 14:00:00,CP-04,Running,46.07,19.98,6.47,317.61,28.87,62.35
2026-02-26 15:00:00,CP-04,Running,48.42,20.81,6.49,296.61,29.23,58.34
2026-02-12 17:00:00,CP-05,Running,54.14,28.03,6.9,414.35,28.26,79.91
2026-01-19 13:00:00,CP-01,Running,53.81,25.01,6.72,328.56,29.61,65.73
2026-03-31 18:00:00,CP-04,Running,45.59,19.59,6.5,281.93,28.77,58.27
2026-01-10 22:00:00,CP-01,Stopped,31.47,12.55,6.75,5.83,25.47,1.13
2026-01-05 17:00:00,CP-05,Running,53.33,26.95,6.87,349.37,29.49,68.68
2026-02-27 16:00:00,CP-03,Running,53.41,26.22,6.93,350.83,28.7,72.85
2026-02-13 10:00:00,CP-02,Running,50.76,22.96,6.78,355.9,31.59,67.23
2026-01-18 15:00:00,CP-04,Running,45.49,19.3,6.39,264.56,28.49,52.55
2026-03-10 16:00:00,CP-04,Running,43.84,18.56,6.61,273.54,28.07,51.48
2026-02-28 09:00:00,CP-05,Running,59.95,31.49,7.05,455.32,31.26,86.79
2026-02-26 06:00:00,CP-03,Running,56.34,28.25,7.13,425.54,33.02,82.59
2026-01-05 21:00:00,CP-04,Running,46.91,20.01,6.45,296.81,28.23,54.94
2026-03-10 07:00:00,CP-04,Running,54.36,24.11,6.75,388.02,32.65,72.54
2026-01-17 18:00:00,CP-03,Running,49.54,23.98,6.55,347.93,26.99,66.28
2026-01-23 15:00:00,CP-03,Running,46.96,22.57,6.78,294.74,29.29,63.19
2026-03-02 23:00:00,CP-04,Running,43.92,18.51,6.72,244.99,28.98,49.6
2026-01-11 07:00:00,CP-02,Running,55.72,26.02,6.81,437.83,33.56,82.08
2026-01-27 23:00:00,CP-05,Running,50.04,25.16,6.94,327.44,29.38,66.4
2026-01-05 21:00:00,CP-05,Running,55.07,28.54,6.85,437.49,28.71,80.53
2026-03-13 21:00:00,CP-03,Running,53.31,25.88,6.79,362.8,28.91,67.64
2026-03-11 19:00:00,CP-03,Running,51.05,25.2,6.85,384.93,28.87,75.39
2026-01-14 18:00:00,CP-04,Running,45.63,19.27,6.37,273.39,27.76,50.36
2026-01-05 09:00:00,CP-02,Running,48.92,22.38,6.85,391.46,32.24,72.38
2026-02-27 03:00:00,CP-04,Running,48.67,20.96,6.59,322.63,29.26,59.05
2026-03-30 12:00:00,CP-02,Running,47.48,21.22,6.71,308.75,29.25,61.7
2026-03-13 03:00:00,CP-01,Running,50.17,23.59,6.76,369.55,31.9,71.06
2026-03-30 04:00:00,CP-05,Running,57.84,30.38,6.99,457.63,32.98,86.78
2026-01-07 19:00:00,CP-01,Running,49.13,22.8,6.41,346.66,28.79,65.08
2026-02-25 22:00:00,CP-05,Stopped,28.2,12.29,7.02,28.36,24.84,5.63
2026-02-26 17:00:00,CP-05,Running,55.68,28.2,6.93,343.89,28.83,69.81
2026-01-16 11:00:00,CP-01,Running,55.15,26.21,6.76,372.36,30.04,76.01
2026-03-04 15:00:00,CP-02,Running,47.8,21.23,6.51,296.66,28.52,58.9
2026-02-06 22:00:00,CP-01,Running,49.09,22.99,6.84,379.88,29.55,69.25
2026-01-26 11:00:00,CP-05,Running,55.78,29.02,7.02,399.76,30.19,82.24
2026-03-01 10:00:00,CP-05,Running,54.59,28.22,6.94,399.82,31.5,79.22
2026-03-20 17:00:00,CP-03,Running,50.14,24.19,6.75,321.65,29.4,64.77
2026-03-31 17:00:00,CP-03,Running,51.81,25.21,6.65,357.66,29.2,68.71
2026-01-16 16:00:00,CP-02,Stopped,28.34,10.98,6.5,7.82,26.12,1.6
2026-02-21 07:00:00,CP-04,Running,52.53,22.83,6.84,302.42,30.74,63.19
2026-02-06 16:00:00,CP-03,Running,51.13,24.78,6.69,341.74,28.88,66.91
2026-01-20 00:00:00,CP-03,Running,53.31,26.3,6.84,375.27,30.01,75.13
2026-03-02 18:00:00,CP-05,Running,53.07,27.38,6.88,373.49,29.11,78.4
2026-01-25 19:00:00,CP-01,Running,47.62,22.01,6.66,303.01,28.78,63.16
2026-02-28 08:00:00,CP-03,Running,53.8,26.55,7.0,402.97,30.75,75.23
2026-01-19 02:00:00,CP-02,Running,54.59,25.32,6.79,387.72,31.99,78.77
2026-02-18 04:00:00,CP-03,Running,53.03,26.24,6.93,390.65,30.55,76.44
2026-02-21 20:00:00,CP-05,Running,54.8,28.15,6.74,356.33,29.56,76.24
2026-03-16 20:00:00,CP-01,Running,50.09,23.15,6.6,320.76,28.85,63.18
2026-01-14 01:00:00,CP-03,Running,52.27,25.76,6.9,399.52,31.68,74.56
2026-03-16 04:00:00,CP-04,Running,51.39,22.9,6.67,394.48,32.34,74.76
2026-03-22 13:00:00,CP-01,Running,52.37,24.16,6.81,292.08,29.73,62.2
2026-03-06 21:00:00,CP-01,Running,52.99,24.74,6.69,356.68,29.01,67.65
2026-02-01 15:00:00,CP-03,Stopped,32.4,13.67,6.76,37.33,25.54,7.7
2026-03-29 19:00:00,CP-02,Running,49.37,22.07,6.67,315.8,29.79,61.79
2026-01-18 02:00:00,CP-01,Running,56.02,26.61,6.78,355.87,30.62,75.73
2026-03-15 14:00:00,CP-01,Running,48.78,22.52,6.7,318.4,29.52,62.68
2026-01-15 12:00:00,CP-01,Running,54.13,25.43,6.88,359.67,31.39,70.52
2026-02-15 19:00:00,CP-02,Running,44.93,19.83,6.51,283.8,26.75,56.09
2026-01-19 00:00:00,CP-04,Running,47.93,20.58,6.51,294.19,27.72,57.92
2026-03-22 00:00:00,CP-02,Running,50.21,22.52,6.71,323.6,30.41,63.44
2026-02-18 23:00:00,CP-05,Stopped,29.14,12.56,7.01,6.14,26.03,1.33
2026-03-17 11:00:00,CP-03,Running,57.47,28.67,6.8,414.04,31.72,80.27
2026-03-18 20:00:00,CP-02,Running,49.7,22.03,6.57,297.59,28.21,57.96
2026-02-19 05:00:00,CP-01,Running,51.16,24.43,6.88,384.02,32.32,78.14
2026-01-17 22:00:00,CP-03,Stopped,30.18,12.62,6.98,19.73,27.1,4.11
2026-01-09 05:00:00,CP-01,Running,51.14,24.27,6.92,365.14,30.95,75.31
2026-02-02 23:00:00,CP-03,Stopped,30.97,12.86,6.96,7.69,25.66,1.45
2026-01-27 21:00:00,CP-03,Stopped,29.35,12.15,6.82,1.54,26.75,0.29
2026-02-16 22:00:00,CP-04,Running,44.62,19.25,6.61,294.35,28.69,59.98
2026-02-03 20:00:00,CP-05,Running,53.26,27.36,6.9,403.61,29.8,76.39
2026-03-16 18:00:00,CP-05,Running,57.76,29.47,6.94,385.74,28.11,73.11
2026-02-16 03:00:00,CP-03,Running,53.53,26.68,7.06,385.08,30.49,79.83
2026-03-03 07:00:00,CP-04,Running,54.71,24.53,6.79,385.29,32.56,77.67
2026-02-13 09:00:00,CP-01,Running,56.6,27.3,6.88,427.36,31.28,82.91
2026-02-07 02:00:00,CP-04,Running,52.21,22.84,6.66,352.51,31.33,66.37
2026-01-04 03:00:00,CP-03,Running,52.55,25.82,6.99,379.36,32.45,73.15
2026-02-21 09:00:00,CP-02,Running,51.2,23.23,6.83,346.44,32.21,68.49
2026-01-29 13:00:00,CP-05,Stopped,26.76,11.6,6.93,17.45,27.13,3.31
2026-03-11 18:00:00,CP-03,Running,52.56,25.57,6.79,341.95,28.6,68.56
2026-01-07 11:00:00,CP-05,Running,57.25,29.95,7.1,440.01,30.96,84.87
2026-02-16 04:00:00,CP-03,Running,60.68,31.0,7.18,451.16,32.1,91.49
2026-02-23 23:00:00,CP-01,Running,49.82,23.15,6.67,320.58,29.54,65.49
2026-01-31 09:00:00,CP-03,Running,54.05,26.8,7.09,402.8,31.03,77.48
2026-01-18 14:00:00,CP-05,Running,50.81,25.8,7.02,372.74,29.63,70.9
2026-03-30 10:00:00,CP-05,Running,51.88,26.45,6.99,373.52,29.88,72.7
2026-03-16 13:00:00,CP-01,Running,49.53,23.12,6.78,327.3,30.18,67.56
2026-03-03 08:00:00,CP-02,Running,57.49,26.17,6.75,362.97,32.94,70.16
2026-01-17 16:00:00,CP-01,Running,51.56,24.01,6.73,327.71,27.87,66.48
2026-02-26 00:00:00,CP-04,Running,47.36,20.45,6.67,279.8,29.66,60.33
2026-03-30 19:00:00,CP-05,Running,55.25,28.37,6.81,376.49,28.54,76.12
2026-03-23 15:00:00,CP-03,Running,47.58,23.19,6.79,337.95,28.08,69.47
2026-02-11 00:00:00,CP-05,Running,52.12,26.97,7.12,414.11,31.56,79.81
2026-01-10 18:00:00,CP-05,Running,50.82,25.56,6.82,336.98,28.8,66.54
2026-03-14 11:00:00,CP-01,Running,51.13,24.1,6.88,361.24,30.88,72.18
2026-02-11 10:00:00,CP-05,Running,57.32,29.66,6.96,429.52,31.51,79.73
2026-01-16 19:00:00,CP-02,Running,48.34,21.27,6.64,269.63,26.75,54.65
2026-01-13 04:00:00,CP-02,Running,52.02,23.83,6.84,393.71,31.33,72.95
2026-03-08 10:00:00,CP-05,Running,53.45,27.31,6.96,374.49,31.39,73.7
2026-02-02 21:00:00,CP-05,Running,55.37,28.17,6.75,361.15,29.37,71.84
2026-02-12 08:00:00,CP-02,Running,53.5,24.59,6.84,360.79,30.4,74.55
2026-03-14 03:00:00,CP-01,Running,54.77,25.99,6.99,401.67,31.28,75.16
2026-03-29 10:00:00,CP-01,Running,53.11,25.18,7.08,360.33,31.79,74.78
2026-01-24 04:00:00,CP-03,Running,54.32,27.34,7.0,397.09,32.46,84.49
2026-02-23 19:00:00,CP-03,Running,52.23,25.14,6.63,305.5,28.97,63.7
2026-03-20 19:00:00,CP-03,Running,49.58,23.75,6.72,273.49,28.63,61.6
2026-03-06 02:00:00,CP-04,Running,51.81,22.36,6.77,311.76,30.76,60.14
2026-02-18 05:00:00,CP-01,Running,57.36,27.63,6.83,394.75,33.06,82.27
2026-03-12 16:00:00,CP-03,Running,47.11,22.76,6.69,355.47,30.15,65.41
2026-01-16 19:00:00,CP-04,Running,47.22,19.86,6.35,236.47,26.68,48.74
2026-02-19 10:00:00,CP-04,Running,51.32,22.49,6.52,332.55,31.02,66.96
2026-03-06 13:00:00,CP-04,Running,47.52,20.48,6.57,330.4,28.16,59.48
2026-02-10 09:00:00,CP-01,Running,52.46,24.82,6.85,384.36,31.44,73.76
2026-02-10 09:00:00,CP-04,Running,46.59,20.28,6.74,325.67,32.74,64.13
2026-03-08 08:00:00,CP-05,Running,60.08,31.95,7.03,487.26,32.89,92.78
2026-03-10 22:00:00,CP-01,Running,50.33,23.78,6.85,389.9,28.21,73.26
2026-02-19 06:00:00,CP-03,Running,57.05,29.02,7.11,447.71,34.36,89.51
2026-03-28 14:00:00,CP-01,Running,50.91,23.96,6.68,352.12,28.9,71.43
2026-03-31 18:00:00,CP-05,Running,57.19,29.2,6.82,374.06,29.32,73.5
2026-02-05 20:00:00,CP-04,Running,48.02,20.65,6.53,313.4,27.27,58.57
2026-02-17 23:00:00,CP-01,Running,50.73,24.08,6.72,351.75,29.2,75.42
2026-03-08 11:00:00,CP-03,Running,53.97,26.87,6.94,426.63,30.54,79.39
2026-02-08 09:00:00,CP-01,Running,49.69,23.2,7.0,344.16,32.04,67.84
2026-01-22 01:00:00,CP-03,Running,54.42,26.81,6.88,355.68,29.46,74.44
2026-03-11 21:00:00,CP-02,Running,47.4,20.94,6.69,293.53,28.91,56.46
2026-03-27 06:00:00,CP-04,Running,53.11,23.63,6.63,357.55,31.79,74.11
2026-03-30 16:00:00,CP-01,Stopped,29.9,12.05,6.55,27.91,25.53,5.27
2026-01-24 18:00:00,CP-04,Running,45.23,19.02,6.43,238.47,27.54,48.6
2026-01-04 14:00:00,CP-02,Running,46.8,20.92,6.59,341.69,29.69,61.93
2026-03-25 00:00:00,CP-03,Running,52.22,25.6,6.8,334.81,30.65,72.18
2026-03-31 19:00:00,CP-01,Running,48.63,22.27,6.66,292.64,26.79,58.91
2026-03-25 03:00:00,CP-02,Running,50.3,22.73,6.9,328.62,30.07,66.68
2026-03-05 19:00:00,CP-04,Running,43.41,18.38,6.44,265.31,27.33,51.73
2026-02-23 20:00:00,CP-02,Running,50.13,22.62,6.63,327.61,28.5,66.17
2026-01-26 01:00:00,CP-01,Running,50.32,23.62,6.82,358.6,28.72,70.23
2026-02-14 10:00:00,CP-01,Running,51.49,24.54,7.0,390.27,31.35,77.22
2026-02-10 02:00:00,CP-03,Running,50.73,24.85,6.91,395.38,31.65,71.8
2026-02-16 12:00:00,CP-03,Running,55.55,27.43,6.79,414.79,29.78,75.46
2026-02-02 00:00:00,CP-02,Running,50.37,22.44,6.84,315.58,30.34,60.32
2026-03-16 19:00:00,CP-01,Running,49.17,22.79,6.64,332.14,28.52,64.33
2026-02-09 23:00:00,CP-04,Running,49.27,21.2,6.5,308.91,28.47,58.81
2026-03-20 00:00:00,CP-04,Running,49.81,21.61,6.57,319.52,30.38,62.53
2026-02-24 11:00:00,CP-04,Running,49.95,21.51,6.77,312.65,30.08,59.1
2026-01-29 16:00:00,CP-02,Stopped,30.1,11.63,6.55,1.94,24.42,0.37
2026-03-28 08:00:00,CP-03,Running,55.44,27.38,7.06,398.36,32.67,75.5
2026-03-03 13:00:00,CP-05,Running,56.01,28.91,6.88,418.19,29.91,78.63
2026-01-06 16:00:00,CP-03,Running,52.75,25.67,6.84,364.4,28.31,68.71
2026-01-10 12:00:00,CP-01,Running,49.45,23.28,6.7,373.29,30.25,71.53
2026-01-12 10:00:00,CP-01,Running,53.43,25.48,7.03,403.94,31.1,77.47
2026-01-22 06:00:00,CP-05,Running,58.82,30.85,7.37,405.4,32.25,86.07
2026-02-05 10:00:00,CP-05,Running,57.46,30.19,6.99,468.79,32.07,86.99
2026-03-07 08:00:00,CP-03,Running,55.03,27.63,7.17,446.63,32.17,83.29
2026-01-04 17:00:00,CP-01,Running,54.13,25.01,6.63,330.16,27.5,62.98
2026-01-31 10:00:00,CP-03,Running,53.01,26.09,6.87,404.26,32.17,73.97
2026-01-12 06:00:00,CP-04,Running,52.01,23.03,6.78,381.92,32.16,71.75
2026-03-03 22:00:00,CP-02,Running,50.34,22.54,6.46,315.71,28.49,62.54
2026-03-04 17:00:00,CP-02,Running,47.48,20.89,6.59,295.22,28.51,54.74
2026-03-22 20:00:00,CP-02,Running,49.29,21.94,6.6,293.72,28.83,59.91
2026-03-07 01:00:00,CP-04,Running,48.74,21.13,6.58,341.58,29.83,62.18
2026-03-17 14:00:00,CP-04,Running,46.69,20.11,6.43,286.09,30.82,59.16
2026-02-15 12:00:00,CP-03,Running,50.98,25.01,7.03,342.31,31.32,72.45
2026-02-14 03:00:00,CP-01,Running,55.15,40.207,6.92,355.49,31.2,71.15
2026-02-26 01:00:00,CP-02,Running,52.82,23.73,6.94,321.85,31.26,64.11
2026-01-05 06:00:00,CP-01,Running,60.08,29.19,6.92,462.83,31.62,86.3
2026-03-05 04:00:00,CP-02,Running,53.05,24.46,6.86,383.52,31.31,76.03
2026-03-12 09:00:00,CP-03,Running,56.68,28.16,7.16,408.85,33.17,78.34
2026-02-06 14:00:00,CP-05,Running,53.22,27.26,7.01,397.33,29.06,75.03
2026-02-21 07:00:00,CP-01,Running,54.73,26.15,6.88,387.79,31.08,78.46
2026-03-10 12:00:00,CP-03,Running,54.1,26.8,6.91,420.24,29.39,77.1
2026-02-24 22:00:00,CP-01,Running,52.56,24.58,6.8,334.79,30.21,68.44
2026-03-29 21:00:00,CP-05,Running,53.29,27.15,6.91,368.17,29.23,72.52
2026-03-01 09:00:00,CP-01,Running,51.34,24.18,6.89,356.46,30.97,71.8
2026-03-05 08:00:00,CP-01,Running,54.88,26.15,6.97,410.3,32.37,77.15
2026-01-25 02:00:00,CP-04,Running,55.17,24.7,6.64,356.08,31.46,76.92
2026-03-31 06:00:00,CP-01,Running,51.64,24.36,6.9,369.45,30.93,72.52
2026-02-24 22:00:00,CP-03,Running,52.81,25.83,6.85,344.85,28.99,71.05
2026-02-06 02:00:00,CP-02,Running,49.29,22.12,6.78,331.46,29.5,63.59
2026-01-25 23:00:00,CP-04,Running,50.37,21.75,6.59,293.47,28.46,60.3
2026-01-19 04:00:00,CP-04,Running,52.03,22.74,6.77,312.67,30.72,65.72
2026-02-03 22:00:00,CP-05,Running,55.25,28.35,6.9,398.15,29.01,75.83
2026-03-04 21:00:00,CP-02,Running,51.17,22.96,6.53,331.7,27.2,63.46
2026-01-24 22:00:00,CP-02,Running,49.74,22.5,6.74,336.88,28.88,67.21
2026-01-14 02:00:00,CP-04,Running,48.98,21.02,6.72,297.69,30.0,57.63
2026-02-10 14:00:00,CP-03,Running,53.97,26.52,6.83,400.49,29.59,73.18
2026-01-08 22:00:00,CP-02,Running,47.02,20.89,6.66,327.13,28.9,59.0
2026-01-22 07:00:00,CP-05,Running,55.31,28.7,7.07,394.9,32.07,81.08
2026-01-04 13:00:00,CP-05,Running,56.38,28.75,6.91,406.03,29.28,72.93
2026-03-18 23:00:00,CP-04,Running,43.68,18.47,6.58,267.43,28.39,51.11
2026-01-09 00:00:00,CP-02,Running,51.92,23.74,6.72,388.73,29.54,72.16
2026-02-16 19:00:00,CP-03,Running,57.51,27.93,6.87,323.02,28.46,67.73
2026-02-18 18:00:00,CP-02,Running,45.13,19.68,6.61,256.72,27.0,50.68
2026-02-26 00:00:00,CP-03,Stopped,31.49,13.17,6.89,21.47,27.99,4.26
2026-02-19 08:00:00,CP-01,Running,53.46,25.31,,338.4,31.27,74.15
2026-01-07 00:00:00,CP-04,Running,47.4,20.52,6.64,294.01,28.87,61.6
2026-03-25 06:00:00,CP-02,Running,56.01,25.81,6.86,381.5,31.94,75.71
2026-02-10 04:00:00,CP-05,Stopped,30.92,13.33,7.09,7.36,29.25,1.39
2026-01-03 21:00:00,CP-05,Running,54.69,28.03,6.87,364.74,28.33,75.15
2026-01-25 18:00:00,CP-02,Running,43.85,19.4,6.57,290.47,28.33,57.28
2026-01-06 10:00:00,CP-03,Running,53.62,26.38,6.88,385.59,30.36,73.83
2026-03-06 01:00:00,CP-03,Running,52.2,25.74,7.13,376.67,29.88,74.85
2026-01-08 15:00:00,CP-05,Running,49.08,24.93,6.81,382.26,28.69,71.02
2026-02-16 06:00:00,CP-05,Running,59.84,31.95,7.09,471.99,32.83,94.66
2026-03-13 10:00:00,CP-03,Running,54.54,27.27,6.88,446.46,31.34,81.41
2026-03-26 20:00:00,CP-05,Running,50.55,25.71,6.64,340.33,28.77,71.74
2026-02-07 04:00:00,CP-03,Running,58.61,29.62,7.16,435.26,31.4,86.41
2026-01-02 11:00:00,CP-05,Running,56.82,29.64,6.94,410.91,31.99,83.56
2026-02-19 09:00:00,CP-03,Running,53.22,26.27,7.02,387.66,30.89,75.38
2026-02-20 14:00:00,CP-03,Running,47.54,22.91,6.64,315.13,29.18,64.38
2026-02-11 09:00:00,CP-04,Running,49.98,22.07,6.76,380.17,31.26,70.6
2026-03-24 08:00:00,CP-05,Running,57.87,30.32,7.15,388.99,31.16,85.5
2026-03-06 02:00:00,CP-01,Running,55.97,26.75,6.98,412.49,31.6,78.65
2026-03-14 17:00:00,CP-04,Running,47.93,20.34,6.49,269.24,27.47,52.56
2026-03-03 02:00:00,CP-04,Running,49.47,21.71,6.7,347.53,31.38,67.79
2026-02-09 19:00:00,CP-02,Running,48.24,21.3,6.54,300.28,27.8,56.3
2026-01-19 05:00:00,CP-03,Running,51.74,25.58,6.98,370.05,30.42,76.01
2026-03-27 07:00:00,CP-02,Running,52.13,23.7,6.85,346.55,32.81,69.53
2026-02-01 05:00:00,CP-04,Running,48.51,21.23,6.69,331.21,31.02,66.53
2026-03-25 18:00:00,CP-02,Running,48.23,21.46,6.39,291.76,27.56,59.84
2026-03-17 17:00:00,CP-03,Running,51.61,25.14,6.78,362.3,28.8,69.15
2026-03-06 19:00:00,CP-03,Running,51.26,24.76,6.71,357.06,29.27,65.35
2026-01-16 15:00:00,CP-02,Running,49.95,22.26,6.61,318.12,,60.55
2026-01-06 05:00:00,CP-02,Running,53.68,24.9,6.91,395.09,32.48,78.89
2026-03-13 17:00:00,CP-02,Running,49.66,22.11,6.52,304.32,29.26,60.04
2026-03-09 09:00:00,CP-04,Running,51.56,22.75,6.84,352.91,31.18,70.23
2026-01-11 18:00:00,CP-03,Running,49.09,23.44,6.59,301.61,27.17,60.06
2026-02-03 13:00:00,CP-05,Running,53.88,27.4,6.96,397.91,29.48,71.51
2026-02-15 05:00:00,CP-04,Running,49.01,21.41,6.75,309.99,32.3,65.58
2026-03-06 02:00:00,CP-03,Running,56.04,27.99,6.95,425.14,31.87,80.9
2026-02-13 23:00:00,CP-05,Running,53.22,27.11,6.96,364.09,29.4,72.39
2026-03-18 05:00:00,CP-02,Running,53.74,24.74,6.96,382.46,31.96,75.31
2026-03-19 15:00:00,CP-02,Running,49.26,21.67,6.66,248.64,28.42,54.64
2026-01-17 07:00:00,CP-02,Running,49.2,22.69,6.88,381.17,33.53,76.08
2026-03-27 17:00:00,CP-03,Running,49.61,24.18,6.74,331.67,28.13,69.5
2026-02-19 17:00:00,CP-03,Running,51.53,25.16,6.76,338.48,28.64,70.2
2026-03-17 20:00:00,CP-01,Running,51.56,24.09,6.7,338.49,28.96,68.05
2026-02-14 18:00:00,CP-05,Running,51.9,26.15,6.97,329.6,28.43,67.38
2026-01-28 04:00:00,CP-05,Running,56.65,29.47,7.13,405.94,33.88,82.24
2026-02-25 20:00:00,CP-04,Running,49.04,21.09,6.43,291.3,26.89,58.47
2026-03-13 17:00:00,CP-05,Running,51.44,26.02,6.87,353.51,29.14,69.2
2026-02-08 19:00:00,CP-05,Running,49.83,25.36,6.88,391.65,28.79,72.03
2026-02-20 21:00:00,CP-01,Running,55.04,26.09,6.71,376.37,28.42,74.84
2026-03-12 09:00:00,CP-05,Running,56.71,29.69,7.09,454.58,31.78,85.22
2026-03-28 15:00:00,CP-01,Running,47.1,21.71,6.68,314.59,27.96,61.88
2026-02-20 13:00:00,CP-02,Running,48.24,21.62,6.54,301.66,28.8,62.98
2026-02-10 05:00:00,CP-01,Running,52.49,24.7,6.9,346.22,31.13,71.27
2026-01-31 17:00:00,CP-02,Running,49.19,21.88,6.41,298.7,28.87,59.62
2026-02-05 16:00:00,CP-03,Running,50.37,24.28,,331.52,26.94,64.34
2026-03-25 17:00:00,CP-03,Running,49.32,23.71,6.69,307.54,28.02,63.16
2026-03-12 09:00:00,CP-01,Running,56.28,26.47,6.97,357.69,30.95,71.05
2026-01-01 16:00:00,CP-04,Running,46.45,19.98,6.59,275.2,27.61,58.55
2026-03-25 00:00:00,CP-01,Running,52.84,24.95,6.84,355.03,30.31,72.82
2026-03-05 10:00:00,CP-02,Running,53.22,24.59,6.77,405.38,31.11,76.99
2026-03-03 08:00:00,CP-04,Running,47.96,20.93,6.67,351.83,31.39,65.24
2026-02-28 00:00:00,CP-04,Running,48.37,20.58,6.39,276.68,28.89,53.64
2026-02-26 05:00:00,CP-03,Running,58.68,29.42,6.85,402.75,30.86,82.56
2026-03-16 22:00:00,CP-03,Running,50.47,24.53,6.87,323.94,29.62,68.28
2026-03-07 18:00:00,CP-02,Running,49.02,21.64,6.59,300.39,28.24,56.25
2026-01-02 17:00:00,CP-02,Running,48.94,21.98,6.55,332.45,28.52,63.86
2026-01-10 01:00:00,CP-01,Running,52.75,24.63,7.02,350.73,30.35,67.72
2026-03-10 15:00:00,CP-05,Running,54.93,28.09,6.92,408.67,30.58,74.2
2026-02-12 21:00:00,CP-02,Running,49.57,22.54,6.67,362.3,29.67,69.48
2026-01-21 19:00:00,CP-01,Running,45.24,20.5,6.71,263.4,27.53,54.24
2026-03-18 06:00:00,CP-02,Running,52.05,24.02,6.78,391.47,30.61,76.38
2026-01-23 21:00:00,CP-01,Running,52.53,24.29,6.67,325.02,27.17,63.24
2026-03-17 18:00:00,CP-05,Running,52.5,26.73,6.82,370.03,28.15,72.07
2026-01-20 05:00:00,CP-05,Running,56.85,30.24,7.1,469.16,32.29,92.82
2026-01-18 11:00:00,CP-02,Running,51.87,23.44,6.69,337.7,29.92,66.69
2026-01-19 19:00:00,CP-01,Running,49.12,22.63,6.73,307.78,28.76,61.6
2026-01-03 19:00:00,CP-04,Running,44.82,18.95,6.57,290.89,28.8,50.89
2026-02-17 06:00:00,CP-03,Running,59.06,29.5,7.14,414.92,31.64,80.9
2026-02-02 08:00:00,CP-01,Running,53.99,25.9,6.95,422.45,31.01,80.3
2026-02-05 20:00:00,CP-02,Running,51.08,22.91,6.5,341.04,27.51,63.29
2026-03-09 07:00:00,CP-05,Running,54.77,28.91,7.14,458.1,31.74,89.15
2026-03-26 19:00:00,CP-03,Running,50.01,24.03,6.91,295.9,30.22,62.94
2026-03-16 09:00:00,CP-03,Running,54.58,26.79,7.1,356.77,32.51,72.59
2026-03-13 09:00:00,CP-05,Running,58.07,30.69,7.09,465.72,31.17,89.84
2026-03-08 06:00:00,CP-01,Running,55.0,26.19,6.92,384.5,32.98,76.92
2026-03-22 09:00:00,CP-04,Running,49.03,21.26,6.7,282.19,30.78,62.22
2026-01-06 05:00:00,CP-04,Running,49.33,21.69,6.69,353.04,31.74,68.64
2026-03-24 05:00:00,CP-03,Running,53.86,26.9,7.18,398.8,31.74,80.8
2026-03-31 23:00:00,CP-05,Running,53.0,27.05,6.81,371.74,31.14,73.41
2026-03-08 09:00:00,CP-02,Running,54.52,24.98,6.69,403.08,31.03,73.05
2026-03-16 09:00:00,CP-05,Running,56.57,29.63,7.23,400.17,31.26,85.53
2026-03-19 10:00:00,CP-04,Stopped,27.77,10.41,6.75,4.23,28.13,0.89
2026-03-05 02:00:00,CP-04,Stopped,28.77,10.87,6.72,22.51,27.25,4.24
2026-02-17 08:00:00,CP-05,Running,57.39,29.94,7.11,444.29,32.46,83.67
2026-01-21 18:00:00,CP-04,Running,45.34,19.27,6.3,282.21,28.81,53.33
2026-01-24 21:00:00,CP-01,Running,52.3,24.0,6.68,293.69,29.54,59.78
2026-01-17 15:00:00,CP-03,Running,53.56,26.18,6.79,369.51,30.5,70.83
2026-01-21 08:00:00,CP-03,Running,51.59,25.34,6.91,375.61,31.85,73.15
2026-03-28 19:00:00,CP-04,Running,48.49,20.71,6.42,263.99,28.49,55.43
2026-02-11 15:00:00,CP-05,Running,53.11,26.91,6.89,363.06,27.93,69.87
2026-02-23 18:00:00,CP-03,Running,52.84,25.65,6.94,334.86,27.64,67.63
2026-02-22 22:00:00,CP-03,Running,54.89,26.94,6.76,361.55,28.2,72.65
2026-01-24 23:00:00,CP-01,Running,53.07,24.82,6.93,351.61,28.58,68.51
2026-01-23 09:00:00,CP-03,Running,54.61,27.09,7.14,344.31,31.98,77.62
2026-01-21 19:00:00,CP-04,Running,44.03,18.71,6.5,272.72,26.03,53.27
2026-01-01 04:00:00,CP-01,Running,54.73,25.94,6.9,399.13,32.29,74.63
2026-03-02 19:00:00,CP-01,Running,50.28,23.37,6.64,329.14,29.9,65.64
2026-02-24 22:00:00,CP-02,Running,48.07,21.41,6.65,285.85,27.94,60.14
2026-01-13 17:00:00,CP-01,Stopped,26.02,10.35,6.57,0.46,26.07,0.09
2026-01-14 18:00:00,CP-01,Running,54.08,25.03,6.75,342.95,29.53,63.68
2026-03-30 05:00:00,CP-02,Running,48.49,22.06,6.77,357.48,33.31,69.81
2026-01-16 13:00:00,CP-04,Running,48.11,20.66,6.64,271.06,29.5,57.96
2026-01-05 04:00:00,CP-03,Running,53.82,26.94,6.96,425.99,31.63,81.92
2026-03-21 12:00:00,CP-05,Running,54.56,28.35,7.07,413.34,29.86,81.76
2026-01-05 07:00:00,CP-05,Stopped,27.33,11.91,7.02,28.97,29.22,5.54
2026-02-23 07:00:00,CP-05,Running,58.43,30.39,7.17,413.82,32.92,82.18
2026-03-17 01:00:00,CP-01,Running,54.88,26.1,6.84,385.37,29.96,76.21
2026-02-05 00:00:00,CP-05,Running,55.37,28.58,7.07,415.86,31.51,78.64
2026-03-02 20:00:00,CP-03,Running,51.28,24.99,6.82,372.28,28.51,69.38
2026-01-30 23:00:00,CP-03,Running,51.18,24.97,6.94,344.66,31.38,69.84
2026-03-04 05:00:00,CP-02,Running,53.57,24.3,6.81,355.92,31.17,68.49
2026-03-27 07:00:00,CP-01,Running,56.71,27.25,6.83,401.16,31.09,81.13
2026-02-19 15:00:00,CP-04,Running,48.83,20.92,6.53,290.01,28.83,56.92
2026-02-19 19:00:00,CP-01,Running,50.89,23.85,6.5,341.34,27.94,69.51
2026-01-10 01:00:00,CP-02,Running,51.97,23.81,6.74,365.99,31.63,73.0
2026-03-13 18:00:00,CP-04,Running,44.63,18.69,6.41,237.52,27.34,46.75
2026-01-09 04:00:00,CP-01,Running,53.57,25.42,6.87,396.53,31.22,75.33
2026-01-27 14:00:00,CP-03,Running,50.09,24.19,6.78,342.16,29.59,65.2
2026-03-11 12:00:00,CP-05,Running,54.14,27.95,7.11,423.44,32.53,78.66
2026-03-02 11:00:00,CP-05,Running,56.27,29.37,7.13,435.16,31.14,83.74
2026-02-20 21:00:00,CP-04,Stopped,29.5,11.19,6.64,25.9,27.23,5.51
2026-02-24 02:00:00,CP-02,Running,52.96,23.87,6.74,326.08,31.92,65.53
2026-03-01 10:00:00,CP-02,Running,52.77,23.99,6.93,367.25,30.61,69.55
2026-01-31 20:00:00,CP-03,Running,52.13,25.52,6.69,365.9,29.93,71.4
2026-02-15 18:00:00,CP-02,Running,43.94,19.35,6.5,276.0,28.28,55.17
2026-02-19 07:00:00,CP-02,Running,56.44,26.26,6.65,398.55,32.6,80.2
2026-02-05 00:00:00,CP-02,Running,46.56,20.88,6.63,312.41,29.37,63.38
2026-01-09 13:00:00,CP-02,Running,51.21,23.01,6.55,346.34,28.88,64.07
2026-03-24 00:00:00,CP-04,Running,47.02,20.05,6.59,273.93,29.56,54.79
2026-02-15 05:00:00,CP-02,Running,53.23,24.41,6.79,366.16,31.19,73.48
2026-01-07 13:00:00,CP-01,Running,48.71,22.51,6.76,344.19,29.7,63.01
2026-02-09 03:00:00,CP-05,Stopped,27.46,11.82,6.99,4.19,27.0,0.77
2026-03-10 00:00:00,CP-01,Running,47.92,22.35,6.8,337.63,29.33,67.16
2026-01-18 19:00:00,CP-02,Running,46.82,20.48,6.51,264.41,27.55,52.14
2026-02-22 17:00:00,CP-04,Running,49.02,21.16,6.54,296.94,27.65,60.21
2026-03-24 05:00:00,CP-05,Running,56.67,29.7,7.0,413.47,31.65,85.75
2026-03-12 14:00:00,CP-04,Running,48.28,20.71,6.5,295.03,28.26,57.27
2026-01-10 00:00:00,CP-04,Running,44.31,19.05,6.68,319.67,30.41,58.28
2026-02-08 08:00:00,CP-03,Running,54.63,27.45,6.97,442.66,32.07,83.6
2026-02-28 15:00:00,CP-05,Running,52.27,26.69,6.82,373.05,29.47,73.6
2026-02-02 15:00:00,CP-04,Running,48.29,21.02,6.48,357.63,29.07,63.85
2026-01-29 22:00:00,CP-02,Running,45.74,20.36,6.62,318.22,29.85,59.9
2026-03-30 21:00:00,CP-01,Running,47.72,22.06,6.69,313.08,29.48,63.23
2026-02-01 19:00:00,CP-03,Running,45.44,21.67,6.83,319.19,28.48,59.59
2026-03-01 03:00:00,CP-03,Stopped,34.17,14.34,6.94,29.19,27.57,5.49
2026-02-07 20:00:00,CP-01,Running,50.2,23.16,6.57,325.46,30.25,62.31
2026-02-27 17:00:00,CP-02,Running,44.97,19.89,6.63,297.55,27.31,57.07
2026-01-13 13:00:00,CP-02,Running,50.51,22.78,6.71,333.09,29.52,65.92
2026-03-27 07:00:00,CP-03,Running,53.99,26.89,7.0,400.81,31.69,79.56
2026-01-01 21:00:00,CP-03,Running,49.13,23.93,6.81,341.85,30.56,69.24
2026-01-20 21:00:00,CP-03,Running,45.87,22.04,6.94,302.77,28.31,63.01
2026-01-06 13:00:00,CP-03,Running,53.37,26.38,6.82,395.85,30.5,75.91
2026-03-10 00:00:00,CP-05,Running,53.23,27.48,7.07,416.01,31.02,78.61
2026-01-06 05:00:00,CP-01,Running,54.41,26.16,6.95,408.43,30.68,81.31
2026-03-20 10:00:00,CP-01,Running,51.43,24.21,7.05,340.85,30.93,71.51
2026-01-23 19:00:00,CP-01,Running,49.14,22.79,6.68,337.23,29.11,64.74
2026-02-21 05:00:00,CP-04,Running,54.09,24.17,6.62,350.93,30.68,76.09
2026-03-11 18:00:00,CP-01,Running,52.72,24.75,6.65,386.07,28.54,70.25
2026-02-11 19:00:00,CP-01,Running,50.86,23.64,6.69,352.08,27.0,65.76
2026-03-15 22:00:00,CP-01,Running,52.48,24.79,6.65,377.47,29.14,73.23
2026-01-02 23:00:00,CP-05,Running,54.6,27.93,7.13,376.94,30.19,74.3
2026-02-12 05:00:00,CP-04,Running,51.78,22.95,6.68,372.32,32.6,72.21
2026-03-30 16:00:00,CP-02,Running,50.47,22.76,6.48,339.83,28.39,65.81
2026-02-20 03:00:00,CP-03,Running,54.6,26.96,6.89,357.07,31.8,75.43
2026-03-04 03:00:00,CP-03,Running,52.82,25.91,7.2,360.54,31.45,72.48
2026-03-11 01:00:00,CP-05,Running,54.33,28.04,7.03,389.62,31.67,78.55
2026-01-22 09:00:00,CP-05,Running,55.74,28.78,6.91,370.16,31.75,78.71
2026-02-22 12:00:00,CP-02,Running,51.85,23.43,6.8,334.01,28.78,66.79
2026-03-21 13:00:00,CP-01,Running,49.34,22.64,6.76,293.18,30.02,59.91
2026-03-05 18:00:00,CP-03,Running,54.01,26.18,6.74,362.07,29.75,66.97
2026-01-17 01:00:00,CP-05,Running,52.39,26.87,6.9,374.67,30.58,75.55
2026-01-06 23:00:00,CP-02,Running,47.16,21.0,6.61,329.29,28.08,60.12
2026-02-11 22:00:00,CP-03,Running,53.43,26.3,6.72,387.66,30.2,74.03
2026-02-16 00:00:00,CP-01,Running,50.32,23.65,6.79,359.5,29.8,70.71
2026-02-09 13:00:00,CP-02,Running,50.46,22.65,6.75,343.84,29.27,63.66
2026-02-22 00:00:00,CP-05,Running,53.19,27.43,,362.92,31.2,78.11
2026-03-18 10:00:00,CP-04,Running,47.94,20.67,6.46,318.67,30.09,59.8
2026-01-03 01:00:00,CP-03,Running,57.28,28.27,6.86,365.66,29.89,75.23
2026-01-08 02:00:00,CP-03,Running,58.17,29.13,6.94,439.0,32.08,82.1
2026-01-21 21:00:00,CP-01,Running,50.35,23.59,6.66,335.16,28.02,69.23
2026-03-05 06:00:00,CP-02,Running,54.14,24.92,6.89,391.88,32.17,75.21
2026-01-28 06:00:00,CP-03,Running,59.05,29.92,7.15,410.5,34.01,87.61
2026-01-30 00:00:00,CP-01,Running,52.56,24.93,6.73,390.59,30.37,75.11
2026-03-30 18:00:00,CP-01,Running,49.12,22.59,6.78,297.42,28.01,60.76
2026-01-28 18:00:00,CP-01,Running,49.84,22.86,6.43,307.29,27.82,59.7
2026-01-15 17:00:00,CP-04,Running,49.47,21.36,6.5,296.62,27.17,60.3
2026-01-17 01:00:00,CP-03,Running,49.72,24.49,6.95,379.27,30.35,74.28
2026-01-09 15:00:00,CP-01,Running,50.01,23.21,6.77,343.13,30.2,65.12
2026-01-10 20:00:00,CP-01,Running,51.42,23.78,6.77,334.55,29.43,63.43
2026-03-23 23:00:00,CP-03,Running,54.21,26.85,6.95,376.0,29.79,76.91
2026-02-20 04:00:00,CP-05,Running,55.76,29.04,7.21,399.87,33.19,82.84
2026-01-17 16:00:00,CP-02,Running,51.83,23.53,6.56,357.06,29.23,68.85
2026-03-26 15:00:00,CP-03,Running,51.07,24.96,6.79,329.72,28.55,70.78
2026-03-22 02:00:00,CP-03,Running,53.24,26.47,6.93,401.95,31.71,78.66
2026-03-15 12:00:00,CP-01,Running,52.96,24.99,6.84,385.27,29.65,72.57
2026-01-07 04:00:00,CP-05,Running,54.17,28.23,6.99,450.99,32.64,83.07
2026-03-05 21:00:00,CP-03,Running,48.62,23.43,6.68,347.76,26.91,64.37
2026-01-18 07:00:00,CP-02,Running,55.8,25.72,7.0,371.22,32.54,75.78
2026-03-21 00:00:00,CP-01,Running,55.31,26.36,6.83,365.65,29.81,77.22
2026-02-17 10:00:00,CP-03,Running,52.93,26.05,7.01,372.49,30.22,73.87
2026-01-28 07:00:00,CP-01,Running,56.89,27.52,6.89,402.82,31.67,84.24
2026-02-09 21:00:00,CP-02,Running,48.51,21.75,6.59,323.59,27.71,63.2
2026-02-08 03:00:00,CP-03,Running,55.45,27.84,6.91,422.43,32.22,83.31
2026-02-07 21:00:00,CP-01,Running,50.85,23.37,6.84,326.65,29.17,60.65
2026-02-28 23:00:00,CP-02,Running,46.91,20.99,6.64,311.09,29.56,62.26
2026-02-07 16:00:00,CP-01,Running,46.23,21.3,6.7,332.49,28.31,61.75
2026-02-04 23:00:00,CP-02,Running,47.84,21.49,6.6,332.01,29.43,64.11
2026-03-11 02:00:00,CP-04,Running,52.49,23.18,6.62,363.67,32.05,70.51
2026-01-14 06:00:00,CP-04,Running,52.94,23.14,6.77,346.07,31.22,65.9
2026-01-27 07:00:00,CP-01,Running,58.92,28.36,6.91,394.41,32.64,81.85
2026-03-29 05:00:00,CP-02,Running,50.13,22.83,6.84,350.28,31.75,70.23
2026-03-09 14:00:00,CP-01,Running,55.25,25.89,6.7,363.32,28.56,69.39
2026-03-10 03:00:00,CP-02,Running,53.27,24.1,6.93,369.73,30.31,67.25
2026-01-23 01:00:00,CP-04,Running,50.74,22.12,6.7,302.05,31.7,64.62
2026-01-02 10:00:00,CP-01,Running,56.48,27.28,6.87,429.99,31.68,83.61
2026-01-18 08:00:00,CP-01,Running,54.2,26.0,6.98,396.57,31.9,80.26
2026-03-13 16:00:00,CP-04,Running,44.03,18.87,6.43,286.22,27.86,57.1
2026-01-07 17:00:00,CP-02,Running,46.03,20.29,6.5,279.82,27.99,55.58
2026-03-04 00:00:00,CP-05,Running,60.48,31.84,7.01,423.47,31.11,87.84
2026-03-23 12:00:00,CP-01,Running,55.18,25.81,6.8,323.86,30.1,68.58
2026-02-24 21:00:00,CP-01,Running,48.89,22.41,6.69,273.93,29.82,59.31
2026-01-16 20:00:00,CP-02,Running,48.46,21.5,6.42,304.27,29.8,58.39
2026-02-14 02:00:00,CP-04,Stopped,31.78,12.05,6.65,27.3,27.32,5.44
2026-02-09 14:00:00,CP-01,Running,51.96,24.01,6.74,337.66,29.14,62.94
2026-03-20 11:00:00,CP-02,Running,53.89,24.83,6.81,366.25,28.92,75.58
2026-02-12 18:00:00,CP-03,Running,49.5,23.6,6.72,314.55,28.42,59.38
2026-03-13 23:00:00,CP-03,Running,51.44,25.32,6.68,373.6,30.35,74.02
2026-02-11 14:00:00,CP-03,Running,54.34,26.87,6.87,384.92,29.75,76.06
2026-01-10 12:00:00,CP-03,Running,55.86,27.63,6.83,411.42,30.71,76.21
2026-01-02 23:00:00,CP-01,Running,48.41,22.61,6.72,356.59,29.81,67.87
2026-02-24 00:00:00,CP-04,Running,47.43,20.47,6.67,305.07,29.83,60.04
2026-03-01 06:00:00,CP-04,Running,49.47,21.62,6.68,342.13,31.17,65.88
2026-03-16 00:00:00,CP-03,Running,51.68,25.61,6.89,397.62,31.35,77.16
2026-02-28 20:00:00,CP-04,Running,51.42,22.3,6.46,305.41,29.7,62.34
2026-01-30 22:00:00,CP-03,Running,52.01,25.58,6.71,375.86,28.93,73.6
2026-01-12 04:00:00,CP-02,Running,53.34,24.46,6.88,379.45,30.94,73.39
2026-01-04 04:00:00,CP-02,Running,55.97,25.74,6.75,404.67,32.61,74.88
2026-01-21 14:00:00,CP-02,Running,48.36,21.76,6.66,324.24,28.43,64.7
2026-01-17 06:00:00,CP-04,Running,50.67,22.29,6.64,351.97,32.25,68.73
2026-03-14 15:00:00,CP-02,Running,51.06,22.93,6.8,352.8,28.8,63.93
2026-03-12 06:00:00,CP-04,Running,50.0,22.22,6.7,398.77,31.96,73.55
2026-02-27 17:00:00,CP-03,Running,48.04,23.27,6.8,341.72,28.8,66.69
2026-01-19 06:00:00,CP-02,Running,49.99,23.07,6.75,360.62,32.59,76.4
2026-02-15 23:00:00,CP-02,Running,53.14,23.86,6.54,314.03,28.74,63.8
2026-02-09 09:00:00,CP-02,Running,51.67,23.48,6.85,367.78,31.95,69.25
2026-01-15 15:00:00,CP-02,Running,47.53,20.74,6.72,257.22,28.58,50.92
2026-03-23 10:00:00,CP-05,Running,56.42,29.37,7.29,394.52,32.26,82.51
2026-03-13 21:00:00,CP-02,Running,47.23,21.01,6.57,305.93,28.81,59.66
2026-01-27 13:00:00,CP-03,Running,53.36,25.91,7.05,324.76,29.71,67.79
2026-02-25 18:00:00,CP-04,Running,45.96,19.53,6.58,255.28,27.06,53.13
2026-03-23 05:00:00,CP-02,Running,54.36,25.16,6.72,336.7,31.54,77.82
2026-01-24 07:00:00,CP-03,Running,52.57,25.77,6.9,359.71,33.05,72.04
2026-03-05 20:00:00,CP-01,Running,51.63,23.87,6.75,317.34,29.53,63.31
2026-03-28 06:00:00,CP-02,Running,51.13,23.38,6.76,367.1,31.2,72.14
2026-01-16 18:00:00,CP-05,Running,53.33,27.41,6.83,387.44,28.85,76.52
2026-02-17 09:00:00,CP-03,Running,53.34,26.59,7.02,398.29,31.33,79.95
2026-01-28 21:00:00,CP-04,Running,46.61,19.94,6.61,290.01,28.57,56.26
2026-02-20 09:00:00,CP-01,Running,49.39,23.01,6.9,309.97,29.98,66.85
2026-03-10 23:00:00,CP-01,Running,49.29,22.81,6.75,329.99,29.16,63.66
2026-03-30 08:00:00,CP-05,Running,54.34,28.12,7.17,388.08,34.61,79.79
2026-02-28 01:00:00,CP-03,Stopped,31.45,13.02,7.02,1.33,25.72,0.26
2026-01-27 06:00:00,CP-03,Running,55.82,27.77,7.12,399.5,31.52,78.96
2026-02-19 00:00:00,CP-01,Running,54.64,25.69,6.89,358.88,29.43,70.98
2026-03-11 16:00:00,CP-01,Running,50.62,23.23,6.74,325.7,29.22,60.0
2026-01-02 14:00:00,CP-02,Stopped,29.34,11.39,6.55,13.06,25.84,2.46
2026-02-20 12:00:00,CP-02,Running,50.59,22.72,6.61,301.98,29.51,64.05
2026-02-16 20:00:00,CP-02,Running,48.0,21.16,6.52,283.27,29.05,55.67
2026-01-19 18:00:00,CP-04,Running,46.89,20.07,6.57,267.48,28.71,56.46
2026-03-25 01:00:00,CP-04,Running,50.64,22.05,6.81,323.97,29.44,64.15
2026-02-24 09:00:00,CP-05,Running,55.88,29.23,7.05,392.34,31.78,84.82
2026-02-10 12:00:00,CP-01,Running,48.4,22.48,6.92,338.32,30.68,65.33
2026-02-17 07:00:00,CP-01,Running,56.16,26.99,6.93,411.06,31.53,81.08
2026-02-28 23:00:00,CP-01,Running,51.2,23.77,6.79,308.59,29.5,65.08
2026-02-18 15:00:00,CP-04,Running,50.06,21.39,6.5,261.55,28.24,55.71
2026-02-01 02:00:00,CP-05,Stopped,29.71,12.94,7.12,27.89,27.65,5.3
2026-03-02 20:00:00,CP-02,Running,50.36,22.76,6.64,366.93,29.66,66.85
2026-03-02 06:00:00,CP-02,Running,59.32,27.69,6.83,418.85,30.72,81.82
2026-03-03 23:00:00,CP-03,Running,53.07,26.23,6.98,362.01,28.64,75.98
2026-01-16 20:00:00,CP-01,Running,49.38,22.51,6.51,277.71,27.94,56.98
2026-01-12 02:00:00,CP-01,Running,54.39,25.51,6.92,363.3,32.13,69.9
2026-03-02 11:00:00,CP-03,Running,56.27,28.15,6.85,411.17,31.16,81.65
2026-03-09 15:00:00,CP-01,Running,50.48,23.42,6.66,328.09,30.31,64.74
2026-03-26 08:00:00,CP-04,Running,51.52,22.6,6.54,342.49,31.37,67.53
2026-01-07 14:00:00,CP-04,Running,49.04,21.23,6.64,320.77,28.77,61.59
2026-02-27 13:00:00,CP-05,Running,54.1,27.94,6.89,404.26,29.96,78.81
2026-01-10 05:00:00,CP-02,Running,52.35,24.05,6.82,398.98,31.74,74.27
2026-02-14 20:00:00,CP-03,Running,49.91,24.29,6.71,367.09,27.75,68.83
2026-03-28 05:00:00,CP-01,Running,54.82,26.01,6.82,365.05,32.76,75.12
2026-02-20 11:00:00,CP-03,Running,53.92,26.48,7.0,344.45,29.86,73.04
2026-03-15 02:00:00,CP-01,Running,53.7,25.47,6.73,402.56,31.22,75.01
2026-03-17 22:00:00,CP-01,Running,52.01,24.47,6.68,353.5,30.9,71.24
2026-03-07 23:00:00,CP-01,Running,50.82,23.97,6.82,378.77,28.58,72.36
2026-03-26 11:00:00,CP-03,Running,58.86,29.45,7.0,393.22,31.47,81.67
2026-03-19 17:00:00,CP-05,Stopped,28.63,12.43,7.01,20.26,26.19,4.1
2026-03-18 05:00:00,CP-03,Running,58.09,29.35,7.15,417.31,31.89,86.23
2026-02-23 00:00:00,CP-04,Running,47.23,20.44,6.57,310.26,29.66,61.27
2026-03-13 04:00:00,CP-01,Running,53.11,25.0,6.88,380.28,32.21,71.55
2026-02-25 04:00:00,CP-04,Running,51.92,22.97,6.6,376.15,32.36,71.43
2026-03-26 03:00:00,CP-03,Running,56.96,28.55,7.11,411.39,32.35,82.46
2026-03-10 17:00:00,CP-05,Running,55.0,27.91,6.79,372.99,30.73,70.74
2026-01-23 05:00:00,CP-05,Running,57.99,30.54,6.94,430.94,32.99,88.12
2026-01-28 09:00:00,CP-02,Running,53.82,24.7,6.73,364.26,30.61,73.8
2026-03-26 05:00:00,CP-01,Running,53.34,25.58,6.98,397.79,31.91,80.08
2026-01-03 09:00:00,CP-05,Running,59.23,30.98,7.03,460.71,31.79,84.87
2026-01-12 03:00:00,CP-04,Running,51.78,22.7,6.67,344.76,31.93,67.28
2026-01-07 05:00:00,CP-03,Running,55.86,27.96,6.89,432.71,31.06,81.84
2026-03-05 04:00:00,CP-04,Running,53.51,23.66,6.92,359.97,30.27,71.19
2026-03-27 14:00:00,CP-03,Running,52.77,26.06,6.64,367.45,29.76,75.46
2026-03-16 14:00:00,CP-04,Running,43.2,18.27,6.56,256.62,29.62,51.03
2026-03-04 22:00:00,CP-01,Running,49.11,22.75,6.76,323.04,28.24,64.17
2026-02-27 07:00:00,CP-05,Running,58.28,30.37,7.22,398.86,33.0,83.04
2026-02-10 18:00:00,CP-03,Running,49.91,24.06,6.8,329.15,27.16,64.44
2026-02-01 15:00:00,CP-04,Running,46.73,19.76,6.49,255.39,28.23,50.92
2026-03-22 05:00:00,CP-05,Running,56.1,29.46,7.03,438.04,31.83,86.74
2026-02-16 06:00:00,CP-02,Running,50.01,22.92,6.88,346.46,31.84,73.23
2026-02-09 12:00:00,CP-02,Running,50.47,22.89,6.58,382.08,31.86,68.38
2026-01-22 16:00:00,CP-02,Running,51.8,22.97,6.64,286.28,28.44,58.07
2026-01-03 18:00:00,CP-01,Running,50.23,23.2,6.56,334.77,26.88,62.73
2026-01-27 22:00:00,CP-02,Running,48.45,21.72,6.52,323.98,29.83,63.09
2026-01-25 02:00:00,CP-03,Stopped,28.35,11.74,7.11,2.63,28.08,0.53
2026-02-18 18:00:00,CP-05,Running,51.46,26.22,6.84,340.64,30.1,72.49
2026-01-23 21:00:00,CP-04,Stopped,27.45,10.35,6.46,16.96,26.41,3.49
2026-01-28 15:00:00,CP-01,Running,49.01,22.66,6.86,306.46,29.34,63.36
2026-02-19 21:00:00,CP-04,Running,44.09,18.96,6.51,289.57,28.1,58.57
2026-01-15 03:00:00,CP-05,Running,56.25,29.52,7.22,452.64,31.16,86.45
2026-03-14 15:00:00,CP-04,Running,51.13,22.3,6.57,323.72,29.03,64.89
2026-01-10 13:00:00,CP-04,Running,48.16,20.71,6.47,309.11,28.83,58.55
2026-03-16 19:00:00,CP-03,Running,50.46,24.18,6.72,316.81,28.86,61.81
2026-01-16 15:00:00,CP-03,Running,49.74,24.14,6.75,338.19,28.38,67.5
2026-03-28 12:00:00,CP-03,Running,52.82,26.4,6.89,390.83,30.58,81.16
2026-02-19 09:00:00,CP-04,Running,49.65,21.69,6.66,335.69,,65.63
2026-01-05 13:00:00,CP-01,Running,46.78,21.4,6.87,311.79,29.61,58.45
2026-03-29 07:00:00,CP-04,Running,53.51,23.69,6.9,358.03,31.49,71.81
2026-03-01 02:00:00,CP-04,Running,49.69,21.62,6.68,320.99,30.92,63.8
2026-03-28 01:00:00,CP-02,Stopped,30.05,11.77,6.66,30.88,27.98,5.89
2026-03-28 07:00:00,CP-03,Running,54.03,26.62,7.03,381.99,29.85,74.39
2026-01-12 22:00:00,CP-04,Running,45.5,19.24,6.53,268.9,29.54,50.97
2026-03-16 23:00:00,CP-03,Running,50.36,24.51,6.86,347.15,29.47,68.75
2026-02-13 23:00:00,CP-01,Running,51.89,24.1,6.71,343.24,29.31,65.3
2026-02-06 15:00:00,CP-01,Running,50.59,23.49,6.83,375.56,29.27,65.32
2026-02-28 07:00:00,CP-03,Running,55.77,28.01,7.08,418.78,33.22,83.53
2026-03-15 14:00:00,CP-02,Running,47.25,20.95,6.74,281.64,28.74,58.22
2026-02-16 11:00:00,CP-04,Stopped,28.09,10.61,6.54,20.03,28.92,3.82
2026-01-26 13:00:00,CP-02,Running,47.49,21.2,6.64,298.31,29.98,61.14
2026-03-04 01:00:00,CP-04,Running,52.7,23.18,6.68,351.5,30.64,68.65
2026-02-02 21:00:00,CP-01,Running,53.2,24.88,6.67,362.92,28.2,68.61
2026-02-24 15:00:00,CP-04,Running,42.77,18.09,6.65,249.65,27.55,51.18
2026-02-19 13:00:00,CP-04,Running,47.19,20.23,6.57,271.41,28.9,57.0
2026-02-15 18:00:00,CP-05,Running,49.27,24.52,6.87,308.03,29.55,61.87
2026-01-25 20:00:00,CP-02,Running,48.66,21.32,6.74,253.11,27.49,52.77
2026-03-05 12:00:00,CP-01,Running,48.49,22.38,6.61,322.62,28.35,62.55
2026-02-09 06:00:00,CP-01,Running,53.62,25.7,7.05,433.62,32.26,79.8
2026-03-19 06:00:00,CP-03,Running,55.68,28.05,7.19,445.0,33.35,84.99
2026-03-19 01:00:00,CP-03,Running,55.62,27.49,6.86,387.79,30.77,75.89
2026-03-16 17:00:00,CP-05,Running,56.12,29.07,6.69,389.48,28.4,80.19
2026-03-25 02:00:00,CP-03,Running,52.1,25.96,6.9,359.6,31.34,79.72
2026-02-25 06:00:00,CP-04,Running,49.67,21.78,6.71,319.09,32.08,67.4
2026-03-17 02:00:00,CP-03,Running,53.66,26.71,6.99,377.43,31.25,79.27
2026-03-18 20:00:00,CP-05,Running,49.17,24.64,6.73,340.0,28.02,64.97
2026-02-21 23:00:00,CP-01,Running,51.99,24.36,6.9,331.7,29.35,69.3
2026-02-04 13:00:00,CP-05,Running,58.42,30.23,7.04,426.28,31.77,79.66
2026-01-13 08:00:00,CP-01,Running,56.43,27.01,6.92,427.57,32.43,79.18
2026-01-10 09:00:00,CP-05,Running,54.65,28.39,7.12,448.07,30.93,81.61
2026-02-16 07:00:00,CP-01,Running,55.95,26.69,6.81,364.45,31.12,77.71
2026-01-30 06:00:00,CP-04,Running,50.75,22.43,6.67,341.95,31.37,71.0
2026-01-30 07:00:00,CP-03,Running,59.18,29.94,7.07,450.51,32.58,87.03
2026-03-18 16:00:00,CP-03,Running,49.2,23.61,6.74,315.04,27.96,62.47
2026-02-01 14:00:00,CP-05,Running,52.23,26.86,6.8,398.82,28.72,76.87
2026-01-30 09:00:00,CP-05,Running,58.0,30.35,7.08,428.11,31.33,85.06
2026-01-28 19:00:00,CP-02,Running,47.8,21.19,6.54,289.0,26.69,58.12
2026-01-08 20:00:00,CP-01,Running,50.97,23.75,6.62,350.71,29.92,66.9
2026-02-05 14:00:00,CP-04,Running,50.45,21.53,6.39,287.86,29.26,55.09
2026-01-07 18:00:00,CP-05,Running,52.04,26.4,6.84,363.7,27.58,70.54
2026-03-10 20:00:00,CP-02,Running,48.45,21.95,6.6,350.59,28.1,67.83
2026-01-09 18:00:00,CP-04,Running,43.5,18.35,6.54,278.08,26.58,49.91
2026-03-30 15:00:00,CP-03,Running,54.56,26.63,6.85,361.54,28.78,70.13
2026-02-11 05:00:00,CP-02,Running,52.87,24.43,6.94,404.24,32.13,77.07
2026-02-09 03:00:00,CP-02,Running,57.51,26.37,6.64,359.66,31.9,73.45
2026-02-23 02:00:00,CP-04,Running,50.57,22.25,6.85,343.68,31.06,68.86
2026-01-05 03:00:00,CP-02,Running,50.96,23.38,6.9,387.47,30.81,73.8
2026-03-18 07:00:00,CP-05,Running,55.93,29.1,7.15,412.37,32.26,82.25
2026-01-31 08:00:00,CP-04,Running,51.24,22.58,6.67,375.86,29.79,69.62
2026-01-31 19:00:00,CP-04,Running,47.96,20.47,6.5,286.82,28.35,55.01
2026-02-06 15:00:00,CP-04,Running,46.82,19.76,6.64,256.02,27.95,50.16
2026-01-03 18:00:00,CP-02,Running,47.09,20.77,6.45,282.6,28.41,55.83
2026-02-27 09:00:00,CP-01,Running,57.29,27.22,6.92,389.11,29.86,75.78
2026-03-29 01:00:00,CP-02,Running,49.5,22.19,6.65,318.29,30.58,63.08
2026-01-30 03:00:00,CP-02,Running,56.07,25.53,6.77,369.98,31.89,70.17
2026-01-10 08:00:00,CP-04,Running,48.8,21.09,6.59,318.49,30.74,60.73
2026-03-22 20:00:00,CP-04,Running,45.24,19.18,6.39,248.32,28.22,52.26
2026-01-26 13:00:00,CP-01,Running,52.28,24.38,6.52,332.23,30.43,67.21
2026-03-04 08:00:00,CP-05,Running,57.97,30.24,7.07,446.65,30.73,83.52
2026-01-20 06:00:00,CP-01,Running,55.95,26.31,6.89,342.07,30.88,70.92
2026-02-04 22:00:00,CP-05,Running,57.29,29.65,6.75,428.93,28.99,79.75
2026-01-25 13:00:00,CP-04,Running,48.09,20.75,6.57,283.94,29.18,60.11
2026-02-02 13:00:00,CP-02,Running,47.54,21.31,6.65,354.14,30.57,63.08
2026-02-01 13:00:00,CP-04,Running,44.98,19.12,6.63,282.82,29.39,53.37
2026-01-19 21:00:00,CP-05,Running,53.39,27.18,6.83,347.29,31.09,72.09
2026-02-08 05:00:00,CP-01,Running,54.34,25.59,7.0,376.19,31.48,71.61
2026-01-24 12:00:00,CP-02,Running,51.77,23.23,6.76,317.61,30.54,63.47
2026-01-18 13:00:00,CP-02,Running,48.05,21.49,6.66,310.08,28.6,61.94
2026-01-26 18:00:00,CP-04,Running,41.74,17.36,6.46,211.34,28.14,43.68
2026-03-05 15:00:00,CP-03,Running,53.36,26.22,6.87,375.75,28.57,73.21
2026-03-14 22:00:00,CP-03,Running,51.16,24.73,6.73,357.34,29.47,65.73
2026-01-24 16:00:00,CP-01,Running,52.04,24.15,6.65,317.6,29.61,64.97
2026-02-18 04:00:00,CP-05,Running,54.56,28.16,7.23,391.59,31.18,78.43
2026-01-03 02:00:00,CP-02,Running,50.89,23.17,6.81,357.68,31.37,70.12
2026-02-21 12:00:00,CP-05,Running,55.56,28.33,6.96,354.79,29.89,72.9
2026-02-05 02:00:00,CP-02,Running,53.13,24.25,6.75,385.69,31.75,71.37
2026-02-09 11:00:00,CP-01,Running,51.32,23.97,6.86,357.0,29.83,67.99
2026-01-01 03:00:00,CP-01,Running,52.89,25.19,6.91,408.94,31.26,76.91
2026-03-15 03:00:00,CP-04,Running,52.36,22.99,6.74,368.29,30.65,67.87
2026-02-03 21:00:00,CP-05,Stopped,30.1,13.16,6.79,38.03,26.15,6.98
2026-03-19 11:00:00,CP-03,Stopped,27.23,11.41,6.93,25.62,29.39,5.04
2026-01-22 18:00:00,CP-02,Running,45.97,20.3,6.38,276.17,28.11,56.19
2026-02-25 14:00:00,CP-02,Running,48.4,21.91,6.61,323.88,29.18,67.49
2026-01-14 04:00:00,CP-04,Running,52.43,22.82,6.87,323.8,32.2,63.94
2026-03-06 20:00:00,CP-02,Running,50.03,34.689,6.56,317.2,29.35,62.05
2026-03-20 02:00:00,CP-01,Running,50.47,23.8,6.85,353.49,31.34,72.31
2026-03-11 10:00:00,CP-04,Running,48.33,21.09,6.52,364.61,31.12,65.23
2026-01-06 20:00:00,CP-03,Running,46.97,22.72,6.74,369.44,29.72,65.91
2026-01-28 01:00:00,CP-03,Running,53.34,26.2,6.96,363.46,30.63,73.11
2026-02-26 14:00:00,CP-01,Stopped,29.87,12.08,6.83,33.64,26.53,6.49
2026-03-10 19:00:00,CP-02,Running,48.01,21.39,6.53,305.2,27.82,60.38
2026-03-11 18:00:00,CP-02,Running,49.48,21.87,6.62,291.1,27.17,56.65
2026-01-13 07:00:00,CP-03,Stopped,33.44,14.1,7.09,37.69,28.17,7.43
2026-02-09 07:00:00,CP-01,Running,56.05,26.92,6.86,431.88,31.15,80.93
2026-02-28 04:00:00,CP-01,Running,52.79,25.09,6.89,348.56,31.9,76.01
2026-01-13 14:00:00,CP-01,Running,49.52,22.82,6.75,309.12,29.61,61.67
2026-01-09 17:00:00,CP-04,Running,50.47,21.42,6.39,294.63,28.48,52.62
2026-03-02 11:00:00,CP-01,Running,55.49,26.26,6.82,374.71,31.24,73.98
2026-01-28 17:00:00,CP-04,Running,43.04,18.3,6.48,249.48,29.5,53.48
2026-03-14 22:00:00,CP-02,Running,45.39,19.97,6.58,286.99,29.1,54.68
2026-03-04 23:00:00,CP-01,Running,51.29,23.92,6.82,336.76,29.02,67.16
2026-02-28 20:00:00,CP-03,Running,52.37,25.75,6.91,358.25,27.93,73.47
2026-02-27 04:00:00,CP-04,Running,48.73,21.12,6.75,311.24,33.01,62.1
2026-02-14 09:00:00,CP-02,Running,54.14,24.65,6.76,359.79,30.25,70.23
2026-01-21 03:00:00,CP-01,Running,55.86,26.52,6.8,389.33,32.98,75.5
2026-01-19 20:00:00,CP-01,Running,47.53,21.69,6.68,275.45,27.94,57.33
2026-02-06 13:00:00,CP-01,Stopped,29.29,11.68,6.68,4.06,27.44,0.84
2026-02-08 16:00:00,CP-01,Running,54.19,25.49,6.59,379.33,27.95,71.27
2026-01-29 09:00:00,CP-04,Stopped,29.16,11.03,6.76,22.77,27.07,4.54
2026-03-26 05:00:00,CP-02,Running,57.8,26.56,6.9,355.87,32.32,74.42
2026-02-08 02:00:00,CP-01,Running,53.05,25.12,7.11,386.32,31.94,74.15
2026-01-07 07:00:00,CP-03,Running,58.21,29.21,7.0,439.68,31.82,83.12
2026-01-25 10:00:00,CP-04,Running,52.49,22.99,6.56,350.81,30.68,66.72
2026-01-03 19:00:00,CP-05,Running,51.08,25.82,6.9,360.91,28.53,68.93
2026-01-24 02:00:00,CP-01,Running,48.83,22.7,6.99,341.96,31.86,65.87
2026-02-01 09:00:00,CP-03,Running,52.97,26.26,7.01,399.11,31.1,77.29
2026-02-08 10:00:00,CP-04,Running,49.56,21.57,6.82,324.42,30.9,63.97
2026-03-13 14:00:00,CP-05,Running,51.65,26.82,6.7,446.21,31.08,81.38
2026-02-10 05:00:00,CP-05,Running,55.8,29.14,7.04,443.9,32.9,84.0
2026-01-14 12:00:00,CP-01,Running,49.14,22.77,6.82,342.6,31.27,64.36
2026-01-14 22:00:00,CP-05,Running,50.59,25.82,7.03,388.19,29.68,73.38
2026-03-11 11:00:00,CP-01,Running,49.9,23.37,6.84,364.01,31.76,69.13
2026-03-03 03:00:00,CP-01,Running,53.13,25.3,6.97,385.26,31.62,76.85
2026-01-05 15:00:00,CP-05,Running,52.29,26.63,6.76,395.89,29.81,72.35
2026-01-05 01:00:00,CP-05,Running,59.45,31.05,6.9,429.99,30.96,84.21
2026-03-05 20:00:00,CP-03,Running,53.94,26.7,6.9,397.85,30.22,76.7
2026-03-24 07:00:00,CP-05,Running,57.07,29.69,7.13,417.98,32.43,82.27
2026-02-02 01:00:00,CP-02,Running,53.04,23.93,6.7,344.41,30.78,66.03
2026-03-10 18:00:00,CP-02,Running,47.32,20.82,6.63,304.06,27.97,54.66
2026-03-09 03:00:00,CP-05,Running,56.03,29.3,7.07,450.19,32.76,84.81
2026-01-08 07:00:00,CP-04,Running,51.5,22.82,6.66,394.13,31.75,72.28
2026-03-10 04:00:00,CP-05,Running,56.36,29.8,7.23,456.6,32.41,89.92
2026-02-04 05:00:00,CP-03,Running,56.8,28.93,7.1,465.19,32.35,90.17
2026-01-22 13:00:00,CP-02,Running,49.65,22.39,6.5,339.37,30.05,65.83
2026-02-24 15:00:00,CP-03,Stopped,29.05,12.12,6.73,16.26,27.88,3.2
2026-02-02 15:00:00,CP-02,Running,47.93,21.45,6.6,329.35,27.79,62.29
2026-01-18 16:00:00,CP-03,Running,45.47,21.7,6.77,275.7,28.06,59.9
2026-03-23 08:00:00,CP-05,Running,58.28,30.77,7.11,433.28,32.04,89.19
2026-02-26 01:00:00,CP-04,Running,50.94,22.35,6.64,320.08,30.0,67.6
2026-01-10 06:00:00,CP-01,Running,52.66,24.88,7.03,395.53,33.01,73.27
2026-01-28 04:00:00,CP-01,Running,51.24,23.9,6.96,345.02,32.18,67.37
2026-03-08 21:00:00,CP-01,Running,50.98,23.56,6.48,331.06,28.29,63.08
2026-03-22 01:00:00,CP-03,Running,52.01,25.62,6.96,364.43,30.5,74.35
2026-01-10 13:00:00,CP-02,Running,49.28,22.04,6.68,331.01,30.15,61.93
2026-02-06 12:00:00,CP-05,Stopped,31.15,13.6,6.94,33.64,27.29,6.25
2026-01-12 23:00:00,CP-03,Running,55.32,27.18,6.91,379.73,28.01,73.18
2026-03-06 21:00:00,CP-02,Running,51.2,23.02,6.56,334.49,27.41,64.41
2026-01-11 23:00:00,CP-04,Running,50.33,21.57,6.6,296.86,29.74,56.93
2026-02-14 17:00:00,CP-01,Running,46.06,20.92,6.73,301.03,27.53,55.41
2026-01-06 00:00:00,CP-05,Running,52.85,27.37,7.15,410.45,31.0,80.05
2026-03-14 08:00:00,CP-02,Running,53.2,24.57,6.89,385.56,29.95,76.77
2026-01-07 08:00:00,CP-05,Running,55.08,28.69,7.09,441.78,32.11,82.95
2026-03-01 03:00:00,CP-05,Running,55.3,28.93,7.23,444.17,31.3,84.78
2026-01-12 21:00:00,CP-01,Running,52.36,24.36,6.71,354.11,29.23,66.19
2026-03-20 22:00:00,CP-04,Running,48.68,20.68,6.54,246.21,27.53,52.94
2026-02-10 08:00:00,CP-04,Running,51.1,22.67,6.77,359.93,30.58,72.62
2026-03-07 07:00:00,CP-03,Running,54.8,27.48,7.03,430.65,33.8,82.7
2026-02-21 14:00:00,CP-03,Running,52.21,25.42,6.74,340.94,28.54,69.0
2026-02-27 02:00:00,CP-02,Running,52.12,23.74,6.77,355.69,30.45,70.36
2026-02-19 22:00:00,CP-02,Running,45.24,20.19,6.58,296.35,29.76,60.93
2026-01-11 21:00:00,CP-02,Running,43.81,19.17,6.59,288.69,28.42,52.22
2026-02-03 05:00:00,CP-02,Running,52.55,24.1,6.75,355.55,32.71,73.48
2026-02-25 03:00:00,CP-03,Running,54.43,26.73,7.03,359.86,30.54,73.0
2026-01-04 22:00:00,CP-03,Running,56.75,27.99,6.96,387.99,30.38,74.92
2026-03-31 01:00:00,CP-03,Running,54.43,27.1,6.8,388.9,32.24,79.26
2026-01-12 19:00:00,CP-01,Running,47.95,22.23,6.61,332.73,28.76,64.62
2026-03-18 02:00:00,CP-04,Running,49.35,21.58,6.71,332.28,30.9,66.0
2026-02-17 17:00:00,CP-02,Running,47.88,21.12,6.49,295.98,27.44,55.82
2026-02-15 03:00:00,CP-04,Running,46.84,20.19,6.69,292.63,32.27,59.58
2026-02-26 14:00:00,CP-02,Running,51.57,23.38,6.78,335.17,30.97,68.17
2026-02-06 05:00:00,CP-05,Running,62.06,32.7,7.08,464.31,31.57,88.34
2026-02-22 10:00:00,CP-05,Running,57.13,29.64,7.19,367.44,33.03,80.92
2026-01-12 14:00:00,CP-05,Running,49.46,25.14,6.87,372.45,29.78,71.48
2026-02-02 13:00:00,CP-04,Stopped,35.02,13.29,6.46,29.27,27.41,5.75
2026-03-05 21:00:00,CP-01,Running,51.98,24.13,6.66,336.72,28.71,65.16
2026-01-07 08:00:00,CP-04,Running,53.56,23.76,6.66,386.57,32.77,72.64
2026-03-16 15:00:00,CP-03,Running,50.23,24.28,6.75,331.92,30.03,65.76
2026-03-31 08:00:00,CP-05,Running,55.53,29.24,7.2,452.05,32.03,87.94
2026-02-27 06:00:00,CP-05,Running,59.28,31.08,7.23,439.8,31.79,86.04
2026-03-15 05:00:00,CP-01,Running,53.28,25.25,6.9,390.02,31.33,74.57
2026-02-28 08:00:00,CP-01,Running,56.94,27.09,6.93,353.77,31.79,76.48
2026-01-18 22:00:00,CP-04,Running,47.99,20.86,6.55,330.18,28.91,63.45
2026-01-16 22:00:00,CP-04,Running,50.87,22.23,6.5,332.27,28.73,65.68
2026-01-24 08:00:00,CP-01,Running,50.67,24.18,6.86,372.37,32.05,77.91
2026-01-24 12:00:00,CP-03,Running,54.62,26.76,6.85,359.13,30.62,71.86
2026-01-27 03:00:00,CP-01,Stopped,29.39,11.72,6.9,5.22,27.52,1.09
2026-01-01 04:00:00,CP-05,Running,54.13,28.23,7.06,440.96,32.23,83.38
2026-03-16 10:00:00,CP-04,Running,48.32,20.89,6.57,298.24,30.24,61.03
2026-02-20 05:00:00,CP-02,Running,50.25,22.93,6.86,354.9,32.86,71.23
2026-03-07 08:00:00,CP-04,Running,56.58,25.04,6.84,343.06,31.44,71.67
2026-01-02 08:00:00,CP-04,Running,50.67,22.21,6.63,365.36,32.21,67.1
2026-03-15 13:00:00,CP-02,Running,46.82,21.04,6.79,327.83,30.43,64.16
2026-03-13 07:00:00,CP-02,Running,54.33,25.01,6.86,392.95,31.3,75.19
2026-03-13 05:00:00,CP-02,Running,52.66,24.25,6.87,399.42,30.27,75.53
2026-02-15 05:00:00,CP-01,Running,54.02,25.76,7.01,406.28,32.73,77.56
2026-01-21 09:00:00,CP-03,Running,59.46,30.09,6.9,432.01,31.1,87.09
2026-01-19 09:00:00,CP-05,Stopped,27.97,12.22,7.15,32.15,28.3,6.7
2026-01-13 09:00:00,CP-04,Running,53.64,23.97,6.59,411.65,32.16,76.04
2026-02-06 23:00:00,CP-05,Stopped,25.97,11.21,6.9,9.36,26.41,1.84
2026-03-11 21:00:00,CP-05,Running,52.95,26.85,6.83,388.38,30.25,70.33
2026-02-13 22:00:00,CP-02,Running,51.3,23.02,6.64,317.53,28.7,63.61
2026-01-15 19:00:00,CP-01,Running,50.18,23.27,6.62,341.48,27.86,64.59
2026-02-06 02:00:00,CP-03,Stopped,27.22,11.38,7.01,23.04,27.65,4.15
2026-02-12 20:00:00,CP-02,Running,44.35,19.42,6.5,272.11,28.16,52.62
2026-01-30 17:00:00,CP-05,Stopped,34.82,15.23,6.95,36.3,26.29,7.02
2026-01-08 16:00:00,CP-03,Running,46.55,22.46,6.84,340.03,28.12,64.91
2026-02-03 22:00:00,CP-04,Running,49.77,21.53,6.51,319.69,28.81,61.23
2026-01-01 19:00:00,CP-01,Running,49.78,22.92,6.67,317.04,29.58,61.46
2026-01-19 14:00:00,CP-04,Running,47.94,20.85,6.55,302.86,29.09,63.54
2026-02-08 21:00:00,CP-04,Running,47.09,20.14,6.49,298.3,29.33,55.99
2026-02-25 14:00:00,CP-05,Running,51.51,26.08,6.83,331.76,28.78,69.61
2026-03-06 10:00:00,CP-04,Running,49.67,21.62,6.68,341.33,31.01,63.98
2026-03-05 15:00:00,CP-05,Running,51.12,26.05,6.97,396.44,29.44,72.59
2026-01-12 07:00:00,CP-02,Running,54.36,25.1,6.82,388.01,32.15,76.77
2026-02-09 05:00:00,CP-01,Running,55.23,26.16,7.04,387.11,31.77,74.37
2026-01-01 06:00:00,CP-01,Running,53.27,25.13,6.89,371.92,31.98,72.52
2026-02-14 18:00:00,CP-04,Running,44.55,18.77,6.38,251.5,26.32,49.37
2026-03-29 21:00:00,CP-01,Running,49.92,23.17,6.75,343.87,28.78,65.1
2026-01-24 06:00:00,CP-02,Running,51.59,23.7,6.82,344.1,31.87,74.29
2026-01-03 03:00:00,CP-03,Running,54.37,26.9,7.14,393.1,32.24,76.38
2026-03-03 09:00:00,CP-02,Running,50.67,23.03,6.82,354.89,32.09,69.31
2026-03-02 22:00:00,CP-04,Running,50.45,21.57,6.55,290.33,29.61,55.79
2026-03-02 08:00:00,CP-02,Running,49.53,22.57,6.72,359.92,31.38,70.58
2026-02-28 21:00:00,CP-04,Stopped,30.3,11.49,6.56,26.11,26.24,5.34
2026-01-19 01:00:00,CP-05,Running,56.34,29.41,6.93,387.81,32.17,83.83
2026-01-25 13:00:00,CP-03,Running,49.82,24.16,6.74,336.39,31.06,67.08
2026-01-16 10:00:00,CP-03,Stopped,31.96,13.35,6.87,19.46,28.07,3.85
2026-02-26 12:00:00,CP-01,Running,52.24,24.55,6.73,348.37,30.86,70.8
2026-02-27 11:00:00,CP-03,Running,53.96,26.52,7.06,367.17,30.23,73.27
2026-02-03 17:00:00,CP-03,Running,52.41,25.47,6.79,355.67,28.54,68.23
2026-03-01 00:00:00,CP-01,Running,51.62,24.3,6.78,373.52,30.64,71.43
2026-03-13 22:00:00,CP-03,Running,50.05,24.29,6.82,371.94,28.96,67.47
2026-02-21 00:00:00,CP-03,Running,53.66,26.33,6.92,325.79,31.33,72.46
2026-02-12 16:00:00,CP-04,Running,47.39,20.35,6.47,295.39,27.52,57.87
2026-02-05 23:00:00,CP-02,Running,49.8,22.2,6.72,335.89,29.85,60.48
2026-03-18 09:00:00,CP-01,Running,55.59,26.71,6.92,408.43,31.6,81.11
2026-02-20 18:00:00,CP-04,Running,50.97,21.71,6.48,279.88,27.1,54.32
2026-03-18 14:00:00,CP-02,Running,50.86,22.69,6.65,284.2,26.77,61.0
2026-03-20 16:00:00,CP-03,Running,45.95,22.2,6.84,342.0,29.02,65.43
2026-01-03 17:00:00,CP-03,Stopped,27.4,11.45,6.75,21.41,25.44,4.04
2026-01-23 20:00:00,CP-05,Running,52.69,26.85,6.83,353.75,28.28,72.59
2026-03-02 19:00:00,CP-03,Running,49.58,24.13,6.91,356.27,27.97,68.69
2026-03-13 12:00:00,CP-02,Running,48.43,21.68,6.8,323.22,28.94,62.44
2026-03-19 10:00:00,CP-02,Running,56.17,25.97,6.7,381.75,31.61,77.31
2026-01-02 21:00:00,CP-02,Running,49.44,22.02,6.66,305.13,26.63,60.24
2026-02-20 10:00:00,CP-05,Running,53.93,27.91,7.05,384.06,31.24,79.79
2026-02-17 22:00:00,CP-01,Stopped,32.6,13.11,6.72,22.41,26.31,4.34
2026-02-05 01:00:00,CP-03,Running,55.11,27.62,6.93,449.27,32.19,82.44
2026-01-16 13:00:00,CP-03,Running,55.39,27.33,6.98,377.05,28.89,75.1
2026-03-24 09:00:00,CP-02,Running,52.85,24.36,6.82,379.65,30.92,75.93
2026-03-19 12:00:00,CP-02,Running,55.0,24.91,6.74,338.32,31.13,67.75
2026-01-02 16:00:00,CP-04,Running,42.81,18.21,6.55,272.2,46.43,53.68
2026-02-28 16:00:00,CP-02,Running,49.94,22.13,6.49,292.46,28.54,57.87
2026-01-06 02:00:00,CP-04,Running,50.27,22.09,6.59,361.19,29.57,68.31
2026-03-23 12:00:00,CP-03,Running,51.11,25.37,6.78,380.95,32.36,77.83
2026-03-21 03:00:00,CP-03,Stopped,26.33,10.94,6.94,7.9,28.88,1.63
2026-01-27 02:00:00,CP-05,Running,55.33,28.7,7.12,392.09,31.12,80.92
2026-02-20 17:00:00,CP-05,Running,51.42,26.18,6.79,360.81,29.14,72.24
2026-01-13 07:00:00,CP-01,Running,55.4,26.7,6.85,419.42,33.33,82.49
2026-02-07 06:00:00,CP-04,Running,51.77,22.7,6.74,354.91,,67.31
2026-03-29 19:00:00,CP-01,Stopped,29.08,11.64,6.66,11.07,25.7,2.26
2026-01-22 03:00:00,CP-05,Running,57.91,30.47,7.13,436.04,32.02,87.64
2026-01-31 20:00:00,CP-02,Running,48.97,22.05,6.64,330.11,28.4,65.0
2026-01-09 08:00:00,CP-05,Running,56.73,29.85,7.27,443.92,32.53,87.62
2026-02-18 16:00:00,CP-04,Running,43.21,18.37,6.54,255.04,27.5,53.3
2026-03-22 19:00:00,CP-05,Running,48.62,24.6,6.82,337.47,29.06,69.34
2026-02-07 23:00:00,CP-03,Running,53.36,26.19,6.73,400.37,29.99,72.67
2026-03-23 04:00:00,CP-04,Running,51.3,22.39,6.74,330.74,32.13,65.19
2026-02-07 03:00:00,CP-03,Running,53.68,26.91,7.12,465.4,31.86,82.59
2026-02-26 02:00:00,CP-01,Running,53.57,25.34,6.9,357.03,30.42,73.8
2026-01-09 17:00:00,CP-01,Running,51.12,23.68,6.57,354.72,29.46,64.08
2026-03-21 09:00:00,CP-02,Running,50.66,23.14,6.76,364.94,30.17,71.73
2026-03-03 21:00:00,CP-01,Running,50.62,23.45,6.62,334.6,29.19,64.17
2026-03-10 09:00:00,CP-05,Running,56.07,29.13,6.99,401.48,31.2,81.69
2026-02-22 19:00:00,CP-02,Running,47.46,20.98,6.52,293.12,27.38,56.79
2026-01-19 07:00:00,CP-04,Running,51.68,22.76,6.69,356.33,30.63,69.39
2026-01-04 02:00:00,CP-03,Running,53.38,26.5,6.99,407.11,30.73,78.08
2026-03-14 19:00:00,CP-01,Running,47.98,21.74,6.77,274.99,28.59,54.17
2026-01-31 17:00:00,CP-03,Stopped,28.54,11.82,6.66,2.55,26.97,0.47
2026-03-07 03:00:00,CP-04,Running,48.29,21.02,6.66,354.78,31.89,64.04
2026-01-13 14:00:00,CP-04,Running,46.03,19.67,6.5,289.86,29.29,55.69
2026-01-16 23:00:00,CP-01,Running,49.79,23.16,6.74,346.92,29.76,65.97
2026-01-04 22:00:00,CP-05,Running,52.66,26.93,6.97,374.49,28.26,74.17
2026-02-28 07:00:00,CP-05,Stopped,25.01,10.76,7.12,2.81,29.86,0.56
2026-03-30 09:00:00,CP-01,Running,55.66,26.53,7.04,404.28,30.83,77.33
2026-02-03 18:00:00,CP-01,Running,46.6,21.48,6.71,311.98,28.77,61.83
2026-01-14 11:00:00,CP-05,Running,55.25,28.43,7.05,410.78,30.51,77.06
2026-02-27 20:00:00,CP-01,Running,49.04,22.72,6.62,331.7,29.11,64.17
2026-03-23 16:00:00,CP-04,Running,46.17,19.4,6.58,252.41,28.37,48.27
2026-03-28 08:00:00,CP-01,Running,51.15,24.13,6.82,377.99,31.08,72.47
2026-02-08 10:00:00,CP-01,Running,55.31,26.21,6.86,379.75,32.69,74.7
2026-02-16 01:00:00,CP-03,Running,56.84,28.58,6.94,413.02,30.07,83.94
2026-01-05 22:00:00,CP-02,Stopped,32.29,12.67,6.65,36.1,26.1,6.56
2026-02-27 17:00:00,CP-01,Running,47.74,21.92,6.72,304.0,28.66,60.07
2026-02-25 07:00:00,CP-03,Running,56.56,28.25,7.1,401.78,31.27,80.91
2026-01-15 12:00:00,CP-05,Running,51.84,26.58,7.01,370.85,29.74,75.35
2026-03-31 19:00:00,CP-05,Stopped,28.43,12.43,6.85,34.62,25.03,6.98
2026-01-03 11:00:00,CP-05,Stopped,29.23,12.75,7.02,31.35,28.26,5.92
2026-02-09 05:00:00,CP-04,Running,49.8,21.71,6.76,349.38,32.02,64.59
2026-03-03 09:00:00,CP-01,Running,54.34,25.75,6.84,369.3,30.18,74.55
2026-01-20 03:00:00,CP-04,Running,50.26,22.06,6.66,342.36,31.14,67.72
2026-01-21 00:00:00,CP-03,Running,51.11,25.3,6.97,374.0,29.39,76.75
2026-01-05 00:00:00,CP-04,Running,49.25,21.23,6.6,304.53,28.25,59.48
2026-03-22 03:00:00,CP-05,Stopped,33.24,14.52,6.99,32.85,27.61,6.46
2026-02-11 16:00:00,CP-04,Running,46.74,20.14,6.4,319.09,28.15,59.42
2026-03-03 21:00:00,CP-03,Running,49.39,23.73,6.78,320.82,28.71,62.97
2026-02-23 17:00:00,CP-05,Running,52.11,26.28,6.86,327.73,27.44,67.88
2026-03-01 13:00:00,CP-02,Running,48.15,21.41,6.59,328.42,30.26,59.55
2026-01-02 23:00:00,CP-04,Running,48.02,20.94,6.54,349.36,28.25,64.81
2026-03-11 22:00:00,CP-05,Running,52.57,26.95,6.82,400.55,30.21,75.43
2026-02-28 01:00:00,CP-02,Running,53.18,23.96,6.74,323.34,30.83,65.31
2026-03-29 13:00:00,CP-04,Running,48.84,20.93,6.53,271.21,29.05,56.89
2026-02-19 21:00:00,CP-05,Running,51.5,26.29,6.93,,29.28,73.41
2026-03-26 15:00:00,CP-02,Running,46.75,20.8,6.59,298.63,29.8,59.63
2026-03-28 14:00:00,CP-05,Running,47.85,24.1,6.87,338.94,28.76,67.15
2026-01-14 21:00:00,CP-03,Running,50.9,24.63,6.83,337.12,30.37,66.14
2026-01-24 06:00:00,CP-01,Running,55.95,26.5,6.81,360.85,32.59,74.28
2026-02-11 12:00:00,CP-03,Running,50.8,25.15,6.85,427.35,29.39,76.75
2026-03-28 06:00:00,CP-05,Running,54.29,28.11,7.17,396.23,32.11,80.0
2026-03-07 19:00:00,CP-03,Running,49.7,23.86,6.72,347.99,,62.52
2026-02-12 06:00:00,CP-02,Running,50.99,23.28,6.81,371.83,,71.41
2026-03-08 09:00:00,CP-03,Running,56.38,28.11,7.12,432.46,31.83,80.02
2026-03-02 11:00:00,CP-04,Running,50.21,21.77,6.61,286.82,30.94,62.31
2026-01-19 19:00:00,CP-04,Running,47.78,20.34,6.42,265.44,27.83,54.1
2026-02-15 02:00:00,CP-02,Running,51.17,23.55,6.81,399.06,30.58,75.08
2026-03-26 10:00:00,CP-03,Running,51.61,25.34,6.88,361.36,29.97,72.88
2026-01-08 05:00:00,CP-05,Running,56.01,28.91,7.23,413.67,32.26,78.52
2026-03-21 17:00:00,CP-02,Stopped,31.34,12.25,6.55,24.38,25.84,5.07
2026-01-08 19:00:00,CP-01,Stopped,23.94,9.57,6.69,9.92,25.21,1.85
2026-03-29 19:00:00,CP-05,Stopped,29.61,12.96,6.75,36.45,28.11,7.38
2026-01-27 20:00:00,CP-04,Running,46.63,19.71,6.64,269.21,27.22,50.84
2026-02-08 02:00:00,CP-04,Running,48.94,21.62,6.58,390.92,31.44,70.79
2026-03-23 03:00:00,CP-04,Running,47.95,20.92,6.86,308.56,31.91,65.03
2026-02-19 23:00:00,CP-02,Running,46.83,20.8,6.72,276.63,29.99,58.92
2026-01-10 07:00:00,CP-04,Running,52.03,22.64,6.86,324.59,31.79,63.83
2026-01-23 16:00:00,CP-01,Running,50.27,23.36,6.69,303.3,28.18,65.58
2026-03-22 23:00:00,CP-03,Running,54.27,27.0,6.83,399.98,29.76,78.98
2026-01-20 05:00:00,CP-03,Running,52.85,26.15,6.8,381.94,,76.5
2026-03-26 06:00:00,CP-03,Running,55.13,27.44,7.11,370.72,32.67,79.31
2026-03-24 13:00:00,CP-05,Running,56.12,28.95,7.05,379.06,29.48,78.36
2026-01-25 11:00:00,CP-02,Running,52.97,24.06,6.58,330.36,29.56,69.12
2026-01-06 06:00:00,CP-01,Running,56.96,26.93,7.05,391.1,31.52,73.46
2026-01-09 20:00:00,CP-01,Running,47.38,21.64,6.53,318.23,28.17,57.81
2026-03-31 08:00:00,CP-03,Running,58.21,29.45,6.96,411.58,31.73,86.98
2026-01-09 13:00:00,CP-01,Running,49.79,23.28,6.73,388.14,31.37,68.4
2026-01-26 04:00:00,CP-03,Running,53.73,26.95,7.07,427.21,33.25,82.77
2026-02-26 18:00:00,CP-05,Running,54.35,27.7,6.88,366.5,30.3,72.63
2026-02-14 04:00:00,CP-05,Running,57.23,30.16,7.13,442.37,31.1,88.39
2026-01-09 12:00:00,CP-05,Running,53.76,27.75,7.0,426.06,30.74,78.55
2026-01-26 22:00:00,CP-04,Running,48.6,20.77,6.69,280.68,29.84,55.7
2026-01-02 04:00:00,CP-05,Running,57.02,30.08,7.11,497.82,33.23,88.87
2026-03-06 05:00:00,CP-04,Running,52.83,23.33,6.75,355.29,31.9,70.7
2026-02-23 22:00:00,CP-04,Running,47.36,20.35,6.53,277.99,28.81,58.09
2026-03-18 21:00:00,CP-02,Running,50.12,22.35,6.53,318.38,28.32,60.73
2026-02-24 16:00:00,CP-04,Running,46.33,19.94,6.33,279.59,29.19,58.86
2026-02-13 16:00:00,CP-01,Running,52.27,24.35,6.7,359.62,29.66,66.7
2026-01-16 03:00:00,CP-03,Running,52.38,25.84,7.01,389.01,32.3,74.94
2026-01-28 13:00:00,CP-05,Running,51.91,26.64,7.05,373.64,30.55,75.84
2026-03-03 07:00:00,CP-03,Running,53.84,26.47,7.11,388.45,32.77,73.49
2026-02-16 18:00:00,CP-02,Running,46.28,20.2,6.57,277.02,27.41,51.19
2026-03-02 09:00:00,CP-04,Running,49.03,21.59,6.86,362.29,30.92,69.32
2026-02-27 14:00:00,CP-04,Running,43.92,18.62,6.5,260.87,28.32,52.29
2026-01-23 22:00:00,CP-04,Running,49.06,21.18,6.46,269.53,29.82,60.14
2026-01-04 09:00:00,CP-04,Running,55.59,24.56,6.76,386.81,31.31,70.9
2026-01-12 10:00:00,CP-03,Running,55.63,27.83,6.96,424.08,31.12,81.57
2026-01-17 09:00:00,CP-02,Running,54.29,24.99,6.7,381.24,31.92,75.23
2026-02-12 23:00:00,CP-04,Running,46.66,19.89,6.43,284.55,29.21,54.56
2026-02-26 06:00:00,CP-01,Running,57.19,27.6,7.03,413.03,31.88,83.18
2026-03-23 02:00:00,CP-02,Running,53.5,24.42,6.75,322.68,31.52,71.41
2026-01-22 05:00:00,CP-01,Running,51.83,24.05,7.03,303.67,32.85,64.82
2026-03-11 03:00:00,CP-05,Running,54.8,28.35,7.17,434.14,32.18,79.68
2026-01-11 21:00:00,CP-05,Running,52.71,26.94,6.95,375.05,30.45,73.92
2026-01-17 14:00:00,CP-04,Running,51.19,22.04,6.64,297.02,28.41,59.03
2026-01-27 06:00:00,CP-04,Running,50.58,21.96,6.65,312.53,28.95,62.83
2026-03-28 09:00:00,CP-01,Running,55.57,26.43,6.92,406.75,33.17,76.2
2026-03-14 04:00:00,CP-03,Running,54.96,27.15,7.01,390.0,31.07,75.77
2026-01-07 04:00:00,CP-02,Running,52.35,23.88,6.95,377.31,31.58,71.07
2026-02-10 10:00:00,CP-04,Running,49.32,21.52,6.7,342.24,31.17,65.0
2026-02-06 04:00:00,CP-03,Running,57.73,29.07,7.08,460.01,31.6,84.7
2026-01-11 05:00:00,CP-05,Running,54.96,28.16,7.21,404.19,32.57,75.12
2026-03-10 16:00:00,CP-02,Running,50.1,22.3,6.47,329.89,28.65,59.89
2026-02-22 22:00:00,CP-02,Running,48.57,21.69,6.59,296.54,28.59,61.33
2026-01-05 19:00:00,CP-03,Running,53.14,26.09,6.57,368.23,28.04,72.79
2026-01-01 13:00:00,CP-03,Running,55.9,27.62,6.76,414.84,29.65,75.81
2026-01-22 07:00:00,CP-04,Running,53.42,23.77,6.82,361.29,32.98,74.13
2026-03-07 20:00:00,CP-02,Stopped,25.33,9.94,6.56,36.14,26.11,6.68
2026-01-20 22:00:00,CP-01,Running,50.46,23.4,6.66,307.89,29.5,64.63
2026-02-10 19:00:00,CP-01,Running,49.29,22.73,6.69,335.24,27.55,62.07
2026-01-07 07:00:00,CP-04,Stopped,29.06,10.96,6.89,18.6,27.49,3.42
2026-02-14 00:00:00,CP-02,Running,51.08,23.09,6.64,349.41,29.35,66.86
2026-03-27 08:00:00,CP-02,Running,59.09,27.17,6.87,394.81,31.37,74.82
2026-01-20 15:00:00,CP-01,Running,49.43,22.76,6.85,303.4,28.49,61.51
2026-03-23 01:00:00,CP-05,Running,55.16,28.06,7.03,357.93,30.91,71.83
2026-01-11 10:00:00,CP-02,Running,52.45,23.67,6.87,334.85,31.57,66.21
2026-03-07 04:00:00,CP-05,Running,55.72,29.01,7.27,452.55,30.43,82.69
2026-03-23 00:00:00,CP-04,Running,49.67,21.42,6.53,298.22,28.8,59.84
2026-03-08 22:00:00,CP-03,Running,55.08,26.9,6.8,370.23,29.08,70.4
2026-01-06 08:00:00,CP-05,Stopped,31.71,13.88,7.1,39.4,28.75,7.32
2026-03-06 03:00:00,CP-04,Running,52.41,23.1,6.49,379.78,31.62,69.67
2026-02-01 07:00:00,CP-01,Running,55.46,26.52,6.87,410.87,31.67,78.74
2026-02-04 04:00:00,CP-02,Running,52.09,23.69,6.72,381.09,31.07,69.68
2026-01-25 20:00:00,CP-04,Running,40.82,17.14,6.38,232.87,28.14,47.79
2026-01-29 03:00:00,CP-01,Running,52.74,25.09,6.92,389.95,33.08,76.49
2026-03-03 10:00:00,CP-05,Running,55.72,28.96,7.18,436.13,31.92,81.89
2026-03-03 00:00:00,CP-02,Running,48.42,21.81,6.63,316.48,30.42,65.27
2026-01-06 03:00:00,CP-05,Running,55.57,29.32,7.05,474.37,32.14,88.98
2026-01-23 09:00:00,CP-02,Running,48.52,22.23,6.81,375.06,30.73,73.08
2026-01-11 21:00:00,CP-01,Running,48.98,22.57,6.69,320.65,28.39,61.79
2026-03-16 20:00:00,CP-05,Running,52.31,26.46,6.88,359.68,28.29,69.24
2026-01-23 04:00:00,CP-04,Running,52.11,22.97,6.81,323.31,30.82,69.7
2026-03-05 08:00:00,CP-03,Running,55.71,28.11,7.02,432.54,32.0,85.68
2026-01-01 01:00:00,CP-04,Running,51.48,22.43,6.61,337.75,31.0,64.37
2026-03-27 14:00:00,CP-04,Running,50.8,21.97,6.57,287.46,29.9,61.16
2026-01-02 00:00:00,CP-02,Running,52.56,23.67,6.6,328.58,28.53,65.26
2026-01-29 06:00:00,CP-05,Running,59.07,31.06,7.1,428.01,49.47,87.37
2026-03-14 12:00:00,CP-03,Running,49.31,23.89,6.93,347.12,28.58,66.82
2026-01-28 07:00:00,CP-05,Stopped,32.42,14.08,7.13,21.21,28.81,4.24
2026-02-07 13:00:00,CP-01,Stopped,30.52,12.38,6.76,38.95,27.62,7.55
2026-01-10 11:00:00,CP-02,Running,52.67,24.11,6.73,393.25,31.53,72.58
2026-03-24 21:00:00,CP-02,Running,49.81,22.43,6.66,332.25,28.78,65.07
2026-01-24 10:00:00,CP-01,Stopped,31.93,12.95,6.76,37.78,25.75,7.76
2026-01-13 00:00:00,CP-01,Running,48.91,23.01,6.88,366.13,29.85,71.15
2026-01-25 17:00:00,CP-05,Running,49.56,24.9,6.93,317.38,27.84,66.05
2026-03-24 23:00:00,CP-04,Running,49.93,21.59,6.58,309.31,29.53,60.95
2026-03-01 07:00:00,CP-02,Running,54.51,25.27,6.9,365.77,31.46,78.63
2026-02-02 06:00:00,CP-01,Running,56.08,26.93,6.89,421.66,31.7,80.78
2026-02-15 01:00:00,CP-02,Running,49.02,21.93,6.83,321.76,30.85,62.13
2026-02-07 08:00:00,CP-05,Running,55.83,29.29,7.23,467.86,31.61,86.31
2026-03-06 23:00:00,CP-04,Running,49.45,21.56,6.53,327.7,28.89,64.65
2026-02-15 09:00:00,CP-01,Running,52.73,24.91,7.03,371.27,31.36,73.12
2026-03-19 21:00:00,CP-05,Running,51.86,26.48,6.91,377.65,28.32,73.42
2026-02-28 12:00:00,CP-02,Running,51.6,23.54,6.65,363.42,30.49,71.19
2026-01-04 20:00:00,CP-05,Running,52.3,26.4,6.88,367.88,27.96,68.24
2026-02-03 02:00:00,CP-05,Running,55.41,28.79,7.07,430.81,33.0,81.7
2026-02-23 11:00:00,CP-01,Running,52.4,24.48,6.77,331.83,30.19,68.09
2026-02-19 18:00:00,CP-01,Running,49.78,23.16,6.66,323.42,27.64,66.2
2026-01-20 01:00:00,CP-04,Stopped,29.36,11.16,6.49,32.01,28.13,6.31
2026-03-16 18:00:00,CP-03,Running,50.57,24.51,6.78,316.5,28.58,66.82
2026-03-18 00:00:00,CP-02,Running,50.21,22.72,6.65,349.63,30.5,67.4
2026-03-29 09:00:00,CP-04,Running,53.6,23.68,6.76,372.94,32.19,70.7
2026-03-30 09:00:00,CP-04,Running,47.52,20.61,6.86,305.76,32.41,62.3
2026-03-04 03:00:00,CP-05,Running,58.77,30.72,7.12,479.57,32.85,84.49
2026-03-10 05:00:00,CP-02,Running,55.0,25.3,6.75,394.97,31.42,74.86
2026-01-15 23:00:00,CP-03,Running,52.02,25.22,6.85,339.72,31.1,67.08
2026-03-04 07:00:00,CP-03,Running,55.92,27.85,7.14,400.52,32.1,79.56
2026-01-22 02:00:00,CP-01,Running,49.54,23.09,6.93,334.71,31.16,66.87
2026-01-15 18:00:00,CP-03,Running,52.99,25.69,6.64,312.13,29.39,67.05
2026-01-08 22:00:00,CP-03,Running,53.48,26.09,6.83,354.61,30.75,69.89
2026-03-24 23:00:00,CP-03,Running,51.47,25.17,6.92,337.41,29.91,70.86
2026-03-14 07:00:00,CP-04,Running,49.25,21.68,6.93,376.64,30.72,69.12
2026-03-15 22:00:00,CP-04,Running,44.29,18.89,6.56,274.77,29.49,54.81
2026-03-20 08:00:00,CP-01,Stopped,30.58,12.38,6.94,33.73,28.36,6.93
2026-03-07 16:00:00,CP-05,Running,53.24,27.05,6.88,372.05,28.83,71.18
2026-02-26 16:00:00,CP-05,Running,53.59,27.28,6.92,362.6,28.18,72.11
2026-02-12 10:00:00,CP-05,Running,58.65,30.93,7.13,464.31,32.28,88.75
2026-01-28 14:00:00,CP-01,Running,49.58,23.05,6.77,354.09,30.81,65.83
2026-01-20 14:00:00,CP-03,Running,47.39,22.96,6.86,323.94,30.2,66.8
2026-03-25 04:00:00,CP-02,Running,50.23,22.73,,313.62,33.89,67.35
2026-03-12 05:00:00,CP-01,Running,56.83,27.22,6.99,429.87,32.51,79.63
2026-01-07 21:00:00,CP-05,Running,49.5,25.21,6.95,380.66,29.46,72.29
2026-02-16 05:00:00,CP-04,Running,48.94,21.19,6.79,318.99,32.23,61.52
2026-03-13 23:00:00,CP-05,Running,54.68,27.96,6.98,370.77,29.63,74.11
2026-01-14 17:00:00,CP-02,Running,47.27,20.91,6.5,308.91,26.44,57.08
2026-01-08 00:00:00,CP-01,Running,51.54,24.0,6.84,347.87,30.16,66.59
2026-02-27 00:00:00,CP-05,Running,57.15,29.68,7.08,411.64,30.67,81.42
2026-03-19 19:00:00,CP-02,Running,46.65,20.74,6.5,293.29,27.97,59.26
2026-01-01 09:00:00,CP-04,Running,51.58,22.54,6.71,339.96,32.29,65.85
2026-03-16 16:00:00,CP-05,Running,50.6,25.82,6.96,385.46,29.04,73.11
2026-02-19 12:00:00,CP-05,Running,54.35,28.27,7.03,420.42,31.1,82.14
2026-02-14 09:00:00,CP-03,Running,58.27,29.49,7.06,453.09,30.94,87.09
